Study ID,Completion Time (s),Respondent Age,Respondent Education,Respondent Gender,Respondent Gender Other,Respondent Income,Aboriginal,Asian,Black,Caucasian,Hispanic,Ethnicity Other,Domain,Question Order Version,Current Charges,Criminal History,Substance Abuse,Employment and Living,Personality,Criminal Attitudes,Neighbourhood,Friends and Family,Social Life,Education
501,814,40-49,High School,Female,,>100000,false,false,false,true,false,,rec,fairness first,Fair,Fair,Somewhat Fair,Very Fair,Somewhat Unfair,Neutral,Somewhat Unfair,Very Unfair,Somewhat Unfair,Very Unfair
502,575,40-49,Bachelor,Male,,25000-50000,false,true,false,false,false,,rec,properties first,Somewhat Fair,Neutral,Somewhat Unfair,Unfair,Somewhat Unfair,Somewhat Fair,Unfair,Very Unfair,Very Unfair,Very Unfair
503,809,30-39,Bachelor,Male,,<25000,false,false,false,true,false,,rec,fairness first,Very Fair,Fair,Somewhat Fair,Somewhat Unfair,Somewhat Unfair,Unfair,Very Unfair,Unfair,Unfair,Very Unfair
504,1408,18-29,Bachelor,Female,,25000-50000,false,true,false,true,false,,rec,properties first,Very Fair,Very Fair,Very Fair,Somewhat Fair,Somewhat Fair,Neutral,Somewhat Unfair,Fair,Unfair,Unfair
505,2306,18-29,Bachelor,Male,,50000-75000,false,false,false,true,false,,rec,fairness first,Very Fair,Very Unfair,Somewhat Fair,Somewhat Fair,Very Fair,Unfair,Very Fair,Unfair,Unfair,Somewhat Fair
506,2012,50-59,Bachelor,Female,,>100000,false,false,false,true,false,,rec,fairness first,Very Fair,Very Fair,Somewhat Unfair,Unfair,Very Unfair,Very Unfair,Very Unfair,Very Unfair,Very Unfair,Very Unfair
507,3226,30-39,Graduate,Female,,<25000,false,false,false,true,false,,rec,properties first,Very Fair,Fair,Somewhat Fair,Somewhat Fair,Unfair,Somewhat Unfair,Somewhat Unfair,Somewhat Unfair,Unfair,Somewhat Unfair
508,766,30-39,High School,Male,,25000-50000,false,false,false,true,false,,rec,properties first,Very Fair,Very Fair,Very Fair,Very Unfair,Very Unfair,Very Unfair,Very Unfair,Very Unfair,Very Unfair,Very Unfair
509,936,40-49,High School,Female,,<25000,false,false,false,true,false,,rec,fairness first,Fair,Fair,Unfair,Somewhat Unfair,Very Unfair,Unfair,Unfair,Very Unfair,Very Unfair,Very Unfair
510,2120,30-39,Bachelor,Female,,50000-75000,false,false,true,false,false,,rec,properties first,Very Fair,Very Fair,Fair,Somewhat Fair,Somewhat Fair,Very Fair,Somewhat Unfair,Very Unfair,Somewhat Unfair,Unfair
561,2535,30-39,Bachelor,Male,,25000-50000,false,false,false,true,false,,rec,fairness first,Very Fair,Neutral,Somewhat Unfair,Somewhat Fair,Fair,Somewhat Fair,Neutral,Very Unfair,Very Unfair,Very Unfair
562,667,30-39,Associate or Diploma,Male,,25000-50000,false,false,false,true,false,,rec,fairness first,Very Fair,Very Fair,Very Fair,Neutral,Somewhat Unfair,Fair,Neutral,Fair,Unfair,Unfair
563,1819,60-69,High School,Female,,50000-75000,false,false,false,true,false,,rec,properties first,Very Fair,Very Fair,Somewhat Fair,Somewhat Fair,Fair,Very Fair,Very Unfair,Somewhat Unfair,Somewhat Unfair,Very Unfair
564,1364,30-39,Graduate,Male,,50000-75000,false,false,false,true,false,,rec,fairness first,Fair,Fair,Somewhat Unfair,Very Unfair,Very Unfair,Very Unfair,Very Unfair,Very Unfair,Very Unfair,Very Unfair
565,1746,40-49,High School,Female,,<25000,false,false,true,false,false,,rec,fairness first,Fair,Very Fair,Very Fair,Very Fair,Fair,Very Fair,Fair,Very Unfair,Neutral,Neutral
566,427,50-59,Bachelor,Male,,<25000,false,true,false,false,false,,rec,properties first,Very Fair,Fair,Unfair,Somewhat Unfair,Unfair,Fair,Neutral,Unfair,Unfair,Unfair
567,900,50-59,Associate or Diploma,Female,,25000-50000,false,false,false,true,false,,rec,properties first,Somewhat Fair,Somewhat Fair,Somewhat Fair,Somewhat Unfair,Neutral,Somewhat Fair,Unfair,Somewhat Fair,Somewhat Unfair,Unfair
568,1904,40-49,High School,Male,,<25000,false,false,false,true,false,,rec,fairness first,Very Fair,Very Fair,Very Fair,Very Fair,Unfair,Unfair,Somewhat Unfair,Fair,Unfair,Very Unfair
569,1008,50-59,Graduate,Female,,>100000,false,false,false,true,false,,rec,properties first,Very Fair,Very Fair,Very Fair,Very Fair,Very Fair,Very Fair,Very Fair,Very Fair,Very Fair,Very Fair
570,1528,18-29,Bachelor,Male,,25000-50000,false,false,false,true,false,,rec,properties first,Very Fair,Fair,Somewhat Unfair,Somewhat Fair,Unfair,Somewhat Unfair,Very Unfair,Unfair,Very Unfair,Unfair
571,2149,50-59,Associate or Diploma,Female,,>100000,false,false,false,true,false,,rec,fairness first,Fair,Very Fair,Somewhat Fair,Somewhat Fair,Unfair,Somewhat Fair,Very Unfair,Very Unfair,Unfair,Very Unfair
572,836,40-49,Bachelor,Female,,<25000,false,false,true,false,false,,rec,properties first,Very Fair,Fair,Somewhat Fair,Fair,Neutral,Somewhat Fair,Very Unfair,Very Unfair,Very Unfair,Somewhat Unfair
573,958,50-59,High School,Female,,50000-75000,false,true,false,false,false,,rec,fairness first,Somewhat Unfair,Neutral,Unfair,Very Fair,Neutral,Fair,Neutral,Fair,Somewhat Unfair,Neutral
574,3066,30-39,Graduate,Male,,>100000,false,false,false,true,false,,rec,fairness first,Fair,Very Fair,Somewhat Unfair,Very Fair,Fair,Very Fair,Fair,Somewhat Fair,Fair,Somewhat Fair
575,749,30-39,Bachelor,Male,,25000-50000,false,false,false,true,false,,rec,properties first,Very Fair,Very Fair,Very Fair,Somewhat Fair,Somewhat Unfair,Fair,Fair,Somewhat Fair,Very Unfair,Unfair
576,1988,40-49,Bachelor,Male,,<25000,false,true,false,false,false,,rec,properties first,Somewhat Unfair,Fair,Fair,Very Unfair,Very Unfair,Neutral,Very Unfair,Fair,Very Unfair,Very Unfair
577,1057,50-59,Bachelor,Female,,50000-75000,false,false,false,true,false,,rec,fairness first,Fair,Fair,Fair,Fair,Fair,Neutral,Somewhat Fair,Unfair,Unfair,Unfair
579,783,30-39,Bachelor,Male,,50000-75000,false,true,false,false,false,,rec,fairness first,Very Fair,Very Fair,Very Fair,Very Fair,Somewhat Unfair,Very Fair,Neutral,Somewhat Unfair,Somewhat Unfair,Neutral
580,609,30-39,High School,Female,,25000-50000,false,false,false,true,false,,rec,properties first,Fair,Fair,Neutral,Somewhat Fair,Somewhat Fair,Somewhat Fair,Very Unfair,Very Unfair,Unfair,Unfair
581,591,30-39,High School,Female,,25000-50000,false,false,false,true,false,,rec,fairness first,Somewhat Fair,Somewhat Fair,Neutral,Neutral,Somewhat Fair,Neutral,Very Unfair,Very Unfair,Somewhat Unfair,Unfair
582,863,40-49,Bachelor,Male,,75000-100000,false,true,false,false,false,,rec,fairness first,Very Fair,Very Fair,Very Fair,Fair,Very Fair,Very Fair,Somewhat Fair,Very Unfair,Fair,Fair
583,382,30-39,High School,Male,,25000-50000,false,false,false,true,false,,rec,properties first,Fair,Somewhat Fair,Somewhat Unfair,Unfair,Somewhat Unfair,Somewhat Unfair,Unfair,Very Unfair,Unfair,Unfair
584,1329,50-59,Bachelor,Female,,50000-75000,false,false,false,true,false,,rec,properties first,Very Fair,Very Fair,Very Fair,Very Fair,Somewhat Unfair,Fair,Somewhat Fair,Somewhat Fair,Neutral,Somewhat Fair
585,1545,40-49,High School,Male,,25000-50000,false,false,false,true,false,,rec,properties first,Very Fair,Very Fair,Very Fair,Very Fair,Somewhat Fair,Very Fair,Fair,Somewhat Fair,Fair,Neutral
586,1967,30-39,Associate or Diploma,Nonbinary,,<25000,false,false,false,true,false,,rec,properties first,Fair,Fair,Somewhat Unfair,Very Fair,Unfair,Somewhat Fair,Somewhat Unfair,Somewhat Unfair,Somewhat Unfair,Somewhat Fair
587,909,40-49,Associate or Diploma,Female,,50000-75000,false,false,false,true,false,,rec,properties first,Very Fair,Very Fair,Neutral,Very Unfair,Neutral,Neutral,Very Unfair,Very Unfair,Very Unfair,Very Unfair
588,2331,40-49,Associate or Diploma,Female,,25000-50000,false,false,false,true,false,,rec,properties first,Very Fair,Fair,Very Fair,Fair,Somewhat Fair,Somewhat Fair,Somewhat Fair,Somewhat Fair,Somewhat Fair,Neutral
589,446,30-39,Bachelor,Male,,25000-50000,false,false,false,true,false,,rec,fairness first,Somewhat Fair,Fair,Somewhat Fair,Very Unfair,Unfair,Very Unfair,Very Unfair,Very Unfair,Very Unfair,Very Unfair
590,2442,30-39,Bachelor,Male,,50000-75000,false,false,false,true,false,,rec,fairness first,Very Fair,Very Fair,Very Fair,Fair,Somewhat Fair,Somewhat Fair,Unfair,Unfair,Very Unfair,Very Unfair
591,1885,30-39,High School,Female,,50000-75000,false,false,true,false,false,,rec,fairness first,Very Fair,Very Fair,Very Fair,Neutral,Unfair,Very Fair,Very Unfair,Very Unfair,Somewhat Fair,Unfair
593,746,18-29,High School,Female,,50000-75000,false,false,false,false,true,,rec,fairness first,Very Fair,Fair,Somewhat Fair,Fair,Unfair,Somewhat Unfair,Very Unfair,Unfair,Unfair,Very Unfair
594,1369,30-39,Bachelor,Male,,50000-75000,false,false,false,true,false,,rec,properties first,Very Fair,Very Fair,Fair,Fair,Very Unfair,Somewhat Unfair,Very Unfair,Somewhat Fair,Unfair,Unfair
595,468,40-49,Graduate,Male,,>100000,false,false,false,true,false,,rec,properties first,Very Fair,Very Fair,Fair,Somewhat Fair,Neutral,Fair,Unfair,Unfair,Unfair,Unfair
596,310,30-39,Bachelor,Male,,>100000,false,false,false,true,false,,rec,fairness first,Fair,Very Fair,Very Fair,Very Fair,Neutral,Somewhat Fair,Very Unfair,Unfair,Somewhat Unfair,Fair
597,1853,18-29,Bachelor,Male,,25000-50000,false,false,false,true,false,,rec,properties first,Very Fair,Very Fair,Fair,Neutral,Very Fair,Somewhat Fair,Neutral,Fair,Very Fair,Neutral
598,1980,40-49,Bachelor,Female,,25000-50000,false,false,false,true,false,,rec,properties first,Very Fair,Very Fair,Very Fair,Fair,Unfair,Somewhat Fair,Somewhat Fair,Very Unfair,Somewhat Fair,Unfair
599,1097,30-39,Graduate,Male,,>100000,false,false,false,true,false,,rec,fairness first,Very Fair,Very Fair,Fair,Fair,Neutral,Very Fair,Somewhat Unfair,Fair,Unfair,Fair
600,1709,40-49,High School,Male,,<25000,false,false,false,false,false,White American,rec,fairness first,Somewhat Fair,Somewhat Fair,Somewhat Fair,Somewhat Fair,Somewhat Unfair,Somewhat Fair,Unfair,Very Unfair,Unfair,Unfair
601,618,30-39,Graduate,Female,,<25000,false,true,false,false,false,,rec,properties first,Very Fair,Fair,Fair,Somewhat Unfair,Unfair,Somewhat Fair,Very Fair,Unfair,Somewhat Unfair,Unfair
602,430,40-49,Bachelor,Female,,>100000,false,false,false,true,false,,rec,fairness first,Somewhat Fair,Fair,Somewhat Unfair,Somewhat Fair,Somewhat Fair,Neutral,Somewhat Unfair,Unfair,Unfair,Somewhat Unfair
603,1140,40-49,Bachelor,Female,,75000-100000,false,false,false,true,false,,rec,fairness first,Very Fair,Very Fair,Very Fair,Fair,Fair,Fair,Unfair,Unfair,Fair,Unfair
604,1453,30-39,Graduate,Female,,<25000,false,true,false,false,false,,rec,properties first,Somewhat Fair,Very Fair,Very Fair,Somewhat Fair,Unfair,Fair,Fair,Unfair,Somewhat Fair,Very Unfair
605,533,18-29,Bachelor,Female,,>100000,false,false,false,true,false,,rec,properties first,Very Fair,Very Fair,Somewhat Fair,Somewhat Fair,Very Unfair,Fair,Unfair,Unfair,Very Unfair,Fair
606,809,40-49,Graduate,Female,,>100000,false,false,false,true,false,,rec,fairness first,Somewhat Fair,Very Fair,Somewhat Fair,Unfair,Somewhat Unfair,Very Fair,Unfair,Very Unfair,Very Unfair,Very Unfair
607,745,60-69,Graduate,Male,,>100000,false,false,false,true,false,,rec,properties first,Very Fair,Very Fair,Fair,Fair,Somewhat Fair,Fair,Somewhat Fair,Somewhat Fair,Somewhat Fair,Fair
608,501,40-49,Bachelor,Female,,25000-50000,false,true,false,false,false,,rec,properties first,Very Fair,Fair,Somewhat Fair,Unfair,Very Unfair,Neutral,Very Unfair,Very Unfair,Very Unfair,Very Unfair
609,1479,30-39,High School,Male,,25000-50000,false,false,false,true,false,,rec,fairness first,Very Fair,Very Fair,Fair,Fair,Fair,Somewhat Unfair,Somewhat Unfair,Unfair,Unfair,Unfair
610,1145,30-39,Associate or Diploma,Male,,75000-100000,false,false,false,true,false,,rec,properties first,Very Fair,Very Fair,Fair,Very Unfair,Somewhat Unfair,Fair,Somewhat Fair,Somewhat Unfair,Very Unfair,Very Unfair
612,642,30-39,High School,Male,,25000-50000,false,false,false,true,false,,rec,properties first,Fair,Fair,Somewhat Fair,Somewhat Unfair,Somewhat Unfair,Neutral,Somewhat Unfair,Somewhat Fair,Unfair,Unfair
613,916,30-39,Bachelor,Female,,25000-50000,false,false,false,true,false,,rec,properties first,Very Fair,Very Fair,Very Fair,Somewhat Fair,Somewhat Fair,Very Fair,Very Fair,Fair,Somewhat Fair,Fair
614,2013,50-59,Associate or Diploma,Female,,25000-50000,false,false,false,true,false,,rec,fairness first,Very Fair,Fair,Somewhat Fair,Very Unfair,Unfair,Somewhat Unfair,Very Unfair,Somewhat Fair,Very Unfair,Very Unfair
615,2290,30-39,High School,Male,,25000-50000,false,true,false,false,false,,rec,properties first,Very Fair,Very Fair,Fair,Somewhat Fair,Fair,Very Fair,Neutral,Very Unfair,Fair,Very Unfair
616,731,30-39,Associate or Diploma,Female,,25000-50000,false,false,false,true,false,,rec,properties first,Very Fair,Very Fair,Very Fair,Somewhat Fair,Neutral,Very Fair,Fair,Very Fair,Very Unfair,Very Unfair
617,1009,30-39,Bachelor,Male,,75000-100000,false,true,false,false,false,,rec,fairness first,Very Fair,Fair,Neutral,Somewhat Fair,Somewhat Unfair,Somewhat Unfair,Somewhat Unfair,Unfair,Unfair,Very Unfair
618,749,18-29,Bachelor,Male,,50000-75000,false,false,false,true,false,,rec,fairness first,Very Fair,Very Fair,Very Fair,Somewhat Unfair,Very Fair,Somewhat Unfair,Very Unfair,Very Unfair,Neutral,Somewhat Unfair
619,1872,30-39,Bachelor,Male,,50000-75000,false,false,false,true,false,,rec,fairness first,Fair,Very Fair,Fair,Fair,Fair,Very Fair,Fair,Fair,Somewhat Fair,Somewhat Fair
620,904,30-39,High School,Male,,<25000,false,false,false,true,false,,rec,properties first,Fair,Somewhat Fair,Very Fair,Unfair,Very Unfair,Neutral,Very Unfair,Very Unfair,Very Unfair,Very Unfair
621,1582,18-29,Bachelor,Male,,<25000,false,true,false,false,false,,rec,fairness first,Unfair,Very Fair,Very Fair,Fair,Somewhat Fair,Very Fair,Very Fair,Fair,Somewhat Unfair,Somewhat Unfair
622,492,18-29,Associate or Diploma,Male,,50000-75000,false,false,false,true,false,,rec,fairness first,Fair,Fair,Somewhat Fair,Neutral,Neutral,Neutral,Somewhat Unfair,Somewhat Unfair,Somewhat Fair,Somewhat Unfair
623,994,18-29,Bachelor,Female,,<25000,false,true,false,false,false,,rec,fairness first,Neutral,Somewhat Unfair,Somewhat Fair,Somewhat Fair,Unfair,Somewhat Fair,Unfair,Unfair,Somewhat Fair,Neutral
624,2101,30-39,Bachelor,Female,,75000-100000,false,false,false,true,false,,rec,properties first,Fair,Fair,Neutral,Somewhat Fair,Unfair,Neutral,Somewhat Unfair,Unfair,Somewhat Unfair,Very Unfair
625,595,18-29,High School,Female,,50000-75000,false,false,true,false,false,,rec,properties first,Very Fair,Somewhat Fair,Very Unfair,Very Unfair,Very Unfair,Somewhat Unfair,Very Unfair,Very Unfair,Very Unfair,Very Unfair
626,2012,30-39,Associate or Diploma,Female,,25000-50000,false,false,false,true,false,,rec,properties first,Very Fair,Very Fair,Very Fair,Somewhat Fair,Somewhat Unfair,Fair,Unfair,Unfair,Unfair,Very Unfair
627,1741,30-39,Graduate,Male,,50000-75000,false,true,false,false,false,,rec,properties first,Very Fair,Very Fair,Very Fair,Somewhat Unfair,Fair,Fair,Somewhat Fair,Fair,Somewhat Fair,Unfair
628,1087,,,,,,false,false,false,false,false,,rec,properties first,,,,,,,,,,
629,1026,30-39,High School,Male,,25000-50000,false,false,false,true,false,,rec,fairness first,Very Fair,Very Fair,Somewhat Unfair,Very Unfair,Very Unfair,Very Unfair,Very Unfair,Very Unfair,Very Unfair,Very Unfair
630,1973,40-49,Bachelor,Male,,50000-75000,false,false,false,true,false,,rec,properties first,Very Fair,Fair,Somewhat Fair,Neutral,Unfair,Unfair,Unfair,Very Unfair,Unfair,Unfair
631,481,,Associate or Diploma,Male,,25000-50000,false,false,false,false,true,,rec,fairness first,Very Fair,Very Fair,Very Fair,Very Fair,Neutral,Somewhat Unfair,Somewhat Unfair,Somewhat Fair,Neutral,Neutral
632,585,60-69,Associate or Diploma,Female,,25000-50000,false,false,false,true,false,,rec,properties first,Very Fair,Very Fair,Very Fair,Very Fair,Somewhat Fair,Fair,Somewhat Fair,Very Fair,Somewhat Fair,Somewhat Fair
633,1674,30-39,High School,Female,,75000-100000,false,false,false,true,false,,rec,fairness first,Very Fair,Fair,Fair,Fair,Neutral,Somewhat Fair,Somewhat Fair,Unfair,Fair,Neutral
1661,1603,30-39,High School,Female,,<25000,false,false,false,true,false,,rec,properties first,Very Fair,Very Fair,Fair,Somewhat Fair,Unfair,Neutral,Unfair,Very Unfair,Unfair,Very Unfair
1662,350,30-39,Bachelor,Male,,25000-50000,false,false,false,true,false,,rec,fairness first,Very Unfair,Unfair,Somewhat Fair,Somewhat Unfair,Very Unfair,Unfair,Somewhat Unfair,Very Unfair,Somewhat Fair,Very Unfair
1663,1495,40-49,Bachelor,Female,,25000-50000,false,false,false,false,true,,rec,fairness first,Neutral,Neutral,Neutral,Somewhat Fair,Somewhat Fair,Neutral,Somewhat Fair,Neutral,Neutral,Somewhat Fair
1664,653,18-29,Bachelor,Female,,25000-50000,false,false,false,true,false,,rec,properties first,Very Fair,Somewhat Fair,Somewhat Unfair,Somewhat Unfair,Very Unfair,Somewhat Unfair,Very Unfair,Very Unfair,Very Unfair,Neutral
1665,2304,18-29,Bachelor,Male,,<25000,false,true,false,false,false,,rec,properties first,Somewhat Fair,Unfair,Unfair,Unfair,Somewhat Unfair,Neutral,Somewhat Unfair,Somewhat Unfair,Neutral,Very Unfair
1666,1223,40-49,Bachelor,Female,,50000-75000,false,true,false,false,false,,rec,properties first,Very Fair,Fair,Somewhat Fair,Neutral,Unfair,Neutral,Somewhat Unfair,Somewhat Unfair,Somewhat Unfair,Very Unfair
1667,1571,40-49,Bachelor,Female,,50000-75000,false,false,false,true,false,,rec,fairness first,Very Fair,Fair,Somewhat Unfair,Somewhat Fair,Unfair,Unfair,Somewhat Unfair,Very Unfair,Somewhat Fair,Very Unfair
1668,450,30-39,Bachelor,Female,,75000-100000,false,true,false,false,false,,rec,properties first,Very Fair,Somewhat Fair,Somewhat Fair,Very Unfair,Unfair,Neutral,Unfair,Unfair,Very Unfair,Very Unfair
1669,834,60-69,Associate or Diploma,Female,,25000-50000,false,false,false,true,false,,rec,properties first,Very Fair,Very Fair,Somewhat Unfair,Fair,Very Unfair,Somewhat Unfair,Very Unfair,Very Unfair,Very Unfair,Very Unfair
1670,1510,40-49,Graduate,Female,,>100000,false,false,false,true,false,,rec,properties first,Very Fair,Very Fair,Fair,Fair,Somewhat Fair,Fair,Somewhat Unfair,Somewhat Fair,Somewhat Unfair,Fair
1671,796,40-49,Bachelor,Female,,25000-50000,false,false,false,true,false,,rec,properties first,Neutral,Fair,Neutral,Somewhat Unfair,Very Fair,Somewhat Fair,Fair,Very Fair,Neutral,Very Fair
1672,644,30-39,Bachelor,Male,,75000-100000,false,false,false,true,false,,rec,fairness first,Very Fair,Fair,Somewhat Unfair,Unfair,Unfair,Unfair,Very Unfair,Very Unfair,Unfair,Very Unfair
1673,790,50-59,Associate or Diploma,Male,,25000-50000,false,false,false,true,false,,rec,fairness first,Neutral,Neutral,Fair,Somewhat Fair,Very Fair,Unfair,Neutral,Very Fair,Fair,Somewhat Fair
1674,771,18-29,High School,Female,,75000-100000,false,false,false,false,true,,rec,properties first,Very Fair,Fair,Neutral,Somewhat Unfair,Very Unfair,Very Unfair,Very Unfair,Very Unfair,Unfair,Somewhat Unfair
1675,2466,18-29,Bachelor,Female,,25000-50000,false,false,true,false,false,,rec,fairness first,Very Fair,Fair,Unfair,Unfair,Very Unfair,Unfair,Somewhat Unfair,Very Unfair,Very Unfair,Very Unfair
1676,2782,30-39,Bachelor,Male,,50000-75000,false,false,false,true,false,,rec,fairness first,Somewhat Fair,Fair,Somewhat Unfair,Neutral,Somewhat Unfair,Somewhat Fair,Neutral,Somewhat Fair,Somewhat Unfair,Fair
1677,2704,40-49,Bachelor,Female,,75000-100000,false,false,false,true,false,,rec,fairness first,Neutral,Fair,Unfair,Neutral,Somewhat Fair,Neutral,Neutral,Neutral,Neutral,Somewhat Fair
1678,635,40-49,Bachelor,Male,,75000-100000,false,false,false,true,false,,rec,properties first,Very Fair,Very Fair,Somewhat Fair,Somewhat Unfair,Unfair,Fair,Unfair,Somewhat Unfair,Somewhat Unfair,Unfair
1679,3036,30-39,Bachelor,Male,,<25000,false,true,false,false,false,,rec,fairness first,Fair,Neutral,Neutral,Fair,Neutral,Neutral,Somewhat Fair,Somewhat Fair,Very Fair,Neutral
1681,879,30-39,High School,Male,,25000-50000,false,false,true,false,false,,rec,fairness first,Fair,Very Fair,Unfair,Unfair,Somewhat Fair,Very Fair,Very Unfair,Very Unfair,Very Unfair,Very Unfair
1682,454,50-59,Bachelor,Male,,50000-75000,false,false,false,true,false,,rec,properties first,Very Fair,Very Fair,Fair,Somewhat Fair,Fair,Somewhat Fair,Neutral,Very Unfair,Unfair,Unfair
1683,2489,18-29,Bachelor,Male,,50000-75000,false,false,true,false,false,,rec,properties first,Very Fair,Very Fair,Very Fair,Somewhat Unfair,Very Unfair,Fair,Somewhat Fair,Fair,Somewhat Fair,Somewhat Unfair
1684,503,18-29,High School,Male,,25000-50000,false,false,false,true,false,,rec,properties first,Fair,Very Fair,Somewhat Fair,Very Unfair,Somewhat Fair,Fair,Somewhat Unfair,Unfair,Somewhat Unfair,Very Unfair
1685,2815,30-39,Bachelor,Male,,50000-75000,false,false,true,false,false,,rec,fairness first,Somewhat Fair,Somewhat Fair,Somewhat Unfair,Fair,Very Unfair,Somewhat Fair,Somewhat Fair,Very Unfair,Somewhat Unfair,Somewhat Unfair
1686,2649,18-29,Bachelor,Male,,25000-50000,false,true,false,false,false,,rec,properties first,Very Unfair,Very Unfair,Somewhat Unfair,Unfair,Neutral,Unfair,Unfair,Very Unfair,Very Unfair,Very Unfair
1687,2983,18-29,Bachelor,Male,,50000-75000,false,false,false,true,false,,rec,properties first,Neutral,Somewhat Unfair,Neutral,Somewhat Fair,Somewhat Unfair,Neutral,Neutral,Somewhat Fair,Neutral,Neutral
1688,995,40-49,Bachelor,Female,,50000-75000,false,false,false,true,false,,rec,fairness first,Very Fair,Very Fair,Somewhat Fair,Somewhat Unfair,Neutral,Somewhat Fair,Unfair,Somewhat Unfair,Somewhat Unfair,Unfair
1689,454,18-29,Bachelor,Male,,50000-75000,false,false,true,false,false,,rec,fairness first,Very Fair,Very Fair,Somewhat Unfair,Very Fair,Somewhat Fair,Somewhat Fair,Very Fair,Somewhat Fair,Very Fair,Very Unfair
1690,1056,30-39,Bachelor,Female,,75000-100000,false,false,false,true,false,,rec,properties first,Very Fair,Very Fair,Fair,Fair,Somewhat Fair,Somewhat Fair,Somewhat Unfair,Neutral,Neutral,Unfair
1691,573,30-39,High School,Female,,50000-75000,false,false,false,true,false,,rec,fairness first,Somewhat Fair,Very Fair,Neutral,Somewhat Fair,Fair,Very Fair,Neutral,Somewhat Fair,Fair,Neutral
1692,1833,30-39,Bachelor,Female,,50000-75000,false,false,true,false,false,,rec,properties first,Somewhat Fair,Somewhat Unfair,Very Fair,Fair,Somewhat Fair,Neutral,Fair,Fair,Somewhat Unfair,Somewhat Fair
1693,796,30-39,Graduate,Female,,50000-75000,false,false,false,true,false,,rec,properties first,Very Fair,Fair,Unfair,Somewhat Unfair,Unfair,Neutral,Very Unfair,Unfair,Very Unfair,Very Unfair
1694,789,18-29,Bachelor,Male,,<25000,false,false,false,true,false,,rec,properties first,Somewhat Unfair,Very Fair,Very Fair,Very Unfair,Fair,Fair,Very Unfair,Somewhat Unfair,Fair,Very Unfair
1695,929,70 up,Bachelor,Male,,50000-75000,false,false,false,true,false,,rec,fairness first,Fair,Very Fair,Fair,Somewhat Fair,Somewhat Unfair,Somewhat Unfair,Somewhat Fair,Somewhat Fair,Unfair,Very Unfair
1696,624,30-39,Bachelor,Male,,<25000,false,false,true,true,false,,rec,fairness first,Fair,Fair,Somewhat Unfair,Unfair,Unfair,Neutral,Very Unfair,Very Unfair,Unfair,Somewhat Fair
1697,864,60-69,High School,Female,,25000-50000,false,false,false,true,false,,rec,fairness first,Unfair,Very Fair,Very Fair,Very Fair,Somewhat Fair,Somewhat Fair,Somewhat Unfair,Somewhat Fair,Somewhat Unfair,Unfair
1698,1987,30-39,Graduate,Male,,50000-75000,false,false,false,true,false,,rec,fairness first,Somewhat Fair,Fair,Somewhat Unfair,Fair,Somewhat Fair,Fair,Somewhat Fair,Somewhat Unfair,Somewhat Fair,Somewhat Fair
1699,3291,70 up,Bachelor,Male,,25000-50000,false,false,false,true,false,,rec,properties first,Very Fair,Very Fair,Neutral,Somewhat Fair,Fair,Fair,Unfair,Somewhat Fair,Unfair,Somewhat Unfair
1700,2698,30-39,Bachelor,Male,,>100000,false,false,false,true,false,,rec,fairness first,Somewhat Unfair,Somewhat Fair,Somewhat Unfair,Unfair,Very Unfair,Somewhat Fair,Very Unfair,Very Unfair,Somewhat Fair,Very Unfair
1701,2526,30-39,Graduate,Male,,25000-50000,false,true,false,false,false,,rec,properties first,Very Unfair,Very Unfair,Very Unfair,Very Unfair,Somewhat Unfair,Very Unfair,Very Unfair,Very Unfair,Unfair,Neutral
1702,2221,70 up,High School,Female,,<25000,false,false,false,true,false,,rec,fairness first,Very Fair,Very Fair,Neutral,Somewhat Fair,Neutral,Unfair,Fair,Very Unfair,Very Unfair,Very Unfair
1703,2946,50-59,Bachelor,Male,,75000-100000,false,false,false,true,false,,rec,properties first,Somewhat Unfair,Neutral,Neutral,Neutral,Somewhat Unfair,Somewhat Unfair,Neutral,Neutral,Somewhat Unfair,Somewhat Unfair
1704,1756,30-39,High School,Male,,25000-50000,false,false,false,true,false,,rec,properties first,Somewhat Fair,Somewhat Fair,Unfair,Very Unfair,Very Unfair,Very Unfair,Very Unfair,Very Unfair,Very Unfair,Very Unfair
1705,1808,18-29,Bachelor,Male,,25000-50000,false,true,false,false,false,,rec,properties first,Somewhat Fair,Unfair,Fair,Very Fair,Very Fair,Unfair,Very Fair,Unfair,Very Fair,Very Fair
1706,971,30-39,Associate or Diploma,Male,,<25000,false,false,false,true,false,,rec,properties first,Very Unfair,Very Fair,Fair,Fair,Unfair,Somewhat Unfair,Unfair,Unfair,Neutral,Unfair
1707,1743,30-39,Bachelor,Female,,<25000,false,false,false,true,false,,rec,fairness first,Very Fair,Fair,Very Unfair,Very Unfair,Very Unfair,Unfair,Very Unfair,Very Unfair,Very Unfair,Very Unfair
1708,3172,30-39,Bachelor,Male,,50000-75000,false,true,false,false,false,,rec,fairness first,Fair,Very Fair,Very Fair,Fair,Neutral,Somewhat Fair,Unfair,Somewhat Unfair,Somewhat Fair,Somewhat Unfair
1709,1839,18-29,Bachelor,Female,,25000-50000,false,false,false,true,false,,rec,properties first,Somewhat Unfair,Very Fair,Fair,Somewhat Unfair,Unfair,Very Fair,Somewhat Unfair,Unfair,Very Unfair,Somewhat Fair
1710,771,18-29,High School,Male,,25000-50000,false,true,false,false,false,,rec,properties first,Neutral,Somewhat Fair,Somewhat Unfair,Somewhat Unfair,Unfair,Somewhat Unfair,Neutral,Unfair,Unfair,Unfair
1711,802,50-59,Bachelor,Male,,75000-100000,false,false,false,true,false,,rec,fairness first,Somewhat Fair,Very Unfair,Somewhat Unfair,Somewhat Unfair,Unfair,Somewhat Fair,Unfair,Very Unfair,Unfair,Very Unfair
1712,442,18-29,Bachelor,Male,,75000-100000,false,false,true,false,false,,rec,fairness first,Fair,Fair,Unfair,Fair,Fair,Neutral,Very Unfair,Somewhat Fair,Unfair,Fair
1713,2389,30-39,Bachelor,Male,,25000-50000,false,true,false,false,false,,rec,fairness first,Very Fair,Very Fair,Fair,Somewhat Unfair,Very Fair,Very Fair,Fair,Unfair,Somewhat Unfair,Unfair
1714,2516,30-39,High School,Male,,50000-75000,false,false,true,false,false,,rec,properties first,Very Fair,Very Fair,Very Fair,Somewhat Unfair,Fair,Somewhat Fair,Very Unfair,Very Fair,Somewhat Fair,Very Unfair
1715,575,30-39,Bachelor,Male,,25000-50000,false,true,false,false,false,,rec,fairness first,Somewhat Unfair,Fair,Neutral,Neutral,Fair,Somewhat Fair,Somewhat Fair,Somewhat Fair,Somewhat Fair,Unfair
1717,409,30-39,Bachelor,Male,,25000-50000,false,true,false,false,false,,rec,properties first,Very Fair,Somewhat Fair,Somewhat Fair,Neutral,Fair,Somewhat Fair,Very Fair,Somewhat Fair,Very Fair,Neutral
1718,3299,30-39,Bachelor,Male,,25000-50000,false,true,false,false,false,,rec,properties first,Somewhat Fair,Fair,Somewhat Fair,Somewhat Fair,Somewhat Fair,Fair,Somewhat Fair,Fair,Neutral,Somewhat Fair
1719,2766,40-49,Bachelor,Female,,75000-100000,false,false,false,true,false,,rec,fairness first,Somewhat Unfair,Somewhat Unfair,Somewhat Unfair,Somewhat Fair,Unfair,Neutral,Neutral,Neutral,Neutral,
1720,936,30-39,Graduate,Male,,>100000,false,false,false,false,true,,rec,properties first,Very Fair,Fair,Somewhat Fair,Unfair,Unfair,Unfair,Unfair,Unfair,Unfair,Very Unfair
1721,1053,18-29,High School,Male,,<25000,false,false,false,true,false,,rec,fairness first,Fair,Somewhat Fair,Very Unfair,Very Unfair,Very Unfair,Very Unfair,Very Unfair,Very Unfair,Very Unfair,Very Unfair
1722,627,30-39,Bachelor,Female,,<25000,false,false,false,true,false,,rec,properties first,Very Fair,Very Fair,Somewhat Fair,Neutral,Very Unfair,Very Fair,Somewhat Unfair,Somewhat Fair,Very Unfair,Very Unfair
1723,3297,50-59,Bachelor,Female,,25000-50000,false,false,false,true,false,,rec,fairness first,,Very Fair,Very Fair,Very Fair,Very Fair,Very Fair,Somewhat Fair,Very Fair,Unfair,Very Unfair
1724,3065,18-29,High School,Male,,50000-75000,false,false,false,true,false,,rec,fairness first,Neutral,Neutral,Somewhat Unfair,Somewhat Unfair,Unfair,Somewhat Unfair,Neutral,Unfair,Unfair,Unfair
1725,1207,18-29,Bachelor,Male,,50000-75000,false,false,false,false,true,,rec,fairness first,Neutral,Neutral,Neutral,Very Fair,Fair,Somewhat Fair,Neutral,Fair,Fair,Very Fair
1726,2249,18-29,Bachelor,Male,,25000-50000,false,true,false,false,false,,rec,properties first,Somewhat Fair,,Somewhat Unfair,Very Fair,Very Fair,Unfair,Very Fair,Unfair,Very Fair,Very Fair
1727,1051,30-39,Bachelor,Female,,50000-75000,false,false,false,true,true,,rec,properties first,Somewhat Fair,Very Fair,Somewhat Fair,Somewhat Fair,Fair,Very Fair,Somewhat Fair,Somewhat Fair,Somewhat Fair,Very Unfair
1728,2881,18-29,Bachelor,Male,,25000-50000,false,true,false,false,false,,rec,fairness first,Very Fair,Somewhat Fair,Somewhat Fair,Somewhat Fair,Unfair,Somewhat Fair,Somewhat Unfair,Somewhat Unfair,Very Fair,Unfair
1729,1854,30-39,Bachelor,Female,,<25000,false,false,false,true,false,,rec,properties first,Somewhat Fair,Very Fair,Very Fair,Fair,Fair,Fair,Fair,Very Fair,Somewhat Fair,Fair
1730,1815,18-29,Graduate,Female,,25000-50000,false,true,false,false,false,,rec,fairness first,Fair,Very Unfair,Very Unfair,Somewhat Fair,Very Unfair,Very Unfair,Neutral,Very Unfair,Very Fair,Fair
1731,1692,60-69,Graduate,Male,,50000-75000,false,false,false,true,false,,rec,properties first,Very Fair,Very Fair,Fair,Very Fair,Somewhat Fair,Very Fair,Unfair,Unfair,Somewhat Fair,Neutral
1732,763,18-29,Bachelor,Female,,25000-50000,false,true,false,false,false,,rec,fairness first,Fair,Fair,Very Fair,,Fair,Very Fair,Somewhat Fair,Very Fair,Fair,Very Fair
1733,1238,30-39,Graduate,Male,,50000-75000,false,true,false,false,false,,rec,properties first,Very Fair,Very Fair,Somewhat Fair,Neutral,Somewhat Fair,Somewhat Unfair,Somewhat Fair,Unfair,Somewhat Fair,Somewhat Fair
1734,923,30-39,High School,Female,,25000-50000,false,false,false,true,false,,rec,properties first,Fair,Somewhat Fair,Very Unfair,Unfair,Very Unfair,Neutral,Very Unfair,Somewhat Fair,Unfair,Very Unfair
1735,1467,30-39,Bachelor,Male,,25000-50000,false,true,false,false,false,,rec,properties first,Fair,Somewhat Fair,Somewhat Fair,Neutral,Somewhat Fair,Somewhat Fair,Somewhat Fair,Somewhat Fair,Fair,Fair
1736,1034,40-49,Associate or Diploma,Male,,50000-75000,false,false,false,true,false,,rec,properties first,Very Fair,Very Fair,Somewhat Fair,Somewhat Fair,Fair,Somewhat Fair,Neutral,Unfair,Very Unfair,Very Unfair
1737,1065,30-39,High School,Male,,25000-50000,false,false,false,true,false,,rec,properties first,Neutral,Somewhat Unfair,Somewhat Unfair,Somewhat Unfair,Unfair,Somewhat Unfair,Somewhat Fair,Somewhat Unfair,Somewhat Unfair,Somewhat Unfair
1738,918,30-39,Graduate,Male,,<25000,false,true,false,false,false,,rec,properties first,Fair,Fair,Somewhat Fair,Fair,Somewhat Unfair,Fair,Somewhat Fair,,Somewhat Unfair,Fair
1739,635,30-39,Graduate,Female,,25000-50000,false,false,false,true,false,,rec,properties first,Very Fair,Somewhat Unfair,Unfair,Unfair,Somewhat Fair,Somewhat Fair,Somewhat Unfair,Unfair,Somewhat Fair,Unfair
1740,1945,18-29,Bachelor,Male,,<25000,false,true,false,false,false,,rec,properties first,Neutral,Somewhat Unfair,Somewhat Unfair,Neutral,Neutral,Somewhat Unfair,Somewhat Unfair,Unfair,Neutral,Neutral
1741,2255,40-49,Bachelor,Female,,50000-75000,false,false,false,true,false,,rec,fairness first,Very Fair,Fair,Somewhat Unfair,Somewhat Unfair,Unfair,Neutral,Somewhat Unfair,Somewhat Unfair,Unfair,Very Unfair
1742,1035,30-39,Bachelor,Male,,50000-75000,false,false,true,false,false,,rec,fairness first,Somewhat Fair,Fair,Fair,Unfair,Fair,Unfair,Fair,Fair,Unfair,Fair
1743,679,18-29,Graduate,Female,,>100000,false,false,false,true,true,,rec,properties first,Very Fair,Very Fair,Very Fair,Somewhat Unfair,Somewhat Unfair,Somewhat Fair,Unfair,Very Unfair,Somewhat Fair,Somewhat Unfair
1744,3090,30-39,Bachelor,Male,,25000-50000,false,true,false,false,false,,rec,fairness first,Fair,Somewhat Fair,Very Unfair,Somewhat Fair,Somewhat Unfair,Neutral,Unfair,Somewhat Unfair,Neutral,Very Fair
1745,444,30-39,Graduate,Male,,75000-100000,false,false,false,true,false,,rec,fairness first,Somewhat Unfair,Somewhat Fair,Somewhat Unfair,Neutral,Fair,Neutral,Neutral,Somewhat Unfair,Fair,Somewhat Fair
1746,1810,18-29,Bachelor,Male,,25000-50000,false,true,false,false,false,,rec,properties first,Neutral,Fair,Somewhat Unfair,Somewhat Fair,Somewhat Fair,Somewhat Fair,Fair,Neutral,Fair,Fair
1747,2301,18-29,Graduate,Male,,>100000,false,true,false,false,false,,rec,fairness first,Fair,Fair,Somewhat Fair,Somewhat Fair,Somewhat Unfair,Neutral,Somewhat Unfair,Unfair,Fair,Somewhat Unfair
1748,1260,40-49,Bachelor,Female,,25000-50000,false,false,false,true,false,,rec,fairness first,Fair,Neutral,Neutral,Neutral,Somewhat Fair,Fair,Somewhat Unfair,Unfair,Unfair,Very Unfair
1749,2077,30-39,Bachelor,Female,,75000-100000,false,false,false,true,false,,rec,fairness first,Fair,Somewhat Fair,Somewhat Fair,Somewhat Fair,Very Unfair,Somewhat Fair,Somewhat Unfair,Very Unfair,Somewhat Unfair,Very Unfair
1750,1621,40-49,Graduate,Male,,<25000,false,true,false,false,false,,rec,properties first,Fair,Fair,Fair,Somewhat Fair,Somewhat Unfair,Somewhat Unfair,Unfair,Somewhat Unfair,Somewhat Unfair,Unfair
1751,688,70 up,Bachelor,Male,,25000-50000,false,false,false,true,false,,rec,properties first,Very Fair,Very Fair,Very Fair,Very Fair,Somewhat Fair,Very Fair,Very Unfair,Very Unfair,Neutral,Somewhat Unfair
1752,900,40-49,Associate or Diploma,Female,,25000-50000,false,false,false,true,false,,rec,properties first,Very Fair,Very Fair,Very Fair,Somewhat Fair,Unfair,Very Fair,Somewhat Unfair,Very Unfair,Unfair,Very Unfair
1753,479,18-29,High School,Male,,25000-50000,false,false,false,true,false,,rec,properties first,Somewhat Fair,Somewhat Fair,Very Unfair,Very Unfair,Very Unfair,Very Unfair,Very Unfair,Very Unfair,Very Unfair,Very Unfair
1754,2063,30-39,Bachelor,Male,,<25000,false,true,false,false,false,,rec,fairness first,Neutral,Somewhat Unfair,Somewhat Unfair,Fair,Somewhat Fair,Somewhat Unfair,Fair,Neutral,Fair,Somewhat Fair
1755,1162,30-39,Bachelor,Male,,<25000,false,true,false,false,false,,rec,fairness first,Somewhat Unfair,Very Unfair,Somewhat Unfair,Unfair,Somewhat Fair,Unfair,Somewhat Unfair,Unfair,Neutral,Somewhat Unfair
1756,2453,18-29,Bachelor,Male,,75000-100000,false,false,false,true,false,,rec,properties first,Very Fair,Fair,Somewhat Fair,Somewhat Fair,Unfair,Somewhat Fair,Very Unfair,Unfair,Neutral,Somewhat Unfair
1757,447,30-39,Graduate,Male,,75000-100000,false,false,false,true,false,,rec,properties first,Neutral,Somewhat Fair,Fair,Very Fair,Neutral,Somewhat Fair,Somewhat Fair,Somewhat Fair,Fair,Somewhat Fair
1758,431,18-29,Bachelor,Male,,<25000,false,false,false,false,false,white,rec,fairness first,Unfair,Somewhat Fair,Unfair,Somewhat Unfair,Somewhat Unfair,Somewhat Unfair,Neutral,Very Unfair,Somewhat Unfair,Neutral
1759,2978,30-39,Bachelor,Male,,25000-50000,false,true,false,false,false,,rec,properties first,Somewhat Fair,Very Fair,Very Fair,Neutral,Fair,Somewhat Fair,Somewhat Fair,Neutral,Somewhat Unfair,Neutral
1760,1217,30-39,Bachelor,Female,,25000-50000,false,false,true,false,false,,rec,fairness first,Very Fair,Fair,Fair,Fair,Unfair,Fair,Very Fair,Fair,Somewhat Unfair,Unfair
1061,1604,40-49,High School,Female,,<25000,false,false,false,true,false,,rec,fairness first,Very Fair,Very Fair,Somewhat Fair,Neutral,Unfair,Very Unfair,Neutral,Very Unfair,Very Unfair,Very Unfair
1062,1205,40-49,Bachelor,Female,,>100000,false,false,false,true,false,,rec,properties first,Very Fair,Very Fair,Very Fair,Fair,Unfair,Somewhat Unfair,Somewhat Fair,Very Unfair,Unfair,Somewhat Unfair
1063,1112,30-39,Bachelor,Male,,50000-75000,false,false,false,true,false,,rec,properties first,Very Fair,Somewhat Fair,Neutral,Very Fair,Fair,Very Fair,Neutral,Somewhat Fair,Fair,Somewhat Fair
1064,2247,50-59,Associate or Diploma,Male,,50000-75000,false,false,false,true,false,,rec,properties first,Very Fair,Very Fair,Neutral,Somewhat Fair,Unfair,Fair,Very Unfair,Somewhat Unfair,Somewhat Fair,Very Unfair
1065,3282,30-39,Bachelor,Male,,50000-75000,false,false,true,false,false,,rec,fairness first,Very Fair,Very Fair,Fair,Very Fair,Fair,Somewhat Fair,Very Fair,Very Fair,Fair,Fair
1066,1462,30-39,Bachelor,Male,,75000-100000,false,false,false,false,true,,rec,fairness first,Very Fair,Very Fair,Somewhat Fair,Somewhat Fair,Very Fair,Somewhat Fair,Unfair,Very Unfair,Neutral,Unfair
1067,698,18-29,High School,Male,,>100000,false,false,true,true,false,,rec,fairness first,Somewhat Fair,Very Fair,Fair,Somewhat Unfair,Unfair,Somewhat Unfair,Very Unfair,Very Unfair,Very Unfair,Very Unfair
1068,2518,30-39,Associate or Diploma,Male,,25000-50000,false,false,false,true,false,,rec,fairness first,Very Fair,Very Fair,Somewhat Fair,Neutral,Very Fair,Fair,Fair,Very Fair,Somewhat Fair,Somewhat Unfair
1069,2001,30-39,Associate or Diploma,Female,,25000-50000,false,false,true,false,false,,rec,properties first,Neutral,Neutral,Unfair,Neutral,Very Unfair,Neutral,Unfair,Neutral,Very Unfair,Very Unfair
1070,907,30-39,Graduate,Male,,75000-100000,false,false,false,true,false,,rec,properties first,Very Fair,Very Fair,Fair,Somewhat Fair,Somewhat Fair,Very Fair,Very Unfair,Very Unfair,Unfair,Very Unfair
1071,1855,40-49,Bachelor,Male,,<25000,false,true,false,false,false,,rec,fairness first,Fair,Fair,Very Fair,Fair,Somewhat Fair,Fair,Somewhat Fair,Somewhat Fair,Fair,Neutral
1072,1027,40-49,Associate or Diploma,Male,,<25000,false,false,false,true,false,,rec,fairness first,Fair,Very Fair,Somewhat Fair,Unfair,Neutral,Somewhat Fair,Unfair,Somewhat Unfair,Very Unfair,Very Unfair
1073,755,60-69,Bachelor,Female,,25000-50000,false,false,false,true,false,,rec,fairness first,Very Fair,Very Fair,Somewhat Fair,Very Fair,Unfair,Somewhat Fair,Somewhat Fair,Very Unfair,Somewhat Unfair,Somewhat Fair
1074,1211,40-49,High School,Female,,25000-50000,false,false,false,true,false,,rec,properties first,Fair,Fair,Unfair,Somewhat Fair,Somewhat Fair,Somewhat Fair,,Unfair,Somewhat Fair,Very Unfair
1075,1699,30-39,Associate or Diploma,Female,,25000-50000,false,false,false,true,false,,rec,properties first,Very Fair,Very Fair,Fair,Fair,Somewhat Fair,Fair,Somewhat Fair,Neutral,Somewhat Fair,Somewhat Fair
1076,810,30-39,Bachelor,Female,,>100000,false,false,false,true,false,,rec,fairness first,Somewhat Fair,Somewhat Fair,Somewhat Fair,Somewhat Fair,Neutral,Neutral,Neutral,Somewhat Unfair,Neutral,Neutral
1077,3209,30-39,Associate or Diploma,Male,,50000-75000,false,false,false,false,true,,rec,fairness first,Somewhat Fair,Fair,Somewhat Fair,Neutral,Somewhat Fair,Neutral,Unfair,Unfair,Neutral,Very Unfair
1078,2524,30-39,Associate or Diploma,Female,,50000-75000,false,false,false,true,false,,rec,fairness first,Very Fair,Somewhat Unfair,Unfair,Fair,Neutral,Somewhat Fair,Fair,Neutral,Fair,Unfair
1079,1025,18-29,Bachelor,Male,,25000-50000,false,false,false,true,false,,rec,properties first,Fair,Fair,Somewhat Unfair,Somewhat Fair,Somewhat Unfair,Somewhat Fair,Somewhat Unfair,Unfair,Unfair,Unfair
1080,3090,30-39,Bachelor,Male,,50000-75000,false,false,false,true,false,,rec,fairness first,Somewhat Unfair,Somewhat Unfair,Somewhat Unfair,Fair,Fair,Unfair,Neutral,Somewhat Unfair,Very Fair,Fair
1081,595,30-39,High School,Female,,25000-50000,false,false,false,true,false,,rec,properties first,Very Fair,Somewhat Fair,Somewhat Fair,Unfair,Neutral,Somewhat Fair,Neutral,Unfair,Very Unfair,Unfair
1082,1979,18-29,Bachelor,Male,,25000-50000,false,true,false,false,false,,rec,properties first,Very Fair,Fair,Fair,Neutral,Somewhat Unfair,Fair,Somewhat Unfair,Somewhat Unfair,Somewhat Unfair,Unfair
1083,1073,40-49,High School,Female,,50000-75000,false,false,false,true,false,,rec,properties first,Fair,Very Fair,Fair,Fair,Fair,Fair,Very Unfair,Unfair,Somewhat Unfair,Somewhat Unfair
1084,2015,50-59,Bachelor,Female,,50000-75000,false,false,false,false,true,,rec,properties first,Neutral,Somewhat Unfair,Somewhat Fair,Somewhat Fair,Somewhat Fair,Fair,Somewhat Unfair,Somewhat Fair,Neutral,Somewhat Unfair
1085,1421,30-39,Bachelor,Female,,25000-50000,false,false,false,true,false,,rec,properties first,Neutral,Neutral,Neutral,Somewhat Fair,Somewhat Unfair,Somewhat Fair,Somewhat Fair,Somewhat Unfair,Somewhat Unfair,Somewhat Unfair
1086,908,30-39,High School,Female,,>100000,false,false,false,true,false,,rec,properties first,Very Fair,Very Fair,Somewhat Fair,Somewhat Unfair,Very Unfair,Somewhat Unfair,Very Unfair,Very Unfair,Very Unfair,Unfair
1087,981,30-39,Associate or Diploma,Male,,75000-100000,false,false,false,true,false,,rec,properties first,Fair,Very Fair,Neutral,Neutral,Neutral,Fair,Unfair,Unfair,Unfair,Unfair
1088,2742,18-29,Bachelor,Male,,50000-75000,false,false,false,true,false,,rec,fairness first,Very Fair,Fair,Somewhat Fair,Very Unfair,Somewhat Fair,Very Unfair,Very Unfair,Unfair,Very Unfair,Very Unfair
1089,765,50-59,Associate or Diploma,Female,,75000-100000,false,true,false,false,false,,rec,fairness first,Fair,Very Fair,Fair,Fair,Somewhat Fair,Fair,Fair,Somewhat Fair,Somewhat Fair,Neutral
1090,1430,40-49,Bachelor,Female,,25000-50000,false,false,false,true,false,,rec,properties first,Fair,Somewhat Fair,Somewhat Unfair,Neutral,Somewhat Fair,Neutral,Somewhat Unfair,Neutral,Somewhat Fair,Somewhat Fair
1091,2569,40-49,Bachelor,Male,,25000-50000,false,false,false,true,false,,rec,fairness first,Very Fair,Somewhat Fair,Unfair,Somewhat Fair,Very Unfair,Very Unfair,Very Unfair,Very Unfair,Very Unfair,Very Unfair
1092,2257,40-49,Associate or Diploma,Female,,25000-50000,false,false,false,true,false,,rec,properties first,Very Fair,Very Fair,Very Fair,Very Fair,Somewhat Unfair,Very Fair,Unfair,Unfair,Unfair,Neutral
1093,637,60-69,High School,Male,,50000-75000,false,false,false,true,false,,rec,properties first,Very Fair,Fair,Very Fair,Very Fair,Fair,Very Fair,Fair,Fair,Fair,Very Fair
1094,2200,40-49,High School,Male,,25000-50000,false,false,false,true,false,,rec,fairness first,Fair,Very Fair,Very Fair,Somewhat Fair,Somewhat Unfair,Somewhat Fair,Unfair,Unfair,Somewhat Unfair,Somewhat Unfair
1095,917,50-59,Associate or Diploma,Male,,>100000,false,false,false,true,false,,rec,properties first,Very Fair,Fair,Neutral,Somewhat Fair,Somewhat Fair,Fair,Neutral,Unfair,Somewhat Fair,Neutral
1096,1138,18-29,Bachelor,Male,,>100000,false,false,true,true,false,,rec,properties first,Fair,Very Fair,Somewhat Fair,Somewhat Unfair,Fair,Fair,Neutral,Somewhat Fair,Fair,Very Unfair
1097,338,30-39,Bachelor,Male,,50000-75000,false,false,true,false,false,,rec,fairness first,Very Fair,Very Fair,Fair,Neutral,Somewhat Fair,Very Fair,Very Unfair,Unfair,Somewhat Unfair,Very Unfair
1098,1066,30-39,High School,Female,,25000-50000,false,false,false,true,false,,rec,properties first,Very Fair,Very Fair,Very Fair,Fair,Somewhat Fair,Somewhat Fair,Somewhat Fair,Unfair,Very Unfair,Unfair
1099,2478,50-59,Associate or Diploma,Female,,25000-50000,false,false,false,true,false,,rec,fairness first,Very Fair,Very Fair,Fair,Neutral,Very Unfair,Somewhat Unfair,Unfair,Somewhat Unfair,Unfair,Very Unfair
1100,2413,18-29,Bachelor,Female,,25000-50000,false,true,false,false,false,,rec,fairness first,Somewhat Fair,Somewhat Unfair,Somewhat Unfair,Somewhat Fair,Somewhat Fair,Fair,Somewhat Unfair,Somewhat Fair,Neutral,Fair
1101,2415,18-29,Bachelor,Female,,>100000,false,false,false,true,false,,rec,properties first,Somewhat Fair,Somewhat Fair,Neutral,Unfair,Somewhat Unfair,Somewhat Fair,Unfair,Very Unfair,Unfair,Unfair
1102,1683,18-29,High School,Male,,<25000,false,false,false,true,false,,rec,fairness first,Very Fair,Very Fair,Very Fair,Very Fair,Somewhat Fair,Somewhat Fair,Somewhat Unfair,Unfair,Somewhat Unfair,Somewhat Unfair
1103,2674,40-49,High School,Male,,<25000,true,false,true,false,false,,rec,fairness first,Very Fair,Fair,Neutral,Fair,Fair,Very Fair,Fair,Neutral,Fair,Neutral
1104,618,30-39,Bachelor,Male,,50000-75000,false,false,false,true,false,,rec,properties first,Very Fair,Fair,Somewhat Fair,Somewhat Unfair,Somewhat Unfair,Neutral,Unfair,Somewhat Unfair,Unfair,Unfair
1105,1728,18-29,Bachelor,Male,,25000-50000,false,true,false,false,false,,rec,properties first,Somewhat Fair,Fair,Neutral,Fair,Fair,Very Fair,Somewhat Fair,,Fair,Fair
1106,2727,40-49,High School,Male,,<25000,false,false,false,true,false,,rec,properties first,Very Fair,Fair,Somewhat Fair,Somewhat Fair,Somewhat Fair,Somewhat Fair,Very Unfair,Unfair,Very Unfair,Very Unfair
1107,2379,30-39,Bachelor,Male,,50000-75000,false,false,false,true,false,,rec,properties first,Fair,Very Fair,Somewhat Unfair,Unfair,Unfair,Somewhat Fair,Very Unfair,Very Unfair,Unfair,Unfair
1108,2141,30-39,High School,Nonbinary,,50000-75000,false,false,false,true,false,,rec,properties first,Fair,Neutral,Neutral,Unfair,Neutral,Unfair,Very Unfair,Very Unfair,Neutral,Unfair
1109,1116,50-59,Graduate,Male,,>100000,false,false,false,true,false,,rec,fairness first,Fair,Very Fair,Somewhat Fair,Somewhat Fair,Somewhat Unfair,Somewhat Unfair,Unfair,Unfair,Unfair,Somewhat Unfair
1110,2705,18-29,High School,Male,,25000-50000,false,false,true,false,false,,rec,properties first,Very Fair,Very Fair,Fair,Fair,Fair,Fair,Somewhat Unfair,Unfair,Somewhat Fair,Unfair
1111,900,18-29,Associate or Diploma,Male,,25000-50000,false,false,false,true,false,,rec,properties first,Fair,Fair,Very Unfair,Very Unfair,Very Unfair,Neutral,Very Unfair,Very Unfair,Very Unfair,Very Unfair
1112,1731,30-39,Bachelor,Female,,25000-50000,false,false,false,true,false,,rec,fairness first,Fair,Fair,Fair,Somewhat Fair,Somewhat Unfair,Fair,Unfair,Unfair,Very Unfair,Unfair
1113,1269,40-49,Graduate,Male,,75000-100000,false,false,false,true,false,,rec,fairness first,Fair,Very Fair,Somewhat Fair,Very Fair,Somewhat Fair,Somewhat Unfair,Very Unfair,Very Unfair,Very Unfair,Neutral
1114,2037,18-29,Bachelor,Female,,50000-75000,false,false,true,false,false,,rec,fairness first,Very Fair,Very Fair,Fair,Somewhat Fair,Unfair,Unfair,Neutral,Very Unfair,Somewhat Unfair,Unfair
1115,2704,18-29,High School,Male,,25000-50000,false,false,false,true,false,,rec,fairness first,Unfair,Unfair,Unfair,Unfair,Unfair,Unfair,Unfair,Unfair,Very Unfair,Unfair
1116,1156,18-29,Graduate,Female,,25000-50000,false,false,true,false,false,,rec,fairness first,Somewhat Fair,Somewhat Fair,Unfair,Somewhat Fair,Unfair,Very Unfair,Somewhat Fair,Somewhat Unfair,Fair,Somewhat Fair
1117,2080,18-29,Graduate,Male,,75000-100000,false,true,false,false,false,,rec,fairness first,Very Fair,Neutral,Fair,Somewhat Unfair,Fair,Somewhat Fair,Neutral,Somewhat Fair,Very Fair,Neutral
1118,2011,60-69,Bachelor,Female,,25000-50000,false,false,false,true,false,,rec,properties first,Very Fair,Very Fair,Very Fair,Somewhat Fair,Somewhat Fair,Fair,Very Fair,Very Fair,Very Fair,Somewhat Unfair
1119,810,18-29,Bachelor,Female,,50000-75000,false,false,true,false,false,,rec,properties first,Very Fair,Very Fair,Somewhat Fair,Somewhat Fair,Very Unfair,Very Fair,Very Unfair,Very Unfair,Very Unfair,Very Unfair
1120,825,18-29,High School,Male,,<25000,false,false,false,false,true,,rec,fairness first,Very Fair,Very Fair,Fair,Unfair,Somewhat Fair,Fair,Unfair,Unfair,Very Unfair,Unfair
1121,1758,18-29,Bachelor,Male,,50000-75000,false,true,false,false,false,,rec,fairness first,Neutral,Fair,Somewhat Unfair,Somewhat Fair,Somewhat Fair,Somewhat Fair,Somewhat Fair,Unfair,Somewhat Unfair,Somewhat Fair
1122,2134,40-49,Graduate,,,50000-75000,false,true,false,false,false,,rec,properties first,Fair,Fair,Somewhat Fair,Neutral,Unfair,Neutral,Very Unfair,Very Unfair,Very Unfair,Very Unfair
1123,481,50-59,High School,Female,,50000-75000,false,false,false,true,false,,rec,fairness first,Fair,Very Fair,Somewhat Unfair,Somewhat Fair,Fair,Fair,Unfair,Very Unfair,Unfair,Unfair
1124,506,18-29,Bachelor,Male,,25000-50000,false,false,false,true,false,,rec,fairness first,Fair,Very Fair,Somewhat Unfair,Unfair,Somewhat Unfair,Neutral,Very Unfair,Very Unfair,Very Unfair,Very Unfair
1125,943,18-29,Bachelor,Male,,>100000,false,false,false,true,false,,rec,fairness first,Very Fair,Very Fair,Fair,Somewhat Fair,Neutral,Very Fair,Somewhat Fair,Fair,Somewhat Fair,Somewhat Fair
1126,545,30-39,High School,Female,,<25000,false,false,false,true,false,,rec,fairness first,Neutral,Somewhat Fair,Unfair,Very Fair,Unfair,Fair,Somewhat Fair,Somewhat Fair,Somewhat Unfair,Somewhat Fair
1127,1944,30-39,Bachelor,Male,,50000-75000,false,false,false,true,false,,rec,fairness first,Very Fair,Fair,Fair,Somewhat Fair,Fair,Neutral,Neutral,Unfair,Unfair,Neutral
1128,2917,30-39,Graduate,Male,,25000-50000,false,false,false,true,false,,rec,fairness first,Somewhat Fair,Fair,Unfair,Neutral,Neutral,Unfair,Fair,Neutral,Somewhat Fair,Neutral
1129,1827,40-49,Graduate,Male,,50000-75000,false,false,false,true,false,,rec,properties first,Fair,Very Fair,Very Fair,Fair,Fair,Fair,Neutral,Very Fair,Somewhat Fair,Somewhat Unfair
1130,730,18-29,Bachelor,Female,,25000-50000,false,true,false,false,false,,rec,fairness first,Fair,Fair,Fair,Fair,Fair,Fair,Fair,Fair,Fair,Fair
1131,1828,30-39,Bachelor,Female,,25000-50000,false,true,false,false,false,,rec,fairness first,Somewhat Fair,Very Unfair,Very Unfair,Somewhat Fair,Very Fair,Unfair,Somewhat Unfair,Somewhat Unfair,Fair,Fair
1132,3053,18-29,High School,Male,,>100000,false,false,false,true,false,,rec,fairness first,Fair,Fair,Neutral,Unfair,Fair,Neutral,Unfair,Unfair,Unfair,Unfair
1133,2702,30-39,Associate or Diploma,Female,,50000-75000,false,false,true,false,false,,rec,fairness first,Very Fair,Neutral,Very Unfair,Very Unfair,Very Unfair,Neutral,Very Unfair,Very Unfair,Very Unfair,Very Unfair
1134,947,30-39,High School,Male,,50000-75000,false,false,false,true,false,,rec,fairness first,Very Fair,Very Fair,Very Fair,Very Fair,Very Fair,Very Fair,Very Fair,Very Fair,Very Fair,Very Fair
1135,2686,18-29,Bachelor,Male,,75000-100000,false,false,true,true,false,mixed,rec,fairness first,Very Fair,Very Fair,Very Unfair,Very Fair,Very Unfair,Neutral,Very Unfair,Very Unfair,Very Unfair,Very Fair
1136,2287,18-29,Bachelor,Male,,25000-50000,false,false,false,true,false,,rec,properties first,Very Fair,Very Fair,Somewhat Fair,Unfair,Somewhat Fair,Somewhat Fair,Neutral,Unfair,Very Unfair,Unfair
1137,2486,18-29,Bachelor,Male,,50000-75000,false,false,false,true,false,,rec,fairness first,Somewhat Fair,Somewhat Fair,Neutral,Unfair,Somewhat Fair,Very Unfair,Very Fair,Fair,Very Fair,Very Fair
1138,1337,50-59,Bachelor,Male,,<25000,false,true,false,false,false,,rec,properties first,Very Fair,Very Fair,Very Fair,Fair,Neutral,Fair,Fair,Unfair,Fair,Unfair
1139,803,30-39,Bachelor,Male,,25000-50000,false,false,false,true,false,,rec,fairness first,Very Fair,Fair,Fair,Somewhat Fair,Somewhat Fair,Somewhat Fair,Somewhat Unfair,Unfair,Very Unfair,Somewhat Fair
1140,2989,18-29,High School,Male,,75000-100000,false,false,true,false,false,,rec,properties first,Somewhat Fair,Very Fair,Fair,Unfair,Very Unfair,Very Unfair,Unfair,Somewhat Fair,Somewhat Unfair,Somewhat Unfair
1141,1656,30-39,Graduate,Female,,25000-50000,false,false,false,true,false,,rec,properties first,Fair,Very Fair,Very Fair,Somewhat Fair,Fair,Fair,Very Fair,Fair,Very Fair,Somewhat Fair
1142,818,18-29,Associate or Diploma,Male,,<25000,false,true,false,false,false,,rec,fairness first,Neutral,Fair,Somewhat Fair,Fair,Somewhat Unfair,Somewhat Fair,Somewhat Unfair,Unfair,Fair,Somewhat Unfair
1143,2272,18-29,Associate or Diploma,Female,,50000-75000,false,false,false,true,false,,rec,properties first,Fair,Somewhat Fair,Neutral,Somewhat Fair,Very Unfair,Fair,Unfair,Very Unfair,Somewhat Unfair,Very Unfair
1144,3487,18-29,Associate or Diploma,Female,,50000-75000,false,false,false,true,false,,rec,properties first,Somewhat Unfair,Somewhat Fair,Somewhat Unfair,Somewhat Unfair,Somewhat Unfair,Somewhat Unfair,Somewhat Unfair,Somewhat Unfair,Somewhat Unfair,Neutral
1145,452,18-29,Bachelor,Male,,25000-50000,false,true,false,false,false,,rec,properties first,Somewhat Unfair,Somewhat Fair,Unfair,Somewhat Fair,Somewhat Fair,Somewhat Unfair,Somewhat Fair,Fair,Neutral,Somewhat Fair
1146,1698,50-59,Associate or Diploma,Female,,50000-75000,false,false,false,true,false,,rec,properties first,Very Fair,Very Fair,Very Fair,Very Fair,Somewhat Unfair,Very Fair,Very Fair,Very Unfair,Somewhat Unfair,Fair
1147,692,40-49,High School,Female,,25000-50000,false,false,false,true,false,,rec,fairness first,Very Fair,Very Fair,Unfair,Fair,Very Unfair,Somewhat Unfair,Very Unfair,Unfair,Very Unfair,Very Unfair
1148,1633,18-29,Associate or Diploma,Female,,<25000,false,false,false,true,false,,rec,properties first,Very Fair,Fair,Somewhat Unfair,Fair,Fair,Very Fair,Unfair,Unfair,Somewhat Fair,Very Unfair
1149,1802,30-39,Bachelor,Male,,25000-50000,false,true,false,false,false,,rec,fairness first,Fair,Neutral,Somewhat Fair,Fair,,Somewhat Fair,Neutral,Neutral,Somewhat Fair,Somewhat Fair
1150,593,40-49,Graduate,Female,,75000-100000,false,false,false,true,false,,rec,fairness first,Somewhat Fair,Fair,Unfair,Very Fair,Unfair,Unfair,Unfair,Somewhat Unfair,Unfair,Unfair
1151,619,50-59,Associate or Diploma,Male,,25000-50000,false,false,false,true,false,,rec,fairness first,Fair,Fair,Somewhat Fair,Somewhat Fair,Neutral,Somewhat Fair,Somewhat Fair,Somewhat Unfair,Neutral,Somewhat Fair
1152,2814,18-29,Bachelor,Male,,25000-50000,false,false,true,false,false,,rec,fairness first,Very Fair,Fair,Fair,Neutral,Somewhat Fair,Very Fair,Neutral,Neutral,Somewhat Unfair,Neutral
1153,1818,30-39,Associate or Diploma,Female,,50000-75000,false,false,false,true,false,,rec,fairness first,Very Fair,Fair,Unfair,Unfair,Very Unfair,Unfair,Unfair,Very Unfair,Very Unfair,Unfair
1154,586,30-39,High School,Male,,75000-100000,false,false,false,true,false,,rec,properties first,Very Fair,Fair,Somewhat Fair,Somewhat Unfair,Somewhat Unfair,Neutral,Somewhat Unfair,Neutral,Unfair,Somewhat Unfair
1155,2116,30-39,Graduate,Male,,25000-50000,false,false,false,true,false,,rec,fairness first,Fair,Very Fair,Somewhat Unfair,Fair,Fair,Fair,Unfair,Unfair,Somewhat Unfair,Unfair
1156,720,50-59,Bachelor,Male,,50000-75000,false,false,false,true,false,,rec,properties first,Very Fair,Very Fair,Fair,Very Fair,Somewhat Fair,Fair,Unfair,Somewhat Fair,Somewhat Fair,Somewhat Unfair
1157,2277,40-49,High School,Male,,50000-75000,false,false,false,true,false,,rec,properties first,Very Fair,Somewhat Fair,Unfair,Somewhat Fair,Somewhat Unfair,Fair,Somewhat Fair,Very Unfair,Neutral,Very Unfair
1158,1663,30-39,Graduate,Male,,>100000,false,false,false,true,false,,rec,fairness first,Very Fair,Very Fair,Fair,Very Fair,Very Fair,Very Fair,Fair,Very Fair,Somewhat Fair,Unfair
1159,2356,18-29,Bachelor,Male,,75000-100000,false,false,false,true,false,,rec,properties first,Somewhat Fair,Neutral,Somewhat Fair,Very Fair,Neutral,Somewhat Fair,Very Fair,Fair,Neutral,Fair
1160,771,60-69,Associate or Diploma,Female,,<25000,false,false,false,true,false,,rec,properties first,Very Fair,Fair,Somewhat Fair,Fair,Somewhat Unfair,Fair,Somewhat Unfair,Unfair,Neutral,Somewhat Unfair
