Study ID,Completion Time (s),Respondent Age,Respondent Education,Respondent Gender,Respondent Gender Other,Respondent Income,Aboriginal,Asian,Black,Caucasian,Hispanic,Ethnicity Other,Domain,Question Order Version,Age,Age Reliability,Age Accuracy,Age Privacy,Age Volitionality,Age Causes Outcome,Age Causes Cycle,Age Causes Disparity,Age Caused by Group,Gender,Gender Reliability,Gender Accuracy,Gender Privacy,Gender Volitionality,Gender Causes Outcome,Gender Causes Cycle,Gender Causes Disparity,Gender Caused by Group,Marital and Family,Marital and Family Reliability,Marital and Family Accuracy,Marital and Family Privacy,Marital and Family Volitionality,Marital and Family Causes Outcome,Marital and Family Causes Cycle,Marital and Family Causes Disparity,Marital and Family Caused by Group,Employment,Employment Reliability,Employment Accuracy,Employment Privacy,Employment Volitionality,Employment Causes Outcome,Employment Causes Cycle,Employment Causes Disparity,Employment Caused by Group,Credit,Credit Reliability,Credit Accuracy,Credit Privacy,Credit Volitionality,Credit Causes Outcome,Credit Causes Cycle,Credit Causes Disparity,Credit Caused by Group,Education,Education Reliability,Education Accuracy,Education Privacy,Education Volitionality,Education Causes Outcome,Education Causes Cycle,Education Causes Disparity,Education Caused by Group,Residence,Residence Reliability,Residence Accuracy,Residence Privacy,Residence Volitionality,Residence Causes Outcome,Residence Causes Cycle,Residence Causes Disparity,Residence Caused by Group,History of Health,History of Health Reliability,History of Health Accuracy,History of Health Privacy,History of Health Volitionality,History of Health Causes Outcome,History of Health Causes Cycle,History of Health Causes Disparity,History of Health Caused by Group
2151,2433,18-29,Bachelor,Female,,<25000,false,false,false,true,false,,ins,fairness first,Very Unfair,Strongly Disagree,Strongly Disagree,Strongly Disagree,Strongly Disagree,Strongly Disagree,Strongly Disagree,Strongly Disagree,Strongly Disagree,Very Unfair,Strongly Disagree,Strongly Disagree,Strongly Disagree,Strongly Disagree,Strongly Disagree,Strongly Disagree,Strongly Disagree,Strongly Disagree,Unfair,Strongly Disagree,Strongly Disagree,Strongly Disagree,Strongly Disagree,Strongly Disagree,Strongly Disagree,Strongly Disagree,Strongly Disagree,Somewhat Fair,Agree,Agree,Strongly Agree,Agree,,Strongly Agree,Strongly Disagree,Strongly Disagree,Somewhat Fair,Agree,Agree,Strongly Agree,Agree,Agree,Somewhat Agree,Strongly Disagree,Strongly Disagree,Neutral,Neutral,Strongly Disagree,Strongly Disagree,Strongly Disagree,Strongly Disagree,Strongly Disagree,Strongly Disagree,Strongly Disagree,Unfair,Strongly Agree,Agree,Agree,Neutral,Somewhat Agree,Somewhat Agree,Strongly Disagree,Strongly Disagree,Neutral,Agree,Agree,Strongly Agree,Agree,Neutral,Neutral,Strongly Disagree,Strongly Disagree
2152,1754,40-49,Bachelor,Female,,25000-50000,false,false,true,false,false,,ins,properties first,Unfair,Somewhat Agree,Somewhat Disagree,Disagree,Strongly Disagree,Neutral,Somewhat Disagree,Somewhat Disagree,Neutral,Somewhat Fair,Strongly Agree,Neutral,Disagree,Disagree,Disagree,Somewhat Disagree,Disagree,Somewhat Disagree,Unfair,Agree,Neutral,Disagree,Neutral,Somewhat Disagree,Disagree,Somewhat Disagree,Neutral,Somewhat Unfair,Neutral,Somewhat Disagree,Neutral,Strongly Agree,Neutral,Somewhat Disagree,Neutral,Neutral,Unfair,Disagree,Somewhat Disagree,Disagree,Neutral,Somewhat Disagree,Somewhat Disagree,Neutral,,Somewhat Unfair,Agree,Neutral,Agree,Somewhat Agree,Somewhat Disagree,,Neutral,Somewhat Disagree,Somewhat Unfair,Neutral,Somewhat Disagree,Neutral,Strongly Agree,Somewhat Disagree,Somewhat Disagree,,Neutral,Somewhat Unfair,Somewhat Disagree,Neutral,Agree,Neutral,Neutral,Neutral,Somewhat Disagree,Somewhat Disagree
2153,1078,18-29,High School,Male,,25000-50000,false,false,false,false,true,,ins,fairness first,Somewhat Fair,Somewhat Agree,Agree,Somewhat Disagree,Neutral,Agree,Neutral,Somewhat Agree,Agree,Very Unfair,Somewhat Agree,Disagree,Somewhat Disagree,Disagree,Somewhat Disagree,Agree,Somewhat Agree,Agree,Somewhat Unfair,Somewhat Agree,Agree,Somewhat Disagree,Somewhat Agree,Disagree,Neutral,Disagree,Somewhat Disagree,Fair,Somewhat Agree,Strongly Agree,Disagree,Agree,Strongly Agree,Somewhat Agree,Strongly Disagree,Strongly Disagree,Fair,Agree,Somewhat Agree,Somewhat Agree,Somewhat Disagree,Agree,Somewhat Agree,Agree,Strongly Disagree,Somewhat Unfair,Somewhat Agree,Neutral,Strongly Agree,Neutral,Somewhat Agree,Somewhat Disagree,Somewhat Agree,Agree,Somewhat Unfair,Neutral,Agree,Somewhat Disagree,Neutral,Disagree,Neutral,Neutral,Agree,Somewhat Unfair,Agree,Somewhat Disagree,Agree,Neutral,Agree,Agree,Somewhat Agree,Agree
2154,2065,18-29,Associate or Diploma,Male,,25000-50000,false,false,false,true,false,,ins,properties first,Fair,Agree,Agree,Disagree,Disagree,Disagree,Disagree,Disagree,Strongly Disagree,Neutral,Agree,Agree,Disagree,Disagree,Disagree,Disagree,Disagree,Disagree,Fair,Agree,Agree,Neutral,Disagree,Somewhat Agree,Agree,Somewhat Disagree,Disagree,Fair,Agree,Agree,Disagree,Disagree,Somewhat Disagree,Somewhat Disagree,Disagree,Disagree,Fair,Agree,Agree,Somewhat Agree,Disagree,Disagree,Disagree,Disagree,Disagree,Very Fair,Agree,Agree,Disagree,Disagree,Disagree,Disagree,Disagree,Disagree,Somewhat Unfair,Agree,Agree,Somewhat Agree,Neutral,Disagree,Disagree,Disagree,Disagree,Fair,Agree,Agree,Somewhat Agree,Somewhat Agree,Somewhat Disagree,Somewhat Disagree,Disagree,Disagree
2155,1144,30-39,Graduate,Male,,>100000,false,true,false,false,false,,ins,fairness first,Somewhat Fair,Disagree,Neutral,Neutral,Strongly Agree,Somewhat Agree,Agree,Agree,Disagree,Fair,Disagree,Somewhat Agree,Strongly Agree,Agree,Strongly Agree,Strongly Agree,Disagree,Somewhat Disagree,Unfair,Strongly Agree,Somewhat Disagree,Disagree,Agree,Strongly Agree,Strongly Agree,Somewhat Agree,Agree,Neutral,Agree,Strongly Agree,Somewhat Disagree,Disagree,Strongly Disagree,Strongly Disagree,Strongly Agree,Somewhat Disagree,Somewhat Fair,Disagree,Somewhat Agree,Strongly Agree,Strongly Agree,Neutral,Agree,Agree,Neutral,Fair,Somewhat Agree,Strongly Agree,Strongly Agree,Somewhat Disagree,Strongly Agree,Somewhat Agree,Agree,Agree,Fair,Strongly Agree,Somewhat Agree,Strongly Agree,Somewhat Disagree,Strongly Agree,Strongly Disagree,Disagree,Somewhat Disagree,Very Fair,Strongly Agree,Agree,Neutral,Strongly Agree,Strongly Agree,Neutral,Strongly Disagree,Somewhat Disagree
2156,1365,30-39,Bachelor,Male,,25000-50000,false,false,false,true,true,,ins,properties first,Somewhat Fair,Agree,Agree,Somewhat Disagree,Disagree,Agree,Disagree,Disagree,Disagree,Somewhat Unfair,Agree,Somewhat Agree,Disagree,Agree,Neutral,Somewhat Disagree,Disagree,Disagree,Somewhat Fair,Agree,Somewhat Agree,Disagree,Somewhat Agree,Somewhat Agree,Disagree,Disagree,Disagree,Somewhat Unfair,Somewhat Agree,Agree,Somewhat Agree,Somewhat Agree,Strongly Agree,Agree,Agree,Somewhat Disagree,Somewhat Unfair,Agree,Somewhat Agree,Strongly Agree,Agree,Agree,Strongly Agree,Somewhat Agree,Disagree,Unfair,Somewhat Disagree,Somewhat Agree,Somewhat Agree,Somewhat Disagree,Somewhat Agree,Strongly Agree,Agree,Somewhat Disagree,Unfair,Agree,Somewhat Agree,Neutral,Somewhat Agree,Agree,Somewhat Agree,Agree,Somewhat Agree,Somewhat Fair,Somewhat Disagree,Agree,Strongly Agree,Strongly Disagree,Strongly Agree,Agree,Agree,Somewhat Agree
2157,458,18-29,Bachelor,Male,,50000-75000,false,false,false,true,false,,ins,fairness first,Fair,Agree,Somewhat Agree,Neutral,Neutral,Neutral,Neutral,Disagree,Neutral,Unfair,Disagree,Disagree,Disagree,Disagree,Disagree,Disagree,Somewhat Disagree,Somewhat Agree,Unfair,Disagree,Neutral,Neutral,Neutral,Neutral,Neutral,Disagree,Neutral,Fair,Agree,Somewhat Agree,Somewhat Agree,Neutral,Neutral,Neutral,Disagree,Somewhat Disagree,Fair,Somewhat Agree,Neutral,Neutral,Neutral,Neutral,Neutral,Neutral,Neutral,Neutral,Somewhat Agree,Disagree,Neutral,Neutral,Neutral,Neutral,Disagree,Neutral,Unfair,Neutral,Neutral,Neutral,Neutral,Neutral,Neutral,Neutral,Neutral,Fair,Strongly Agree,Agree,Disagree,Somewhat Disagree,Neutral,Neutral,Disagree,Somewhat Disagree
2158,446,30-39,Associate or Diploma,Male,,<25000,false,false,false,true,false,,ins,properties first,Somewhat Fair,Strongly Agree,Somewhat Agree,Disagree,Strongly Disagree,Agree,Agree,Agree,Agree,Unfair,Agree,Agree,Disagree,Disagree,Disagree,Disagree,Disagree,Disagree,Unfair,Agree,Agree,Disagree,Disagree,Disagree,Disagree,Disagree,Disagree,Somewhat Fair,Agree,Disagree,Disagree,Somewhat Agree,Strongly Agree,Disagree,Disagree,Disagree,Very Fair,Agree,Agree,Neutral,Strongly Agree,Strongly Agree,Somewhat Agree,Disagree,Strongly Disagree,Unfair,Agree,Neutral,Neutral,Somewhat Agree,Disagree,Neutral,Agree,Neutral,Somewhat Unfair,Neutral,Disagree,Somewhat Agree,Somewhat Agree,Somewhat Agree,Disagree,Neutral,Neutral,Fair,Agree,Neutral,Strongly Agree,Neutral,Agree,Strongly Agree,Somewhat Agree,Neutral
2159,1026,50-59,Bachelor,Male,,<25000,false,false,true,true,false,,ins,properties first,Somewhat Fair,Agree,Agree,Disagree,Strongly Disagree,Agree,Disagree,Disagree,Strongly Disagree,Very Unfair,Agree,Somewhat Disagree,Disagree,Strongly Disagree,Somewhat Disagree,Somewhat Agree,Somewhat Agree,Somewhat Agree,Unfair,Agree,Somewhat Agree,Disagree,Strongly Agree,Disagree,Disagree,Disagree,Disagree,Unfair,Somewhat Agree,Somewhat Agree,Disagree,Strongly Agree,Neutral,Somewhat Agree,Somewhat Agree,Somewhat Agree,Somewhat Unfair,Agree,Agree,Disagree,Strongly Agree,Agree,Neutral,Neutral,Neutral,Unfair,Somewhat Agree,,Somewhat Disagree,Strongly Agree,Neutral,Disagree,Disagree,Disagree,Unfair,Agree,Neutral,Disagree,Strongly Agree,Neutral,Neutral,Neutral,Neutral,Fair,Strongly Disagree,Somewhat Agree,Strongly Agree,Strongly Disagree,Strongly Agree,Somewhat Agree,Somewhat Agree,Somewhat Agree
2160,3501,30-39,Graduate,Male,,>100000,false,false,true,false,false,,ins,fairness first,Fair,Somewhat Agree,Somewhat Agree,Somewhat Agree,Somewhat Agree,Somewhat Agree,Somewhat Agree,Somewhat Agree,Somewhat Agree,Somewhat Fair,Agree,Agree,Agree,Agree,Agree,Agree,Agree,Agree,Somewhat Fair,Neutral,Neutral,Neutral,Neutral,Neutral,Neutral,Neutral,Neutral,Fair,Agree,Agree,Agree,Agree,Agree,Agree,Agree,Agree,Fair,Agree,Agree,Agree,Agree,Agree,Agree,Agree,Agree,Somewhat Fair,Somewhat Agree,Somewhat Agree,Somewhat Agree,Somewhat Agree,Somewhat Agree,Somewhat Agree,Somewhat Agree,Somewhat Agree,Fair,Somewhat Agree,Somewhat Agree,Somewhat Agree,Somewhat Agree,Somewhat Agree,Somewhat Agree,Somewhat Agree,Somewhat Agree,Somewhat Fair,Somewhat Agree,Somewhat Agree,Somewhat Agree,Somewhat Agree,Somewhat Agree,Somewhat Agree,Somewhat Agree,Somewhat Agree
2161,1224,50-59,Bachelor,Female,,25000-50000,false,false,false,true,false,,ins,properties first,Somewhat Unfair,Agree,Somewhat Agree,Somewhat Disagree,Strongly Disagree,Somewhat Disagree,Strongly Agree,Strongly Agree,Strongly Agree,Unfair,Somewhat Agree,Disagree,Agree,Disagree,Somewhat Disagree,Agree,Agree,Agree,Somewhat Fair,Agree,Agree,Somewhat Agree,Disagree,Disagree,Somewhat Agree,Somewhat Disagree,Disagree,Very Unfair,Somewhat Disagree,Somewhat Agree,Somewhat Disagree,Somewhat Agree,Somewhat Disagree,Agree,Agree,Somewhat Agree,Somewhat Fair,Agree,Agree,Agree,Somewhat Disagree,Somewhat Disagree,Strongly Agree,Agree,Agree,Unfair,Agree,Somewhat Agree,Agree,Disagree,Somewhat Disagree,Agree,Agree,Somewhat Disagree,Very Unfair,Agree,Disagree,Somewhat Disagree,Somewhat Disagree,Somewhat Agree,Agree,Agree,Somewhat Agree,,Disagree,Disagree,Strongly Agree,Disagree,Somewhat Agree,Strongly Agree,Strongly Agree,Strongly Agree
2162,894,18-29,Associate or Diploma,Female,,75000-100000,false,false,false,true,false,,ins,fairness first,Somewhat Unfair,Agree,Neutral,Neutral,Strongly Disagree,Somewhat Agree,Neutral,Agree,Somewhat Agree,Unfair,Somewhat Agree,Neutral,Neutral,Disagree,Disagree,Neutral,Agree,Agree,Neutral,Somewhat Disagree,Neutral,Somewhat Agree,Somewhat Agree,Neutral,Neutral,Neutral,Neutral,Fair,Neutral,Neutral,Neutral,Agree,Somewhat Agree,Somewhat Agree,Somewhat Agree,Somewhat Agree,Somewhat Fair,Agree,Agree,Somewhat Agree,Agree,Agree,Somewhat Agree,Neutral,Neutral,Neutral,Somewhat Agree,Neutral,Neutral,Agree,Neutral,Neutral,Neutral,Neutral,Unfair,Somewhat Agree,Neutral,Agree,Agree,Neutral,Neutral,Neutral,Neutral,Somewhat Unfair,Neutral,Neutral,Agree,Somewhat Disagree,Somewhat Agree,Agree,Somewhat Agree,Neutral
2163,971,18-29,High School,Male,,<25000,false,false,false,true,false,,ins,fairness first,Unfair,Neutral,Neutral,Disagree,Disagree,Disagree,Disagree,Disagree,Disagree,Very Unfair,Disagree,Disagree,Disagree,Disagree,Somewhat Disagree,Somewhat Disagree,Neutral,Disagree,Somewhat Unfair,Neutral,Neutral,Somewhat Disagree,Neutral,Disagree,Disagree,Somewhat Disagree,Disagree,Somewhat Unfair,Somewhat Agree,Somewhat Disagree,Somewhat Disagree,Agree,Neutral,Somewhat Disagree,Neutral,Neutral,Somewhat Fair,Neutral,Neutral,Agree,Neutral,Somewhat Agree,Somewhat Disagree,Agree,Neutral,Neutral,Somewhat Agree,Neutral,Disagree,Somewhat Disagree,Somewhat Disagree,Somewhat Disagree,Neutral,Somewhat Disagree,Somewhat Unfair,Neutral,Somewhat Disagree,Somewhat Agree,Disagree,Disagree,Disagree,Somewhat Disagree,Somewhat Disagree,Unfair,Neutral,Somewhat Disagree,Somewhat Disagree,Somewhat Agree,Disagree,Disagree,Somewhat Disagree,Disagree
2164,1824,40-49,Bachelor,Male,,25000-50000,false,false,false,true,false,,ins,properties first,Somewhat Fair,Somewhat Agree,Neutral,Somewhat Disagree,Neutral,Somewhat Agree,Agree,Somewhat Agree,Somewhat Agree,Neutral,Somewhat Agree,Agree,Strongly Agree,Agree,Somewhat Agree,Neutral,Somewhat Agree,Neutral,Fair,Somewhat Agree,Agree,Neutral,Somewhat Disagree,Neutral,Somewhat Agree,Somewhat Disagree,Neutral,Fair,Somewhat Agree,Agree,Somewhat Agree,Neutral,Somewhat Agree,Agree,Neutral,Somewhat Agree,,Somewhat Agree,Neutral,Agree,Somewhat Agree,Neutral,Somewhat Disagree,Neutral,Neutral,Fair,Somewhat Agree,Agree,Somewhat Agree,Neutral,Somewhat Agree,Somewhat Agree,Somewhat Agree,Neutral,Fair,Somewhat Agree,Agree,Neutral,Somewhat Disagree,Neutral,Neutral,Somewhat Agree,Neutral,Somewhat Unfair,Neutral,Somewhat Agree,Agree,Somewhat Agree,Neutral,Somewhat Disagree,Neutral,Somewhat Agree
2165,2415,30-39,Bachelor,Male,,50000-75000,false,false,false,true,false,,ins,properties first,Fair,Agree,Strongly Agree,Disagree,Strongly Disagree,Strongly Agree,Neutral,Somewhat Agree,Strongly Disagree,Somewhat Unfair,Agree,Somewhat Agree,Somewhat Disagree,Strongly Disagree,Somewhat Agree,Agree,Neutral,Strongly Disagree,Very Unfair,Somewhat Agree,Somewhat Disagree,Somewhat Agree,Strongly Agree,Disagree,Disagree,Strongly Disagree,Somewhat Disagree,Unfair,Somewhat Agree,Disagree,Agree,Strongly Agree,Somewhat Agree,Somewhat Disagree,Disagree,Neutral,Unfair,Agree,Somewhat Agree,Neutral,Strongly Agree,Somewhat Disagree,Agree,Somewhat Agree,Disagree,Unfair,Neutral,Somewhat Disagree,Somewhat Agree,Strongly Agree,Neutral,Somewhat Agree,Somewhat Agree,Disagree,Somewhat Unfair,Agree,Somewhat Agree,Neutral,Strongly Agree,Somewhat Agree,Strongly Disagree,Strongly Disagree,Disagree,Fair,Strongly Disagree,Agree,Strongly Agree,Strongly Disagree,Strongly Agree,Strongly Agree,Agree,Disagree
2166,1970,40-49,High School,Female,,50000-75000,false,false,false,true,false,,ins,fairness first,Neutral,Somewhat Disagree,Disagree,Disagree,Disagree,Somewhat Agree,Agree,Agree,Somewhat Agree,Unfair,Somewhat Disagree,Disagree,Agree,Disagree,Somewhat Agree,Agree,Agree,Agree,Somewhat Unfair,Somewhat Disagree,Somewhat Disagree,Agree,,Somewhat Agree,Agree,Agree,Somewhat Agree,Unfair,Agree,Somewhat Disagree,Neutral,Somewhat Agree,Somewhat Disagree,Neutral,Somewhat Agree,Somewhat Agree,Somewhat Unfair,Somewhat Agree,Somewhat Disagree,Somewhat Agree,Somewhat Disagree,Somewhat Agree,Somewhat Agree,Somewhat Agree,Neutral,Unfair,Somewhat Disagree,Somewhat Disagree,Somewhat Agree,Somewhat Agree,Somewhat Agree,Agree,Somewhat Agree,Neutral,Somewhat Unfair,Somewhat Disagree,Disagree,Agree,Agree,Neutral,Somewhat Agree,Somewhat Agree,Somewhat Agree,Somewhat Unfair,Somewhat Disagree,Neutral,Somewhat Agree,Somewhat Disagree,Agree,Somewhat Agree,Agree,Agree
2167,880,18-29,Less than high School,Male,,25000-50000,false,false,false,true,false,,ins,fairness first,Somewhat Fair,Strongly Agree,Somewhat Agree,Disagree,Strongly Disagree,Somewhat Agree,Somewhat Disagree,Somewhat Disagree,Somewhat Disagree,Unfair,Strongly Agree,Disagree,Disagree,Disagree,Neutral,Somewhat Agree,Somewhat Agree,Somewhat Agree,Unfair,Agree,Disagree,Neutral,Agree,Disagree,Disagree,Disagree,Disagree,Neutral,Agree,Neutral,Disagree,Agree,Somewhat Agree,Somewhat Disagree,Neutral,Neutral,Somewhat Unfair,Somewhat Agree,Neutral,Neutral,Somewhat Disagree,Somewhat Disagree,Neutral,Neutral,Somewhat Disagree,Somewhat Fair,Agree,Somewhat Agree,Somewhat Disagree,Somewhat Agree,Somewhat Agree,Somewhat Disagree,Somewhat Agree,Somewhat Agree,Somewhat Unfair,Neutral,Somewhat Disagree,Neutral,Somewhat Disagree,Disagree,Somewhat Agree,Somewhat Agree,Somewhat Agree,Fair,Agree,Agree,Neutral,Somewhat Disagree,Somewhat Agree,Somewhat Disagree,Disagree,Somewhat Disagree
2168,1260,18-29,Bachelor,Female,,25000-50000,false,false,true,false,false,,ins,properties first,Fair,Agree,Agree,Agree,Agree,Agree,Agree,Agree,Agree,Unfair,Neutral,Somewhat Agree,Neutral,Somewhat Disagree,Somewhat Agree,Somewhat Agree,Neutral,Neutral,Somewhat Fair,Neutral,Somewhat Agree,Neutral,Neutral,Neutral,Neutral,Somewhat Agree,,Very Fair,Neutral,Somewhat Agree,Neutral,Neutral,Somewhat Disagree,Neutral,Neutral,Neutral,Fair,Agree,Agree,Agree,Agree,Somewhat Agree,Somewhat Agree,Agree,Somewhat Agree,Somewhat Unfair,Agree,Agree,Agree,Agree,Agree,Agree,Agree,Agree,Very Unfair,Somewhat Agree,Somewhat Agree,Somewhat Agree,Somewhat Agree,Somewhat Agree,Somewhat Agree,Somewhat Agree,Somewhat Agree,Neutral,Somewhat Agree,Agree,Somewhat Agree,Agree,Somewhat Agree,Neutral,Neutral,Neutral
2169,1468,18-29,High School,Female,,25000-50000,false,false,false,true,false,,ins,properties first,Somewhat Fair,Neutral,Agree,Somewhat Agree,Somewhat Disagree,Somewhat Disagree,Neutral,Agree,Somewhat Agree,Somewhat Fair,Agree,Agree,Somewhat Agree,Neutral,Somewhat Disagree,Somewhat Agree,Agree,Neutral,Somewhat Unfair,Neutral,Agree,Neutral,Somewhat Disagree,Somewhat Agree,Somewhat Agree,Agree,Somewhat Disagree,Unfair,Somewhat Agree,Agree,Neutral,Neutral,Somewhat Agree,Somewhat Disagree,Neutral,Agree,Somewhat Fair,Somewhat Agree,Agree,Neutral,Somewhat Disagree,Somewhat Disagree,Somewhat Agree,Neutral,Agree,Somewhat Unfair,Somewhat Agree,Agree,Somewhat Agree,Somewhat Agree,Somewhat Disagree,Disagree,Somewhat Disagree,Agree,Neutral,Somewhat Agree,Agree,Neutral,Agree,Agree,Somewhat Disagree,Neutral,Somewhat Agree,Fair,Neutral,Neutral,Somewhat Agree,Agree,Neutral,Somewhat Agree,Agree,Somewhat Disagree
2170,2256,50-59,Bachelor,Male,,50000-75000,false,false,false,true,false,,ins,fairness first,Fair,Agree,Agree,Disagree,Strongly Disagree,Agree,Neutral,Agree,Strongly Disagree,Unfair,Agree,Agree,Disagree,Somewhat Agree,Disagree,Neutral,Agree,Somewhat Agree,Fair,Agree,Agree,Disagree,Agree,Neutral,Somewhat Disagree,Neutral,Disagree,Unfair,Disagree,Disagree,Agree,Somewhat Agree,Somewhat Disagree,Agree,Agree,Somewhat Disagree,Unfair,Agree,Agree,Agree,Somewhat Agree,Agree,Somewhat Agree,Somewhat Agree,Neutral,Unfair,Agree,Agree,Disagree,Agree,Somewhat Disagree,Disagree,Neutral,Somewhat Agree,Fair,Agree,Neutral,Disagree,Agree,Somewhat Agree,Disagree,Somewhat Agree,Agree,Fair,Agree,Agree,Strongly Agree,Disagree,Agree,Somewhat Agree,Somewhat Agree,Disagree
2171,408,50-59,Bachelor,Male,,75000-100000,false,false,false,true,false,,ins,properties first,Very Unfair,Strongly Agree,Strongly Agree,Strongly Agree,Agree,Strongly Agree,Agree,Strongly Agree,,Unfair,Strongly Disagree,Strongly Agree,Agree,Strongly Disagree,Strongly Disagree,Strongly Disagree,Strongly Disagree,Strongly Disagree,Somewhat Fair,Strongly Agree,Agree,Strongly Agree,Agree,Strongly Agree,Agree,Strongly Agree,Agree,Very Fair,Agree,Strongly Agree,Agree,Agree,Strongly Agree,Agree,Strongly Agree,Agree,Somewhat Fair,Strongly Disagree,Strongly Agree,Strongly Agree,Strongly Agree,Strongly Agree,Strongly Agree,Strongly Agree,Agree,Somewhat Unfair,Strongly Agree,Agree,Strongly Agree,Agree,Strongly Disagree,Agree,Strongly Disagree,Strongly Disagree,Very Unfair,Strongly Agree,Agree,Strongly Agree,Agree,Strongly Agree,Agree,Strongly Agree,,Somewhat Unfair,Strongly Disagree,Strongly Disagree,Strongly Disagree,Agree,Strongly Disagree,Strongly Disagree,Strongly Disagree,Strongly Disagree
2172,571,30-39,High School,Male,,25000-50000,false,false,false,true,false,,ins,properties first,Fair,Strongly Agree,Somewhat Agree,Disagree,Strongly Disagree,Somewhat Agree,Strongly Disagree,Strongly Disagree,Strongly Disagree,Very Unfair,Agree,Disagree,Strongly Disagree,Strongly Disagree,Strongly Disagree,Strongly Disagree,Disagree,Strongly Disagree,Very Unfair,Agree,Disagree,Somewhat Agree,Neutral,Disagree,Strongly Disagree,Strongly Disagree,Strongly Disagree,Somewhat Fair,Agree,Somewhat Agree,Somewhat Disagree,Neutral,Disagree,Strongly Disagree,Disagree,Disagree,Somewhat Unfair,Strongly Agree,Agree,Strongly Disagree,Agree,Neutral,Disagree,Strongly Disagree,Strongly Disagree,Very Unfair,Strongly Agree,Disagree,Strongly Disagree,Somewhat Agree,Strongly Disagree,Disagree,Disagree,Disagree,Unfair,Agree,Strongly Disagree,Somewhat Disagree,Somewhat Disagree,Disagree,Strongly Disagree,Strongly Disagree,Strongly Disagree,Fair,Strongly Agree,Somewhat Agree,Disagree,Somewhat Disagree,Agree,Strongly Disagree,Strongly Disagree,Strongly Disagree
2173,2198,30-39,Bachelor,Male,,75000-100000,false,true,false,false,false,,ins,fairness first,Very Fair,Agree,Agree,Disagree,Strongly Disagree,Agree,Somewhat Disagree,Somewhat Disagree,Disagree,Very Unfair,Agree,Disagree,Neutral,Strongly Agree,Disagree,Strongly Agree,Strongly Agree,Neutral,Unfair,Somewhat Agree,Disagree,Somewhat Agree,Agree,Agree,Agree,Strongly Agree,Somewhat Agree,Somewhat Fair,Somewhat Agree,Somewhat Agree,Somewhat Disagree,Agree,Somewhat Agree,Somewhat Agree,Agree,Somewhat Agree,Somewhat Fair,Somewhat Agree,Somewhat Agree,Disagree,Somewhat Disagree,Somewhat Agree,Somewhat Agree,Somewhat Agree,Disagree,Somewhat Unfair,Agree,Somewhat Disagree,Neutral,Agree,Somewhat Agree,Agree,Strongly Agree,Somewhat Agree,Somewhat Fair,Agree,Somewhat Agree,Neutral,Strongly Agree,Agree,Somewhat Agree,Agree,Agree,Fair,Agree,Agree,Somewhat Agree,Strongly Disagree,Agree,Somewhat Disagree,Somewhat Agree,Neutral
2174,698,30-39,Bachelor,Male,,75000-100000,false,false,false,true,false,,ins,fairness first,Fair,Somewhat Agree,Somewhat Agree,Somewhat Agree,Strongly Disagree,Agree,Neutral,Strongly Agree,Agree,Unfair,Somewhat Agree,Disagree,Agree,Agree,Somewhat Disagree,Neutral,Strongly Agree,Strongly Agree,Unfair,Disagree,Disagree,Somewhat Agree,Strongly Agree,Neutral,Agree,Somewhat Agree,Disagree,Unfair,Somewhat Disagree,Disagree,Strongly Agree,Agree,Agree,Somewhat Agree,Somewhat Agree,Somewhat Agree,Unfair,Somewhat Agree,Disagree,Strongly Agree,,Neutral,Somewhat Agree,Disagree,Disagree,Unfair,Agree,Disagree,Somewhat Agree,Strongly Agree,Strongly Disagree,Somewhat Agree,Agree,Disagree,Fair,Disagree,Disagree,Disagree,Strongly Agree,Agree,Agree,Strongly Agree,Agree,Fair,Neutral,Agree,Strongly Agree,Disagree,Strongly Agree,Agree,Somewhat Agree,Neutral
2175,458,40-49,Bachelor,Female,,75000-100000,false,false,false,true,false,,ins,fairness first,Fair,Strongly Agree,Strongly Agree,Strongly Disagree,Strongly Disagree,Agree,Agree,Agree,Agree,Unfair,Strongly Agree,Disagree,Disagree,Strongly Disagree,Agree,Somewhat Disagree,Somewhat Disagree,Somewhat Disagree,Very Unfair,Strongly Agree,Disagree,Somewhat Disagree,Strongly Agree,Disagree,Agree,Disagree,Disagree,Somewhat Fair,Agree,Strongly Disagree,Strongly Disagree,Strongly Disagree,Strongly Disagree,Agree,Strongly Disagree,Strongly Disagree,Very Unfair,Somewhat Agree,Strongly Disagree,Strongly Agree,Somewhat Agree,Strongly Disagree,Strongly Agree,Strongly Disagree,Strongly Disagree,Somewhat Fair,Agree,Strongly Disagree,Somewhat Disagree,Strongly Agree,Strongly Disagree,Agree,Strongly Disagree,Strongly Disagree,Somewhat Fair,Somewhat Disagree,Somewhat Disagree,Agree,Agree,Somewhat Disagree,Neutral,Somewhat Agree,Somewhat Agree,Unfair,Agree,Agree,Strongly Agree,Strongly Disagree,Agree,Agree,Agree,Agree
2176,590,18-29,High School,Female,,<25000,false,false,false,true,true,,ins,properties first,Unfair,Agree,Agree,Disagree,Strongly Disagree,Somewhat Agree,Strongly Disagree,Agree,Agree,Somewhat Unfair,Agree,Agree,Disagree,Strongly Disagree,Somewhat Disagree,Somewhat Disagree,Disagree,Disagree,Unfair,Disagree,Disagree,Strongly Agree,Somewhat Disagree,Somewhat Disagree,Agree,Neutral,Neutral,Somewhat Fair,Somewhat Agree,Somewhat Agree,Neutral,Somewhat Agree,Agree,Somewhat Disagree,Neutral,Neutral,Neutral,Agree,Neutral,Strongly Agree,Disagree,Neutral,Somewhat Disagree,Neutral,Neutral,Unfair,Neutral,Disagree,Somewhat Agree,Somewhat Agree,Somewhat Disagree,Somewhat Disagree,Somewhat Agree,Somewhat Agree,Somewhat Fair,Neutral,Somewhat Agree,Strongly Agree,Neutral,Somewhat Agree,Agree,Somewhat Agree,Neutral,Very Unfair,Disagree,Disagree,Strongly Agree,Somewhat Disagree,Somewhat Disagree,Agree,Strongly Agree,Strongly Agree
2177,602,40-49,Bachelor,Male,,>100000,false,false,false,true,false,,ins,properties first,Somewhat Fair,Strongly Agree,,Neutral,Strongly Disagree,Agree,Neutral,Somewhat Agree,Neutral,Very Unfair,Disagree,Strongly Disagree,Somewhat Disagree,Agree,Somewhat Agree,Neutral,Agree,Agree,Very Unfair,Somewhat Disagree,Neutral,Neutral,Agree,Strongly Disagree,,Agree,Agree,Somewhat Fair,Somewhat Agree,Agree,Neutral,Somewhat Agree,Somewhat Agree,Agree,Agree,Agree,Neutral,Somewhat Agree,Agree,Agree,Somewhat Agree,Strongly Agree,Agree,Strongly Agree,Neutral,Unfair,Somewhat Disagree,Somewhat Disagree,Neutral,Somewhat Agree,Neutral,Somewhat Agree,Agree,Agree,Somewhat Unfair,Somewhat Agree,Somewhat Agree,Neutral,Agree,Agree,Agree,Agree,Agree,Unfair,Somewhat Agree,Strongly Agree,Agree,Somewhat Disagree,Agree,Agree,Agree,Agree
2178,2071,30-39,Bachelor,Female,,75000-100000,false,false,false,true,false,,ins,fairness first,Unfair,Strongly Agree,Somewhat Agree,Disagree,Strongly Disagree,Agree,Somewhat Agree,Agree,Agree,Very Unfair,Strongly Agree,Neutral,Strongly Disagree,Neutral,Disagree,Strongly Agree,Strongly Agree,Strongly Agree,Very Unfair,Disagree,Strongly Disagree,Disagree,Neutral,Strongly Disagree,Disagree,Disagree,Disagree,Somewhat Unfair,Disagree,Somewhat Agree,Disagree,Somewhat Agree,Somewhat Agree,Agree,Agree,Agree,Very Unfair,Somewhat Disagree,Disagree,Strongly Agree,Agree,Strongly Disagree,Strongly Agree,Disagree,Somewhat Agree,Very Unfair,Disagree,Disagree,Neutral,Somewhat Agree,Strongly Disagree,Neutral,Disagree,Somewhat Agree,Very Unfair,Agree,Disagree,Disagree,Agree,Disagree,Neutral,Somewhat Agree,Somewhat Agree,Very Unfair,Agree,Agree,Strongly Agree,Strongly Disagree,,Somewhat Agree,Strongly Agree,Strongly Agree
2179,1858,18-29,Bachelor,Male,,50000-75000,false,false,false,true,false,,ins,fairness first,Neutral,Agree,Somewhat Agree,Somewhat Agree,Strongly Disagree,Somewhat Agree,Somewhat Agree,Agree,Neutral,Unfair,Agree,Agree,Disagree,Disagree,Disagree,Disagree,Disagree,Disagree,Very Unfair,Agree,Neutral,Somewhat Disagree,Somewhat Agree,Strongly Disagree,Disagree,Somewhat Disagree,Disagree,Neutral,Somewhat Agree,Agree,Neutral,Agree,Somewhat Agree,Disagree,Neutral,Neutral,Fair,Somewhat Agree,Agree,Strongly Agree,Somewhat Agree,Agree,Somewhat Agree,Neutral,Somewhat Disagree,Neutral,Somewhat Agree,Somewhat Agree,Agree,Somewhat Agree,Strongly Agree,Neutral,Somewhat Disagree,Neutral,Unfair,Agree,Agree,Strongly Agree,Agree,Neutral,Neutral,Somewhat Agree,Neutral,Unfair,Agree,Agree,Neutral,Somewhat Disagree,Neutral,Somewhat Agree,Agree,Agree
2180,2515,40-49,Bachelor,Male,,<25000,false,true,false,false,false,,ins,fairness first,Very Fair,Strongly Agree,Strongly Agree,Strongly Disagree,Somewhat Agree,Strongly Disagree,Strongly Disagree,Strongly Disagree,Strongly Disagree,Fair,Agree,Disagree,Strongly Disagree,Somewhat Disagree,Disagree,Somewhat Agree,Agree,Agree,Very Unfair,Strongly Disagree,Somewhat Disagree,Agree,Somewhat Disagree,Strongly Disagree,Somewhat Agree,Agree,Agree,Very Fair,Strongly Agree,Strongly Agree,Agree,Agree,Strongly Disagree,Disagree,Somewhat Disagree,Somewhat Disagree,Very Fair,Strongly Agree,Strongly Agree,Strongly Agree,Neutral,Strongly Disagree,Strongly Disagree,Strongly Disagree,Strongly Disagree,Unfair,Disagree,Strongly Disagree,Strongly Disagree,Somewhat Disagree,Strongly Disagree,Strongly Disagree,Strongly Disagree,Strongly Disagree,Very Unfair,Agree,Strongly Disagree,Disagree,Somewhat Disagree,Strongly Disagree,Strongly Disagree,Strongly Disagree,Strongly Disagree,Very Fair,Strongly Agree,Strongly Agree,Strongly Agree,Somewhat Agree,Strongly Disagree,Strongly Disagree,Strongly Disagree,Strongly Disagree
2181,3009,30-39,Bachelor,Male,,25000-50000,false,false,false,false,true,,ins,fairness first,Very Fair,Somewhat Agree,Agree,Strongly Agree,Somewhat Agree,Strongly Agree,Agree,Somewhat Agree,Somewhat Agree,Fair,Agree,Strongly Agree,Strongly Agree,Agree,Agree,Strongly Agree,Agree,Somewhat Agree,Very Fair,Somewhat Agree,Agree,Strongly Agree,Strongly Agree,Agree,Neutral,Neutral,Somewhat Agree,Very Fair,Neutral,Somewhat Agree,Agree,Agree,Agree,Neutral,Somewhat Agree,Agree,Fair,Agree,Strongly Agree,Strongly Agree,Strongly Agree,Agree,Somewhat Agree,Neutral,Somewhat Agree,Fair,Agree,Strongly Agree,Strongly Agree,Agree,Neutral,Somewhat Agree,Somewhat Disagree,Neutral,Somewhat Unfair,Strongly Agree,Agree,Somewhat Agree,Somewhat Agree,Agree,Somewhat Agree,Neutral,Somewhat Agree,Somewhat Fair,Neutral,Somewhat Agree,Somewhat Agree,Agree,Somewhat Agree,Somewhat Agree,Agree,Agree
2182,361,18-29,Bachelor,Female,,25000-50000,false,false,false,true,false,,ins,properties first,Unfair,Agree,Agree,Disagree,Strongly Disagree,Agree,Somewhat Disagree,Agree,Agree,Unfair,Agree,Agree,Strongly Disagree,Strongly Disagree,Agree,Somewhat Disagree,Somewhat Disagree,Somewhat Disagree,Unfair,Agree,Agree,Disagree,Agree,,Somewhat Agree,Neutral,Neutral,Somewhat Fair,Disagree,Somewhat Disagree,Agree,Somewhat Agree,Somewhat Agree,Agree,Neutral,Strongly Agree,Somewhat Unfair,Agree,Neutral,Disagree,Neutral,Agree,Agree,Neutral,Agree,Somewhat Unfair,Somewhat Agree,Neutral,Neutral,Neutral,Neutral,Agree,Somewhat Agree,Neutral,Unfair,Agree,Neutral,Somewhat Agree,Somewhat Disagree,Somewhat Disagree,Somewhat Agree,Somewhat Agree,Somewhat Agree,Fair,Agree,Agree,Somewhat Agree,Agree,Agree,Agree,Neutral,Somewhat Agree
2183,437,50-59,Graduate,Male,,<25000,false,false,false,true,false,,ins,properties first,Somewhat Fair,Agree,Strongly Agree,Disagree,Strongly Disagree,Strongly Agree,Somewhat Disagree,Strongly Disagree,Strongly Disagree,Very Unfair,Strongly Agree,Somewhat Disagree,Strongly Disagree,Somewhat Agree,Somewhat Disagree,Disagree,Strongly Disagree,Strongly Disagree,Somewhat Unfair,Agree,Somewhat Agree,Disagree,Somewhat Agree,Somewhat Agree,Somewhat Disagree,Disagree,Disagree,Somewhat Unfair,Agree,Agree,Somewhat Disagree,Somewhat Disagree,Agree,Neutral,Somewhat Agree,Somewhat Agree,Very Fair,Agree,Agree,Disagree,Disagree,Strongly Agree,Neutral,Somewhat Agree,Somewhat Agree,Unfair,Somewhat Agree,Somewhat Disagree,Somewhat Disagree,Agree,Disagree,Somewhat Disagree,Somewhat Agree,Agree,Unfair,Agree,Somewhat Disagree,Disagree,Agree,Somewhat Agree,Somewhat Agree,Agree,Agree,Somewhat Unfair,Somewhat Agree,Agree,Disagree,Somewhat Disagree,Agree,Somewhat Agree,Disagree,Disagree
2184,637,18-29,Bachelor,Male,,25000-50000,false,true,false,false,false,,ins,fairness first,Fair,Agree,Agree,,Somewhat Agree,Somewhat Disagree,Neutral,Somewhat Agree,Somewhat Agree,Somewhat Fair,Agree,Somewhat Agree,Agree,Somewhat Agree,,Agree,Somewhat Agree,Agree,Fair,Somewhat Agree,Neutral,Neutral,Somewhat Agree,Disagree,Neutral,Somewhat Agree,Neutral,Fair,Neutral,Somewhat Agree,Somewhat Agree,Neutral,Somewhat Disagree,Neutral,Somewhat Agree,Neutral,Fair,Somewhat Agree,Agree,Agree,Somewhat Agree,Neutral,Somewhat Disagree,Neutral,Neutral,Very Fair,Somewhat Agree,Somewhat Agree,Neutral,Somewhat Disagree,Neutral,Neutral,Somewhat Agree,Neutral,Fair,Agree,Somewhat Agree,Somewhat Agree,Somewhat Agree,Neutral,Somewhat Disagree,Neutral,Neutral,Somewhat Fair,Neutral,Somewhat Agree,Somewhat Agree,Neutral,Somewhat Disagree,Neutral,Neutral,Somewhat Disagree
2185,3061,18-29,Bachelor,Male,,<25000,false,true,false,false,false,,ins,properties first,Unfair,Agree,Strongly Agree,Strongly Agree,Agree,Strongly Agree,Somewhat Agree,Agree,Somewhat Agree,Unfair,Agree,Somewhat Agree,Strongly Agree,Agree,Somewhat Disagree,Somewhat Disagree,Somewhat Agree,Agree,Unfair,Somewhat Agree,Agree,Strongly Agree,Agree,Somewhat Agree,Agree,Somewhat Disagree,Somewhat Disagree,Somewhat Fair,Somewhat Agree,Strongly Agree,Somewhat Disagree,Somewhat Agree,Agree,Agree,Somewhat Disagree,Somewhat Agree,Somewhat Fair,Somewhat Disagree,Agree,Strongly Agree,Agree,Somewhat Agree,Somewhat Disagree,Disagree,Somewhat Agree,Somewhat Unfair,Somewhat Agree,Agree,Strongly Agree,Agree,Strongly Agree,Somewhat Agree,Somewhat Disagree,Somewhat Agree,Unfair,Disagree,Somewhat Agree,Agree,Strongly Agree,Somewhat Agree,Agree,Disagree,Somewhat Disagree,Somewhat Fair,Somewhat Agree,Strongly Agree,Somewhat Disagree,Somewhat Agree,Agree,Somewhat Agree,Agree,Strongly Agree
2186,1218,18-29,Bachelor,Male,,25000-50000,false,true,false,false,false,,ins,properties first,Fair,Strongly Agree,Strongly Agree,Strongly Disagree,Agree,Strongly Disagree,Strongly Disagree,Somewhat Disagree,Disagree,Very Unfair,Strongly Agree,Somewhat Agree,Disagree,Strongly Disagree,Strongly Disagree,Strongly Disagree,Disagree,Somewhat Disagree,Somewhat Fair,Strongly Agree,Agree,Somewhat Agree,Strongly Agree,Strongly Disagree,Strongly Disagree,Somewhat Disagree,Strongly Disagree,Very Fair,Strongly Agree,Strongly Agree,Strongly Disagree,Strongly Agree,Somewhat Disagree,Strongly Disagree,Disagree,Disagree,Somewhat Unfair,Somewhat Agree,Strongly Agree,Agree,Strongly Agree,Somewhat Agree,Disagree,Disagree,Somewhat Disagree,Unfair,Strongly Agree,Strongly Agree,Strongly Disagree,Strongly Agree,Strongly Disagree,Strongly Disagree,Strongly Disagree,Strongly Disagree,Fair,Agree,Agree,Strongly Agree,Strongly Agree,Somewhat Agree,Strongly Disagree,Strongly Disagree,Strongly Disagree,Very Fair,Strongly Agree,Strongly Agree,Agree,Disagree,Strongly Disagree,Strongly Disagree,Somewhat Agree,Somewhat Disagree
2187,1106,30-39,Associate or Diploma,Male,,>100000,false,false,false,true,false,,ins,fairness first,Fair,Somewhat Agree,Agree,Somewhat Disagree,Strongly Disagree,Somewhat Agree,Disagree,Neutral,Somewhat Agree,Fair,Somewhat Agree,Neutral,Disagree,Somewhat Disagree,Neutral,Somewhat Disagree,Neutral,Neutral,Neutral,Neutral,Somewhat Agree,Neutral,Strongly Agree,Neutral,Disagree,Neutral,Somewhat Disagree,Fair,Somewhat Agree,Agree,Somewhat Disagree,Strongly Agree,Agree,Disagree,Neutral,Neutral,Very Fair,Somewhat Agree,Agree,Somewhat Disagree,Agree,Strongly Agree,Disagree,Somewhat Agree,Neutral,Somewhat Fair,Somewhat Agree,Neutral,Somewhat Disagree,Agree,Neutral,Somewhat Disagree,Neutral,Somewhat Agree,Somewhat Fair,Somewhat Agree,Somewhat Agree,Somewhat Disagree,Strongly Agree,Somewhat Agree,Disagree,Agree,Somewhat Agree,Fair,Somewhat Disagree,Strongly Agree,Somewhat Agree,Disagree,Strongly Agree,Disagree,Somewhat Agree,Somewhat Agree
2188,1822,30-39,Bachelor,Male,,50000-75000,false,false,true,false,false,,ins,fairness first,Fair,Agree,Somewhat Agree,Strongly Agree,Agree,Strongly Agree,Agree,Strongly Agree,Agree,Very Fair,Agree,Somewhat Agree,Strongly Agree,Agree,Strongly Agree,Agree,Strongly Agree,Agree,Very Fair,Strongly Agree,Agree,Strongly Agree,Somewhat Agree,Strongly Agree,Agree,Strongly Agree,Agree,Fair,Agree,Somewhat Agree,Strongly Agree,Agree,Strongly Agree,Agree,Strongly Agree,Agree,Very Fair,Agree,Somewhat Agree,Strongly Agree,Agree,Strongly Agree,Somewhat Agree,Strongly Agree,Agree,Fair,Agree,Somewhat Agree,Strongly Agree,Agree,Strongly Agree,Agree,Strongly Agree,Agree,Fair,Agree,Somewhat Agree,Strongly Agree,Agree,Strongly Agree,Strongly Agree,Agree,Strongly Agree,Very Fair,Agree,Strongly Agree,Agree,Strongly Agree,Agree,Strongly Agree,Agree,Strongly Agree
2189,1651,18-29,High School,Female,,50000-75000,false,false,false,false,true,,ins,fairness first,Neutral,Somewhat Agree,Somewhat Agree,Strongly Disagree,Strongly Disagree,Somewhat Agree,Neutral,Somewhat Disagree,Somewhat Disagree,Unfair,Disagree,Disagree,Strongly Disagree,Somewhat Disagree,Disagree,Agree,Agree,Neutral,Unfair,Disagree,Disagree,Somewhat Disagree,Neutral,Somewhat Disagree,Somewhat Agree,Somewhat Agree,Neutral,Fair,Somewhat Agree,Somewhat Agree,Somewhat Disagree,Neutral,Agree,Neutral,Somewhat Agree,Somewhat Agree,Fair,Agree,Agree,Somewhat Disagree,Disagree,Agree,Disagree,Neutral,Neutral,Unfair,Somewhat Disagree,Disagree,Somewhat Agree,Neutral,Neutral,Somewhat Agree,Agree,Somewhat Agree,Unfair,Neutral,Somewhat Disagree,Neutral,Somewhat Disagree,Neutral,Agree,,Agree,Somewhat Unfair,Disagree,Disagree,Agree,Strongly Disagree,Neutral,Neutral,Neutral,Neutral
2190,1321,18-29,Bachelor,Male,,25000-50000,false,false,false,true,false,,ins,fairness first,Very Fair,Agree,Strongly Agree,Somewhat Disagree,Strongly Disagree,Strongly Agree,Neutral,Strongly Disagree,Strongly Disagree,Somewhat Unfair,Agree,Strongly Agree,Disagree,Somewhat Agree,Somewhat Agree,Neutral,Somewhat Agree,Somewhat Agree,Unfair,Agree,Agree,Somewhat Agree,Somewhat Agree,Agree,Strongly Agree,Somewhat Disagree,Neutral,Somewhat Fair,Somewhat Agree,Somewhat Agree,Agree,Strongly Agree,Agree,Agree,Disagree,Somewhat Disagree,Fair,Somewhat Agree,Somewhat Agree,Strongly Agree,Somewhat Disagree,Neutral,Somewhat Agree,Strongly Disagree,Strongly Disagree,Somewhat Fair,Agree,Somewhat Agree,Somewhat Agree,Agree,Somewhat Disagree,Somewhat Disagree,Somewhat Agree,Somewhat Agree,Fair,Somewhat Agree,Agree,Agree,Strongly Agree,Agree,Agree,Somewhat Agree,Neutral,Somewhat Fair,Somewhat Agree,Strongly Agree,Strongly Agree,Strongly Disagree,Strongly Agree,Strongly Agree,Strongly Disagree,Somewhat Agree
2191,924,40-49,Bachelor,Female,,50000-75000,false,false,false,true,false,,ins,fairness first,Fair,Strongly Agree,Strongly Agree,Strongly Agree,Strongly Agree,Strongly Agree,Strongly Disagree,Strongly Disagree,Strongly Disagree,Very Unfair,Agree,Agree,Strongly Agree,Strongly Disagree,Strongly Disagree,Strongly Disagree,Strongly Disagree,Strongly Disagree,Somewhat Unfair,Strongly Agree,Strongly Agree,Strongly Agree,Strongly Disagree,Strongly Disagree,Strongly Disagree,Strongly Disagree,Strongly Disagree,Fair,Strongly Agree,Agree,Agree,Strongly Disagree,Strongly Disagree,Disagree,Disagree,Disagree,Somewhat Fair,Agree,Agree,Agree,Disagree,Disagree,Disagree,Disagree,Disagree,Somewhat Fair,Agree,Agree,Agree,Somewhat Disagree,,Disagree,Disagree,Disagree,Somewhat Unfair,Agree,Agree,Agree,Somewhat Disagree,Neutral,Neutral,Neutral,Somewhat Agree,Fair,Strongly Agree,Strongly Agree,Strongly Agree,Strongly Agree,Somewhat Disagree,Somewhat Disagree,Somewhat Agree,Disagree
2192,1147,30-39,Associate or Diploma,Female,,50000-75000,false,false,false,true,false,,ins,fairness first,Somewhat Unfair,Somewhat Agree,Strongly Agree,Somewhat Disagree,Somewhat Agree,Agree,Somewhat Agree,Neutral,Agree,Unfair,Agree,Strongly Agree,Agree,Somewhat Agree,Somewhat Disagree,Neutral,Agree,Somewhat Agree,Very Fair,Agree,Somewhat Agree,Neutral,Somewhat Agree,Somewhat Disagree,Neutral,Somewhat Agree,Agree,Fair,Agree,Strongly Agree,Somewhat Agree,Neutral,Agree,Somewhat Agree,Agree,Somewhat Disagree,Somewhat Fair,Strongly Agree,Agree,Strongly Agree,Somewhat Agree,Agree,Neutral,Somewhat Agree,Somewhat Disagree,Neutral,Neutral,Disagree,Somewhat Disagree,Somewhat Agree,Disagree,Neutral,Somewhat Agree,Somewhat Disagree,Somewhat Fair,Somewhat Agree,Agree,Strongly Agree,Somewhat Agree,Neutral,Somewhat Disagree,Neutral,Somewhat Agree,Very Fair,Somewhat Agree,Agree,Strongly Agree,Agree,Somewhat Agree,Neutral,Somewhat Disagree,Agree
2193,2121,50-59,Associate or Diploma,Female,,50000-75000,true,false,false,false,false,,ins,fairness first,Somewhat Unfair,Neutral,Disagree,Neutral,Somewhat Disagree,Somewhat Disagree,Somewhat Disagree,Somewhat Disagree,Somewhat Disagree,Somewhat Unfair,Somewhat Disagree,Somewhat Disagree,Somewhat Disagree,Somewhat Disagree,Somewhat Disagree,Somewhat Disagree,Neutral,Somewhat Disagree,Somewhat Unfair,Disagree,Strongly Agree,Neutral,Somewhat Disagree,Somewhat Disagree,Somewhat Disagree,Somewhat Disagree,Somewhat Disagree,Neutral,Disagree,Neutral,Somewhat Disagree,Somewhat Disagree,Somewhat Disagree,Somewhat Disagree,Somewhat Disagree,Somewhat Disagree,Somewhat Unfair,Somewhat Disagree,Somewhat Disagree,Somewhat Disagree,Somewhat Disagree,Somewhat Disagree,Somewhat Disagree,Somewhat Disagree,Somewhat Disagree,Somewhat Unfair,Somewhat Disagree,Somewhat Disagree,Somewhat Disagree,Somewhat Disagree,Neutral,Somewhat Disagree,Somewhat Disagree,Somewhat Disagree,Neutral,Somewhat Disagree,Somewhat Disagree,Somewhat Disagree,Somewhat Disagree,Somewhat Disagree,Strongly Agree,Strongly Disagree,Strongly Disagree,Neutral,Somewhat Disagree,Neutral,Somewhat Disagree,Somewhat Disagree,Somewhat Disagree,Somewhat Disagree,Neutral,Somewhat Disagree
2194,2310,18-29,High School,Male,,25000-50000,false,false,false,true,false,,ins,properties first,Somewhat Fair,Neutral,Somewhat Agree,Neutral,Neutral,Strongly Agree,Somewhat Disagree,Somewhat Disagree,Strongly Disagree,Fair,Neutral,Neutral,Strongly Agree,Strongly Disagree,Somewhat Disagree,Neutral,Strongly Disagree,Neutral,Neutral,Neutral,Neutral,Strongly Agree,Neutral,Strongly Agree,Somewhat Disagree,Strongly Disagree,Neutral,Unfair,Neutral,Neutral,Strongly Disagree,Neutral,Somewhat Agree,Somewhat Disagree,Neutral,Agree,Very Fair,Neutral,Neutral,Neutral,Somewhat Disagree,Neutral,Agree,Strongly Disagree,Agree,Unfair,Neutral,Neutral,Strongly Disagree,Neutral,Somewhat Agree,Strongly Disagree,Strongly Disagree,Neutral,Fair,Neutral,Neutral,Agree,Neutral,Agree,Somewhat Agree,Strongly Disagree,Strongly Disagree,Neutral,Somewhat Disagree,Strongly Agree,Somewhat Disagree,Agree,Strongly Disagree,Neutral,Somewhat Disagree,Somewhat Disagree
2195,381,30-39,Bachelor,Male,,75000-100000,false,false,false,true,false,,ins,properties first,Very Fair,Strongly Agree,Strongly Agree,Disagree,Strongly Disagree,Strongly Agree,Strongly Disagree,Strongly Disagree,Strongly Disagree,Somewhat Unfair,Agree,Strongly Disagree,Strongly Disagree,Strongly Disagree,Somewhat Disagree,Somewhat Agree,Strongly Agree,Strongly Agree,Somewhat Unfair,Somewhat Disagree,Somewhat Agree,Strongly Agree,Strongly Agree,Somewhat Disagree,Strongly Agree,Strongly Agree,Somewhat Disagree,Somewhat Fair,Somewhat Agree,Somewhat Disagree,Somewhat Agree,Agree,Somewhat Agree,Somewhat Disagree,Somewhat Disagree,Disagree,Very Unfair,Somewhat Agree,Agree,Somewhat Agree,Somewhat Disagree,Strongly Agree,Strongly Agree,Somewhat Disagree,Disagree,Very Unfair,Strongly Agree,Strongly Disagree,Strongly Agree,Somewhat Disagree,Disagree,Strongly Agree,Strongly Agree,Somewhat Disagree,Very Fair,Strongly Agree,Strongly Agree,Disagree,Somewhat Agree,Strongly Agree,Somewhat Disagree,Somewhat Disagree,Somewhat Disagree,Somewhat Fair,Somewhat Agree,Agree,Strongly Agree,Somewhat Disagree,,Somewhat Agree,Disagree,Disagree
2196,1410,18-29,Bachelor,Male,,<25000,false,true,false,false,false,,ins,fairness first,Very Fair,Strongly Agree,Agree,Strongly Agree,Agree,Neutral,Somewhat Disagree,Disagree,Agree,Very Fair,Agree,Strongly Agree,Strongly Agree,Agree,Somewhat Disagree,Neutral,Disagree,Agree,Very Fair,Strongly Agree,Agree,Somewhat Agree,Neutral,Somewhat Agree,Disagree,Strongly Disagree,Neutral,Very Fair,Agree,Somewhat Agree,Agree,Strongly Agree,Disagree,Strongly Disagree,Disagree,Somewhat Agree,Fair,Agree,Strongly Agree,Neutral,Agree,Disagree,Somewhat Disagree,Strongly Disagree,Somewhat Agree,Very Fair,Agree,Strongly Agree,Somewhat Agree,Somewhat Disagree,Disagree,Strongly Disagree,Neutral,Somewhat Agree,Very Fair,Agree,Strongly Agree,Agree,Strongly Agree,Disagree,Strongly Disagree,Strongly Disagree,Agree,Fair,Somewhat Agree,Agree,Strongly Agree,Somewhat Agree,Disagree,Strongly Disagree,Strongly Disagree,Disagree
2197,983,40-49,High School,Male,,25000-50000,false,false,false,true,false,,ins,fairness first,Somewhat Unfair,Strongly Agree,Somewhat Agree,Disagree,Strongly Disagree,Somewhat Agree,Agree,Strongly Agree,Strongly Agree,Very Unfair,Agree,Strongly Disagree,Disagree,Neutral,Strongly Disagree,Agree,Strongly Agree,Strongly Agree,Unfair,Agree,Somewhat Disagree,Somewhat Disagree,Neutral,Disagree,Somewhat Disagree,Somewhat Agree,Somewhat Agree,Fair,Somewhat Agree,Strongly Agree,Disagree,Neutral,Agree,Somewhat Agree,Agree,Agree,Fair,Strongly Agree,Agree,Strongly Disagree,Agree,Agree,Agree,Agree,Agree,Unfair,Agree,Neutral,Disagree,Somewhat Agree,Disagree,Agree,Agree,Agree,Unfair,Agree,Somewhat Agree,Disagree,Somewhat Agree,Somewhat Agree,Strongly Agree,Strongly Agree,Strongly Agree,Somewhat Unfair,Agree,Strongly Agree,Somewhat Agree,Strongly Disagree,Strongly Agree,Strongly Agree,Agree,Agree
2198,428,50-59,High School,Female,,25000-50000,false,false,false,true,false,,ins,properties first,Unfair,Somewhat Agree,Agree,Neutral,Disagree,Strongly Agree,Neutral,Disagree,Disagree,Unfair,Somewhat Agree,Somewhat Agree,Somewhat Disagree,Disagree,Disagree,Disagree,Strongly Disagree,,Unfair,Somewhat Agree,Agree,Neutral,Neutral,Somewhat Disagree,Disagree,Disagree,Disagree,Unfair,Agree,Strongly Agree,Neutral,Agree,Agree,Disagree,Disagree,Disagree,Very Unfair,Somewhat Agree,Agree,Strongly Agree,Somewhat Agree,Strongly Agree,Somewhat Agree,Agree,Agree,Unfair,Disagree,Disagree,Disagree,Disagree,Disagree,Disagree,Disagree,Strongly Disagree,Somewhat Unfair,Somewhat Agree,Agree,Agree,Somewhat Disagree,Disagree,Disagree,Disagree,Disagree,Very Unfair,Agree,Agree,Agree,Strongly Agree,Somewhat Agree,Somewhat Agree,Somewhat Disagree,Neutral
2199,1393,40-49,Bachelor,Male,,50000-75000,false,false,false,true,false,,ins,properties first,Fair,Somewhat Agree,Agree,Agree,Somewhat Agree,Agree,Somewhat Agree,Agree,Somewhat Agree,Fair,Agree,Neutral,Agree,Somewhat Agree,Agree,Somewhat Agree,Neutral,Somewhat Agree,Somewhat Fair,Somewhat Agree,Neutral,Agree,Somewhat Agree,Strongly Agree,Agree,Strongly Agree,Somewhat Agree,Fair,Somewhat Agree,Somewhat Agree,Agree,Neutral,Agree,Strongly Agree,Neutral,Somewhat Agree,Neutral,Neutral,Somewhat Agree,Neutral,Agree,Agree,Somewhat Agree,Neutral,Somewhat Agree,Fair,Somewhat Agree,Somewhat Agree,Agree,Neutral,Agree,Somewhat Agree,Somewhat Agree,Agree,Neutral,Somewhat Agree,Agree,Somewhat Agree,Neutral,Agree,Somewhat Agree,Agree,Strongly Agree,Fair,Neutral,Agree,Somewhat Agree,Neutral,Agree,Somewhat Agree,Neutral,Somewhat Agree
2200,772,30-39,Bachelor,Male,,<25000,false,true,false,false,false,,ins,properties first,Neutral,Strongly Agree,Strongly Agree,Strongly Disagree,Strongly Disagree,Agree,Disagree,Strongly Disagree,Strongly Disagree,Very Unfair,Strongly Agree,Strongly Agree,Strongly Disagree,Strongly Disagree,Strongly Disagree,Strongly Disagree,Strongly Disagree,Strongly Agree,Somewhat Fair,Strongly Agree,Somewhat Agree,Strongly Disagree,Strongly Disagree,Disagree,Strongly Disagree,Disagree,Agree,Somewhat Fair,Agree,Strongly Agree,Neutral,Somewhat Agree,Somewhat Agree,Disagree,Somewhat Disagree,Neutral,Fair,Agree,Strongly Agree,Neutral,Somewhat Agree,Strongly Disagree,Strongly Disagree,Strongly Disagree,Strongly Disagree,Very Unfair,Somewhat Disagree,Disagree,Agree,Strongly Disagree,Strongly Disagree,Strongly Disagree,Strongly Disagree,Disagree,Unfair,Strongly Agree,Strongly Agree,Strongly Disagree,Neutral,Strongly Disagree,Strongly Disagree,Strongly Disagree,Somewhat Agree,Fair,Strongly Agree,Strongly Agree,Strongly Disagree,Neutral,Strongly Agree,Somewhat Disagree,Strongly Disagree,Strongly Disagree
2201,377,18-29,High School,,na,75000-100000,false,false,false,true,false,,ins,fairness first,Somewhat Fair,Strongly Agree,Strongly Agree,Strongly Disagree,Strongly Disagree,Strongly Disagree,Strongly Disagree,Strongly Agree,Strongly Agree,Very Unfair,Strongly Disagree,Strongly Disagree,Strongly Agree,Strongly Disagree,Strongly Disagree,Strongly Disagree,Strongly Agree,Strongly Agree,Somewhat Fair,Strongly Disagree,Strongly Disagree,Strongly Disagree,Strongly Agree,Strongly Disagree,Strongly Disagree,Strongly Disagree,Strongly Disagree,Fair,Strongly Agree,Strongly Agree,Somewhat Disagree,Strongly Agree,Strongly Disagree,Strongly Disagree,Strongly Disagree,Strongly Disagree,Very Fair,Strongly Agree,Strongly Agree,Strongly Agree,Strongly Disagree,Strongly Disagree,Somewhat Agree,Strongly Disagree,Strongly Disagree,Somewhat Unfair,Strongly Disagree,Strongly Disagree,Strongly Disagree,Disagree,Strongly Agree,Strongly Agree,Strongly Disagree,Strongly Disagree,Somewhat Fair,Strongly Disagree,Strongly Disagree,Strongly Agree,Strongly Agree,Strongly Agree,Strongly Disagree,Strongly Disagree,Strongly Disagree,Somewhat Fair,Strongly Disagree,Strongly Disagree,Strongly Agree,Strongly Disagree,Strongly Agree,Strongly Agree,Strongly Agree,Strongly Agree
2202,1220,30-39,Associate or Diploma,Female,,25000-50000,false,false,false,true,false,,ins,properties first,Unfair,Strongly Agree,Somewhat Agree,Strongly Disagree,Strongly Disagree,Neutral,Somewhat Agree,Somewhat Disagree,Agree,Neutral,Somewhat Agree,Somewhat Agree,Disagree,Neutral,Somewhat Disagree,,Neutral,Strongly Agree,Very Unfair,Strongly Disagree,Somewhat Disagree,Strongly Agree,Somewhat Agree,Neutral,Neutral,Strongly Agree,Somewhat Agree,Somewhat Fair,Strongly Agree,Somewhat Agree,Neutral,Strongly Agree,Somewhat Disagree,Neutral,Neutral,Somewhat Disagree,Neutral,Agree,Somewhat Agree,Strongly Disagree,Somewhat Agree,Neutral,Neutral,Agree,Somewhat Agree,Very Unfair,Disagree,Strongly Disagree,Strongly Agree,Neutral,Somewhat Agree,Strongly Agree,Somewhat Disagree,Somewhat Disagree,Very Unfair,Agree,Neutral,Strongly Disagree,Neutral,Neutral,Somewhat Disagree,Somewhat Disagree,Strongly Disagree,Very Unfair,Strongly Disagree,Neutral,Strongly Agree,Neutral,Somewhat Disagree,Strongly Agree,Neutral,Strongly Agree
2203,3556,30-39,Graduate,Male,,25000-50000,false,false,false,true,false,,ins,properties first,Very Fair,Strongly Agree,Agree,Agree,Somewhat Agree,Somewhat Agree,Somewhat Disagree,Somewhat Agree,Agree,Very Fair,Somewhat Agree,Agree,Somewhat Agree,Somewhat Agree,Agree,Agree,Agree,Somewhat Agree,Fair,Agree,Somewhat Agree,Somewhat Agree,Agree,Agree,Somewhat Agree,Somewhat Agree,Agree,Fair,Somewhat Agree,Agree,Disagree,Agree,Somewhat Agree,Somewhat Agree,Agree,Agree,Fair,Agree,Strongly Agree,Somewhat Agree,Agree,Agree,Somewhat Agree,Strongly Agree,Somewhat Agree,Very Fair,Agree,Somewhat Agree,Somewhat Agree,Agree,Agree,Somewhat Agree,Somewhat Agree,Agree,Very Fair,Somewhat Agree,Somewhat Agree,Agree,Agree,Strongly Agree,Somewhat Agree,Agree,Agree,Fair,Somewhat Agree,Somewhat Agree,Agree,Agree,Somewhat Agree,Somewhat Agree,Agree,Agree
2204,1344,40-49,Graduate,Male,,50000-75000,false,false,false,true,false,,ins,properties first,Neutral,Strongly Agree,Somewhat Agree,Neutral,Somewhat Agree,Somewhat Disagree,Neutral,Somewhat Agree,Neutral,Fair,Strongly Agree,Agree,Neutral,Somewhat Agree,Disagree,Neutral,Somewhat Agree,Agree,Neutral,Somewhat Agree,Strongly Agree,Neutral,Agree,Disagree,Somewhat Disagree,Neutral,Agree,Very Fair,Agree,Somewhat Agree,Neutral,Strongly Agree,Agree,Disagree,Neutral,Neutral,Fair,Agree,Somewhat Agree,Neutral,Disagree,Neutral,Somewhat Agree,Somewhat Disagree,Neutral,Somewhat Fair,Agree,Neutral,Somewhat Disagree,Neutral,Somewhat Disagree,Neutral,Agree,Somewhat Agree,Fair,Agree,Somewhat Agree,Neutral,Disagree,Somewhat Disagree,Neutral,Neutral,Agree,Neutral,Agree,Somewhat Agree,Neutral,Strongly Agree,Disagree,Neutral,Somewhat Agree,Neutral
2205,1525,18-29,Bachelor,Male,,<25000,false,true,false,false,false,,ins,properties first,Fair,Strongly Agree,Agree,Strongly Agree,Agree,Neutral,Disagree,Strongly Disagree,Agree,Fair,Agree,Strongly Agree,Agree,Strongly Agree,Disagree,Neutral,Strongly Disagree,Agree,Very Fair,Agree,Strongly Agree,Agree,Strongly Agree,Agree,Neutral,Disagree,Somewhat Agree,Fair,Strongly Agree,Agree,Strongly Agree,Agree,Disagree,Neutral,Strongly Disagree,Agree,Very Fair,Agree,Strongly Agree,Agree,Strongly Agree,Disagree,Strongly Disagree,Strongly Disagree,Disagree,Very Fair,Agree,Strongly Agree,Agree,Strongly Agree,Neutral,Somewhat Disagree,Strongly Disagree,Somewhat Agree,Very Fair,Agree,Strongly Agree,Agree,Strongly Agree,Agree,Somewhat Agree,Strongly Disagree,Agree,Very Fair,Strongly Agree,Agree,Strongly Agree,Agree,Neutral,Disagree,Strongly Disagree,Agree
2206,327,30-39,Bachelor,Male,,<25000,false,true,false,false,false,,ins,fairness first,Somewhat Fair,Neutral,Somewhat Agree,Agree,Somewhat Agree,Neutral,Somewhat Agree,Neutral,,Neutral,Somewhat Agree,Neutral,Somewhat Agree,Agree,Somewhat Agree,Neutral,Somewhat Agree,Agree,Neutral,Neutral,Somewhat Agree,Agree,Somewhat Agree,Neutral,Somewhat Agree,Agree,Somewhat Agree,Fair,Neutral,Somewhat Agree,Agree,Somewhat Agree,Agree,Somewhat Agree,Agree,Somewhat Agree,Somewhat Fair,Somewhat Agree,Neutral,Somewhat Agree,Agree,Strongly Agree,Agree,Somewhat Agree,Agree,Fair,Neutral,Somewhat Agree,Agree,Somewhat Agree,Neutral,Somewhat Agree,Agree,Somewhat Agree,Somewhat Fair,Neutral,Somewhat Agree,Agree,Somewhat Agree,Neutral,Somewhat Agree,Agree,Somewhat Agree,Neutral,Neutral,Somewhat Agree,Agree,Somewhat Agree,Neutral,Somewhat Agree,Agree,Somewhat Agree
2207,1661,30-39,Graduate,Male,,25000-50000,false,false,false,true,false,,ins,fairness first,Neutral,Agree,Strongly Agree,Agree,Somewhat Agree,Agree,Strongly Agree,Agree,Somewhat Agree,Neutral,,,,,,,,,Neutral,Agree,Somewhat Agree,Agree,Somewhat Agree,Agree,Neutral,Somewhat Agree,Agree,Neutral,Somewhat Disagree,Neutral,Somewhat Agree,Neutral,Somewhat Agree,Agree,Somewhat Agree,Agree,Somewhat Fair,Agree,Somewhat Agree,Agree,Neutral,Somewhat Agree,Somewhat Agree,Agree,Somewhat Agree,Neutral,Agree,Somewhat Agree,Agree,Somewhat Agree,Agree,Agree,Strongly Agree,Agree,Neutral,Somewhat Agree,Agree,Somewhat Agree,Agree,Somewhat Agree,Agree,Somewhat Agree,Agree,Neutral,Strongly Agree,Agree,Strongly Agree,Agree,Somewhat Agree,Somewhat Agree,Agree,Somewhat Agree
2208,1729,30-39,High School,Male,,25000-50000,false,false,false,true,false,,ins,fairness first,Neutral,Agree,Neutral,Disagree,Strongly Disagree,Strongly Agree,Somewhat Agree,Strongly Agree,Strongly Agree,Unfair,Somewhat Agree,Disagree,Neutral,Disagree,Somewhat Agree,Agree,Strongly Agree,Strongly Agree,Very Unfair,Somewhat Agree,Disagree,Agree,Neutral,Somewhat Disagree,Neutral,Somewhat Disagree,Somewhat Disagree,Fair,Neutral,Neutral,Somewhat Disagree,Somewhat Agree,Somewhat Agree,Disagree,Disagree,Somewhat Disagree,Somewhat Unfair,Neutral,Neutral,Somewhat Agree,Somewhat Agree,Agree,Agree,Agree,Somewhat Disagree,Unfair,Disagree,Disagree,Neutral,Neutral,Neutral,Agree,Agree,Somewhat Agree,Somewhat Unfair,Somewhat Agree,Neutral,Somewhat Disagree,Neutral,Somewhat Agree,Strongly Agree,Neutral,Neutral,Neutral,Somewhat Disagree,Neutral,Strongly Agree,Strongly Disagree,Strongly Agree,Strongly Agree,Agree,Agree
2209,2530,30-39,Bachelor,Female,,50000-75000,false,false,false,true,false,,ins,fairness first,Somewhat Fair,Somewhat Agree,Neutral,Neutral,Somewhat Agree,Agree,Somewhat Agree,Neutral,Somewhat Agree,Fair,Somewhat Agree,Neutral,Neutral,Somewhat Agree,Agree,Agree,Somewhat Agree,Neutral,Fair,Neutral,Somewhat Agree,Neutral,Somewhat Agree,Agree,Somewhat Agree,Neutral,Somewhat Agree,Fair,Neutral,Somewhat Agree,Neutral,Somewhat Disagree,Somewhat Disagree,Somewhat Agree,Neutral,Somewhat Agree,Fair,Somewhat Agree,Neutral,Somewhat Agree,Neutral,Agree,Somewhat Agree,Agree,Somewhat Agree,Fair,Somewhat Agree,Neutral,Somewhat Agree,Agree,Agree,Somewhat Agree,Neutral,Somewhat Agree,Somewhat Fair,Somewhat Agree,Agree,Somewhat Agree,Neutral,Neutral,Somewhat Agree,Agree,Somewhat Agree,Somewhat Fair,Somewhat Agree,Neutral,Somewhat Agree,Agree,Somewhat Agree,Neutral,Neutral,Somewhat Agree
2210,711,30-39,Bachelor,Male,,>100000,false,false,true,false,false,,ins,fairness first,Neutral,Somewhat Agree,Somewhat Agree,Somewhat Disagree,Somewhat Disagree,Somewhat Disagree,Somewhat Disagree,Neutral,Neutral,Very Unfair,Somewhat Agree,Somewhat Disagree,Somewhat Disagree,Somewhat Agree,Somewhat Disagree,Somewhat Disagree,Somewhat Disagree,Somewhat Disagree,Somewhat Fair,Somewhat Agree,Neutral,Somewhat Disagree,Somewhat Disagree,Somewhat Disagree,Somewhat Disagree,Somewhat Disagree,Neutral,Somewhat Fair,Agree,Agree,Somewhat Disagree,Somewhat Agree,Somewhat Agree,Neutral,Neutral,Neutral,Fair,Somewhat Agree,Strongly Agree,Somewhat Agree,Somewhat Agree,Somewhat Agree,Somewhat Agree,Somewhat Disagree,Neutral,Very Fair,Somewhat Agree,Somewhat Agree,Neutral,Somewhat Agree,Somewhat Disagree,Somewhat Disagree,Somewhat Disagree,Somewhat Agree,Somewhat Fair,Somewhat Agree,Somewhat Agree,Somewhat Disagree,Somewhat Agree,Somewhat Disagree,Somewhat Disagree,Somewhat Disagree,Neutral,Somewhat Unfair,Somewhat Agree,Neutral,Agree,Somewhat Disagree,Somewhat Disagree,Somewhat Agree,Somewhat Disagree,Somewhat Disagree
2211,1178,30-39,Graduate,Female,,25000-50000,false,false,true,false,false,,ins,properties first,Fair,Strongly Agree,Agree,Strongly Agree,Somewhat Agree,Strongly Agree,Agree,Strongly Agree,Somewhat Agree,Very Fair,Strongly Agree,Neutral,Strongly Agree,Somewhat Agree,Strongly Agree,Agree,Strongly Agree,Strongly Agree,Fair,Somewhat Agree,Strongly Agree,Somewhat Agree,Strongly Agree,Somewhat Agree,Strongly Agree,Somewhat Agree,Strongly Agree,Very Fair,Agree,Strongly Agree,Agree,Neutral,Strongly Agree,Somewhat Agree,Strongly Agree,Agree,Fair,Strongly Agree,Somewhat Agree,Strongly Agree,Agree,Strongly Agree,Somewhat Agree,Strongly Agree,Disagree,Very Fair,Strongly Agree,Agree,Strongly Agree,Somewhat Agree,Strongly Agree,Agree,Strongly Agree,Somewhat Disagree,Very Fair,Strongly Agree,Agree,Strongly Agree,Somewhat Agree,Neutral,Agree,Strongly Agree,Somewhat Agree,Very Fair,Strongly Agree,Agree,Strongly Agree,Somewhat Agree,Strongly Agree,Somewhat Agree,Strongly Agree,Agree
2212,2690,50-59,Graduate,Male,,75000-100000,false,false,false,true,false,,ins,fairness first,Somewhat Fair,Agree,Somewhat Agree,Somewhat Agree,Somewhat Agree,Somewhat Agree,Agree,Somewhat Agree,Somewhat Agree,Somewhat Fair,Somewhat Agree,Somewhat Agree,Neutral,Somewhat Agree,Somewhat Agree,Somewhat Agree,Somewhat Agree,Somewhat Agree,Very Fair,Agree,Agree,Strongly Agree,Agree,Agree,Agree,Agree,Agree,Somewhat Fair,Agree,Agree,Strongly Agree,Agree,Agree,Somewhat Agree,Agree,Agree,Neutral,Agree,Somewhat Agree,Somewhat Agree,Neutral,Neutral,Somewhat Disagree,Neutral,Neutral,Very Fair,Strongly Agree,Agree,Somewhat Agree,Agree,Agree,Agree,Agree,Strongly Agree,Somewhat Fair,Neutral,Somewhat Agree,Somewhat Agree,Neutral,Somewhat Agree,Somewhat Agree,Somewhat Agree,Somewhat Agree,Fair,Agree,Agree,Somewhat Agree,Somewhat Agree,Somewhat Agree,Somewhat Agree,Somewhat Agree,Neutral
2213,895,30-39,High School,Male,,<25000,false,false,false,true,false,,ins,fairness first,Somewhat Unfair,Agree,Somewhat Agree,Disagree,Disagree,Agree,Neutral,Agree,Agree,Unfair,Disagree,Disagree,Agree,Disagree,Disagree,Agree,Strongly Agree,Strongly Agree,Somewhat Unfair,Neutral,Disagree,Strongly Agree,Strongly Agree,Neutral,Agree,Agree,Agree,Somewhat Fair,Neutral,Somewhat Agree,Neutral,Somewhat Agree,Somewhat Agree,Somewhat Agree,Somewhat Agree,Somewhat Agree,Somewhat Fair,Neutral,Neutral,Neutral,Neutral,Neutral,Agree,Agree,Agree,Somewhat Unfair,Disagree,Disagree,Agree,,Disagree,Agree,Agree,Agree,Somewhat Unfair,Agree,Neutral,Agree,Somewhat Agree,Somewhat Agree,Somewhat Agree,Somewhat Agree,Somewhat Agree,Somewhat Unfair,Neutral,Neutral,Strongly Agree,Neutral,,Agree,Agree,
2214,702,30-39,High School,Female,,25000-50000,false,false,false,true,false,,ins,properties first,Unfair,Strongly Agree,Somewhat Disagree,Strongly Agree,Neutral,Somewhat Agree,Agree,Somewhat Agree,Somewhat Agree,Very Unfair,Strongly Agree,Disagree,Strongly Agree,Somewhat Agree,Somewhat Agree,Agree,Somewhat Agree,Neutral,Somewhat Fair,Somewhat Agree,Agree,Neutral,Somewhat Agree,Strongly Disagree,Disagree,Disagree,Neutral,Fair,Agree,Somewhat Agree,Strongly Disagree,Strongly Agree,Somewhat Agree,Somewhat Disagree,Disagree,Neutral,Very Fair,Somewhat Agree,Somewhat Agree,Neutral,Agree,Somewhat Disagree,Disagree,Disagree,Strongly Disagree,Very Unfair,Somewhat Disagree,Somewhat Disagree,Somewhat Agree,Neutral,Neutral,Somewhat Agree,Somewhat Agree,Neutral,Neutral,Agree,Neutral,Strongly Agree,Strongly Agree,Somewhat Agree,Agree,Neutral,Neutral,Very Unfair,Somewhat Agree,Agree,Strongly Agree,Agree,Somewhat Agree,Agree,Strongly Agree,Neutral
2215,884,18-29,Bachelor,Male,,25000-50000,false,false,false,true,false,,ins,properties first,Very Fair,Strongly Agree,,Somewhat Agree,Somewhat Disagree,,Somewhat Agree,Disagree,Strongly Agree,Fair,Somewhat Disagree,Neutral,Strongly Disagree,Disagree,Somewhat Agree,Strongly Disagree,Disagree,Somewhat Agree,Somewhat Fair,Agree,Somewhat Agree,Disagree,Neutral,Somewhat Agree,Somewhat Agree,Disagree,Strongly Agree,Very Fair,Strongly Agree,Strongly Agree,Strongly Agree,Agree,Strongly Agree,Somewhat Agree,Neutral,Somewhat Disagree,Very Fair,Strongly Agree,Strongly Agree,Strongly Agree,Strongly Agree,Strongly Agree,Somewhat Agree,Somewhat Disagree,Disagree,Fair,Neutral,Agree,Neutral,Somewhat Agree,Somewhat Agree,Somewhat Disagree,Neutral,Strongly Agree,Somewhat Fair,Disagree,Somewhat Disagree,Somewhat Agree,Somewhat Agree,Somewhat Disagree,Somewhat Disagree,Disagree,Strongly Disagree,Somewhat Unfair,Strongly Agree,Somewhat Agree,Agree,Strongly Agree,,Agree,Somewhat Agree,Disagree
2216,278,30-39,Graduate,Male,,>100000,false,false,false,true,false,,ins,properties first,Fair,Agree,Agree,Agree,Agree,Agree,Agree,Agree,Agree,Fair,Agree,Agree,Agree,Agree,Agree,Agree,Agree,Agree,Fair,Agree,Agree,Agree,Agree,Agree,Agree,Agree,Agree,Fair,Agree,Agree,Agree,Agree,Agree,Agree,Agree,Agree,Fair,Agree,Agree,Agree,Agree,Agree,Agree,Agree,Agree,Fair,Agree,Agree,Agree,Agree,Agree,Agree,Agree,Agree,Fair,Agree,Agree,Agree,Agree,Agree,Agree,Agree,Agree,Fair,Agree,Agree,Agree,Agree,Agree,Agree,Agree,Agree
2217,1922,18-29,Bachelor,Male,,25000-50000,false,true,false,false,false,,ins,properties first,Somewhat Unfair,Somewhat Agree,Somewhat Agree,Strongly Agree,Disagree,Strongly Disagree,Somewhat Agree,Strongly Disagree,Disagree,Somewhat Unfair,Somewhat Agree,Strongly Agree,Strongly Agree,Strongly Disagree,Disagree,Agree,Somewhat Agree,Agree,Unfair,Strongly Agree,Agree,Agree,Agree,Disagree,Strongly Disagree,Disagree,Somewhat Agree,Unfair,Agree,Somewhat Agree,Disagree,Strongly Agree,Strongly Disagree,Disagree,Disagree,Somewhat Agree,Somewhat Fair,Somewhat Agree,Agree,Agree,Disagree,Strongly Disagree,Somewhat Agree,Disagree,Somewhat Agree,Unfair,Strongly Agree,Agree,Somewhat Agree,Strongly Disagree,Strongly Disagree,Strongly Disagree,Strongly Disagree,Somewhat Agree,Very Unfair,Agree,Agree,Strongly Agree,Strongly Agree,Somewhat Agree,Somewhat Agree,Somewhat Agree,Agree,Unfair,Strongly Agree,Agree,Agree,Strongly Agree,Strongly Disagree,Disagree,Disagree,Somewhat Agree
2218,1541,40-49,Bachelor,Female,,>100000,false,false,false,true,false,,ins,properties first,Somewhat Unfair,Strongly Agree,Agree,Neutral,Strongly Disagree,Somewhat Agree,Strongly Disagree,Strongly Agree,Strongly Agree,Unfair,Strongly Agree,Somewhat Agree,Strongly Disagree,Strongly Disagree,Somewhat Agree,Strongly Disagree,Agree,Agree,Somewhat Fair,Somewhat Agree,Somewhat Agree,Somewhat Disagree,Neutral,Neutral,Strongly Disagree,Strongly Disagree,Strongly Disagree,Somewhat Fair,Somewhat Agree,Neutral,Disagree,Agree,Neutral,Strongly Disagree,Disagree,Disagree,Somewhat Fair,Strongly Agree,Somewhat Agree,Agree,Strongly Disagree,Agree,,Strongly Agree,Neutral,Somewhat Unfair,Somewhat Agree,Somewhat Agree,Somewhat Disagree,Agree,Somewhat Agree,Strongly Disagree,Neutral,Strongly Disagree,Very Unfair,Somewhat Agree,Somewhat Disagree,Agree,Somewhat Agree,Neutral,Strongly Disagree,Disagree,Disagree,Neutral,Somewhat Agree,Strongly Agree,Agree,Neutral,Agree,Somewhat Agree,Somewhat Agree,Somewhat Disagree
2219,581,30-39,Bachelor,Male,,75000-100000,false,false,false,true,false,,ins,properties first,Somewhat Unfair,Strongly Agree,Agree,Neutral,Strongly Disagree,Somewhat Agree,Neutral,Somewhat Agree,Somewhat Agree,Unfair,Agree,Neutral,Disagree,Strongly Agree,Disagree,Somewhat Agree,Agree,Agree,Unfair,Neutral,Somewhat Agree,Somewhat Agree,Agree,Neutral,Somewhat Agree,Neutral,Neutral,Somewhat Fair,Agree,Agree,Disagree,Agree,Somewhat Agree,Somewhat Agree,Somewhat Disagree,Somewhat Disagree,Somewhat Fair,Somewhat Agree,Agree,Strongly Agree,Somewhat Disagree,Neutral,Disagree,Neutral,Neutral,Neutral,Neutral,Neutral,Neutral,Agree,Somewhat Agree,Somewhat Agree,Neutral,Neutral,Neutral,Agree,Agree,Strongly Agree,Strongly Agree,Somewhat Agree,Neutral,Somewhat Agree,Somewhat Agree,Somewhat Unfair,Somewhat Agree,Somewhat Agree,Strongly Agree,Neutral,Neutral,Agree,Agree,Agree
2220,567,60-69,Bachelor,Female,,25000-50000,false,false,false,true,false,,ins,properties first,Very Unfair,Strongly Agree,Strongly Agree,Strongly Agree,Strongly Disagree,Strongly Agree,Strongly Agree,Strongly Agree,Strongly Agree,Unfair,Neutral,Disagree,Strongly Agree,,Neutral,Strongly Agree,Strongly Agree,Strongly Agree,Unfair,Agree,Neutral,Strongly Agree,Strongly Agree,Disagree,Neutral,Agree,Agree,Neutral,Agree,Neutral,Strongly Agree,Neutral,Neutral,Strongly Agree,Strongly Agree,Strongly Agree,Very Unfair,Agree,Somewhat Disagree,Strongly Agree,Neutral,Neutral,Strongly Agree,Strongly Agree,Strongly Agree,Neutral,Neutral,,Strongly Agree,Strongly Disagree,Somewhat Agree,Somewhat Agree,Agree,Agree,Somewhat Fair,Strongly Agree,Strongly Agree,Strongly Agree,Somewhat Disagree,Strongly Agree,Strongly Agree,Strongly Agree,Strongly Agree,Very Unfair,Strongly Agree,Agree,Strongly Agree,Strongly Disagree,Strongly Agree,,Strongly Agree,Strongly Agree
2221,471,30-39,High School,Male,,25000-50000,false,false,false,true,false,,ins,fairness first,Somewhat Fair,Agree,Strongly Agree,Disagree,Somewhat Agree,Agree,Somewhat Agree,Somewhat Disagree,Somewhat Disagree,Unfair,Strongly Disagree,Strongly Disagree,Agree,Somewhat Disagree,Disagree,Somewhat Agree,Neutral,Somewhat Disagree,Somewhat Unfair,Neutral,Somewhat Disagree,Somewhat Agree,Somewhat Disagree,Disagree,Somewhat Disagree,Somewhat Disagree,Disagree,Somewhat Unfair,Strongly Agree,Agree,Disagree,Neutral,Somewhat Disagree,Disagree,Disagree,Disagree,Neutral,Strongly Agree,Agree,Somewhat Agree,Agree,Strongly Agree,Agree,Somewhat Disagree,Disagree,Unfair,Strongly Disagree,Disagree,Strongly Agree,Disagree,Disagree,Somewhat Disagree,Agree,Agree,Neutral,Somewhat Disagree,Disagree,Agree,Somewhat Disagree,Disagree,Disagree,Agree,Somewhat Agree,Somewhat Fair,Disagree,Somewhat Disagree,Somewhat Agree,Somewhat Disagree,Disagree,Disagree,Somewhat Disagree,Somewhat Disagree
2222,2073,18-29,High School,Male,,25000-50000,false,false,false,false,true,,ins,properties first,Somewhat Fair,Somewhat Agree,Somewhat Agree,Disagree,Strongly Disagree,Somewhat Agree,Somewhat Agree,Strongly Agree,Agree,Very Unfair,Agree,Strongly Disagree,Strongly Disagree,Strongly Agree,Strongly Disagree,Strongly Agree,Strongly Agree,Strongly Agree,Neutral,Somewhat Agree,Somewhat Agree,Strongly Agree,Strongly Agree,Somewhat Agree,Somewhat Agree,Strongly Agree,Neutral,Somewhat Fair,Neutral,Somewhat Agree,Neutral,Agree,Somewhat Agree,Somewhat Agree,Neutral,Neutral,Fair,Strongly Agree,Somewhat Agree,Agree,Neutral,Somewhat Agree,Somewhat Agree,Strongly Agree,Strongly Disagree,Somewhat Unfair,Strongly Agree,Somewhat Disagree,Somewhat Disagree,Somewhat Agree,Disagree,Neutral,Somewhat Agree,Neutral,Somewhat Fair,Somewhat Disagree,Neutral,Somewhat Agree,Agree,Agree,Somewhat Agree,Agree,Somewhat Agree,Unfair,Strongly Disagree,Somewhat Disagree,Strongly Agree,Disagree,Neutral,Strongly Agree,Strongly Agree,Agree
2223,943,18-29,Bachelor,Male,,50000-75000,false,false,false,true,false,,ins,fairness first,Neutral,Neutral,Somewhat Agree,Somewhat Agree,Agree,Somewhat Agree,Somewhat Agree,Neutral,Agree,Very Fair,Neutral,Somewhat Agree,Agree,Neutral,Somewhat Agree,Somewhat Agree,Neutral,Agree,Somewhat Unfair,Somewhat Agree,Somewhat Agree,Neutral,Somewhat Agree,Agree,Somewhat Agree,Somewhat Agree,Somewhat Disagree,Somewhat Unfair,Neutral,Somewhat Agree,Somewhat Agree,Neutral,Agree,Somewhat Agree,Somewhat Agree,Neutral,Somewhat Unfair,Somewhat Disagree,Somewhat Disagree,Disagree,Neutral,Somewhat Agree,Neutral,Somewhat Agree,Neutral,Unfair,Somewhat Disagree,Neutral,Neutral,Somewhat Agree,Somewhat Disagree,Neutral,Somewhat Agree,Neutral,Fair,Neutral,Somewhat Agree,Agree,Somewhat Agree,Somewhat Agree,Neutral,Agree,Somewhat Agree,Somewhat Fair,Neutral,Somewhat Agree,Somewhat Agree,Neutral,Agree,Somewhat Agree,Agree,Somewhat Agree
2224,609,30-39,Bachelor,Male,,50000-75000,false,false,true,false,false,,ins,fairness first,Fair,Agree,Somewhat Agree,Agree,Agree,Somewhat Agree,Somewhat Agree,Agree,Agree,Neutral,Agree,Somewhat Agree,Somewhat Agree,Neutral,Agree,Agree,Somewhat Agree,Somewhat Agree,Fair,Somewhat Agree,Agree,Agree,Neutral,Somewhat Agree,Somewhat Agree,Agree,Agree,Very Fair,Agree,Agree,Somewhat Agree,Neutral,Neutral,Neutral,Somewhat Agree,,Very Fair,Agree,Agree,Neutral,Somewhat Agree,Neutral,Agree,Agree,Agree,Fair,Agree,Somewhat Agree,Somewhat Agree,Neutral,Agree,Neutral,Somewhat Agree,Somewhat Agree,Fair,Agree,Agree,Neutral,Agree,Agree,Agree,Agree,Neutral,Fair,Agree,Somewhat Agree,Neutral,Agree,Agree,Somewhat Agree,Agree,Agree
2225,547,40-49,Bachelor,Male,,50000-75000,false,false,false,true,false,,ins,fairness first,Fair,Strongly Agree,Somewhat Agree,Neutral,Strongly Disagree,Somewhat Agree,Somewhat Agree,Agree,Agree,Very Unfair,Strongly Agree,Strongly Disagree,Somewhat Agree,Strongly Disagree,Strongly Disagree,Agree,Agree,Strongly Agree,Unfair,Strongly Agree,Somewhat Disagree,Neutral,Somewhat Agree,Somewhat Disagree,Neutral,Somewhat Disagree,Disagree,Fair,Strongly Agree,Agree,,Neutral,Agree,Disagree,Somewhat Agree,Disagree,Very Fair,Strongly Agree,Strongly Agree,Agree,Agree,Strongly Agree,Agree,Disagree,Disagree,Unfair,Strongly Agree,Somewhat Disagree,Neutral,Agree,Somewhat Disagree,Somewhat Agree,Somewhat Agree,Somewhat Agree,Very Fair,Strongly Agree,Agree,Neutral,Agree,Somewhat Agree,Neutral,Neutral,Somewhat Disagree,Very Fair,Strongly Agree,Agree,Strongly Agree,Neutral,Strongly Agree,Somewhat Agree,Disagree,Disagree
2226,658,30-39,Bachelor,Female,,75000-100000,false,false,false,true,false,,ins,fairness first,Fair,Agree,Neutral,Neutral,Strongly Disagree,Strongly Agree,Agree,Agree,Agree,Unfair,Disagree,Disagree,Agree,Neutral,Agree,Strongly Agree,Strongly Agree,Strongly Agree,Very Unfair,Disagree,Disagree,Strongly Agree,Somewhat Disagree,Strongly Agree,Strongly Agree,Strongly Agree,Strongly Agree,Unfair,Somewhat Disagree,Somewhat Disagree,Neutral,Somewhat Disagree,Agree,Strongly Agree,Somewhat Agree,Somewhat Agree,Unfair,Disagree,Strongly Disagree,Somewhat Agree,Somewhat Disagree,Agree,Strongly Agree,Strongly Agree,Strongly Agree,Somewhat Unfair,Neutral,Somewhat Agree,Neutral,Neutral,Somewhat Agree,Agree,Strongly Agree,Strongly Agree,Fair,Somewhat Disagree,Somewhat Agree,Neutral,Somewhat Disagree,Strongly Agree,Agree,Agree,Agree,Fair,Disagree,Neutral,Neutral,Disagree,Strongly Agree,Somewhat Agree,Somewhat Agree,Somewhat Agree
2227,2277,18-29,Associate or Diploma,Male,,75000-100000,false,true,false,true,false,,ins,properties first,Somewhat Fair,Neutral,Agree,Somewhat Disagree,Strongly Disagree,Somewhat Disagree,Neutral,Neutral,Somewhat Agree,Somewhat Unfair,Somewhat Agree,Somewhat Disagree,Agree,Disagree,Neutral,Somewhat Agree,Somewhat Disagree,Neutral,Somewhat Fair,Somewhat Agree,Somewhat Disagree,Somewhat Agree,Neutral,Somewhat Disagree,Disagree,Neutral,Somewhat Disagree,Somewhat Fair,Somewhat Disagree,Neutral,Somewhat Agree,Agree,Somewhat Agree,Somewhat Disagree,Neutral,Neutral,Fair,Agree,Somewhat Agree,Somewhat Disagree,Strongly Agree,Somewhat Disagree,Somewhat Agree,Agree,Agree,Very Fair,Somewhat Agree,Somewhat Agree,Neutral,Agree,Agree,Neutral,Disagree,Somewhat Agree,Somewhat Unfair,Somewhat Disagree,Neutral,Strongly Agree,Agree,Neutral,Somewhat Disagree,Somewhat Agree,Somewhat Agree,Fair,Somewhat Disagree,Neutral,Somewhat Agree,Somewhat Disagree,Neutral,Neutral,Neutral,Agree
2228,1029,18-29,High School,Male,,25000-50000,false,false,false,false,true,,ins,properties first,Very Fair,Strongly Agree,Strongly Agree,Strongly Disagree,Strongly Disagree,Strongly Agree,Neutral,Neutral,Strongly Agree,Very Unfair,Neutral,Neutral,Strongly Disagree,Strongly Disagree,Strongly Disagree,Neutral,Strongly Agree,Strongly Agree,Very Unfair,Neutral,Neutral,Neutral,Strongly Agree,Strongly Disagree,Strongly Disagree,Strongly Disagree,Strongly Disagree,Neutral,Strongly Agree,,Strongly Disagree,Strongly Agree,Strongly Disagree,Strongly Disagree,Strongly Disagree,Strongly Disagree,Very Fair,Strongly Agree,Strongly Agree,Neutral,Strongly Agree,Strongly Agree,Strongly Disagree,Strongly Disagree,Strongly Disagree,Very Unfair,Neutral,Neutral,Strongly Disagree,Agree,Neutral,Neutral,Neutral,Strongly Disagree,Very Unfair,Somewhat Agree,Somewhat Agree,Strongly Disagree,Strongly Agree,Somewhat Agree,Somewhat Agree,Somewhat Agree,Strongly Disagree,Very Fair,Strongly Agree,Strongly Agree,Strongly Agree,Neutral,Strongly Agree,Strongly Agree,Neutral,Strongly Agree
2229,2794,30-39,High School,Male,,75000-100000,false,false,false,true,false,,ins,fairness first,Somewhat Fair,Strongly Agree,Neutral,Strongly Disagree,Strongly Disagree,Neutral,Neutral,Strongly Agree,Strongly Agree,Unfair,Neutral,Strongly Disagree,Strongly Disagree,Strongly Agree,Strongly Disagree,Neutral,,Strongly Agree,Unfair,Strongly Agree,Strongly Disagree,Strongly Disagree,Strongly Agree,Disagree,Disagree,Somewhat Disagree,Disagree,Very Fair,Strongly Agree,Somewhat Agree,Disagree,Strongly Agree,Agree,Neutral,Disagree,Disagree,Very Fair,Somewhat Agree,Somewhat Agree,Somewhat Agree,Strongly Agree,Strongly Agree,Neutral,Neutral,Disagree,Somewhat Fair,Strongly Agree,Neutral,Somewhat Disagree,Strongly Agree,Neutral,Neutral,Neutral,Disagree,Somewhat Unfair,Strongly Agree,Disagree,Strongly Disagree,Strongly Agree,Somewhat Agree,Neutral,Somewhat Agree,Somewhat Agree,Unfair,Somewhat Disagree,Neutral,Strongly Agree,Strongly Disagree,Somewhat Agree,Neutral,Somewhat Agree,Disagree
2230,839,50-59,High School,Male,,50000-75000,false,false,false,true,false,,ins,fairness first,Fair,Agree,Agree,Agree,Strongly Disagree,Strongly Agree,Somewhat Disagree,Agree,Disagree,Somewhat Fair,Strongly Agree,Somewhat Agree,Somewhat Disagree,Strongly Disagree,Agree,Disagree,Neutral,Neutral,Somewhat Fair,Agree,Disagree,Neutral,Strongly Agree,Somewhat Agree,Disagree,Neutral,Neutral,Unfair,Disagree,Strongly Disagree,Agree,Strongly Agree,Disagree,Strongly Agree,Strongly Agree,Neutral,Very Unfair,Somewhat Agree,Disagree,Somewhat Disagree,Strongly Agree,Agree,Strongly Agree,Strongly Agree,Somewhat Agree,Very Unfair,Somewhat Agree,Somewhat Disagree,Somewhat Agree,Strongly Agree,Disagree,Somewhat Agree,Agree,Disagree,Fair,Agree,Agree,Somewhat Disagree,Strongly Agree,Agree,Disagree,Agree,Agree,Unfair,Somewhat Disagree,Agree,Strongly Agree,Strongly Disagree,Strongly Agree,Strongly Agree,Strongly Agree,Strongly Agree
2231,789,18-29,Bachelor,Male,,25000-50000,false,true,false,false,false,,ins,fairness first,Fair,Somewhat Agree,Somewhat Agree,Neutral,Somewhat Agree,Somewhat Agree,Neutral,Somewhat Agree,Neutral,Somewhat Fair,Somewhat Agree,Somewhat Agree,Neutral,Somewhat Agree,Somewhat Agree,Neutral,Neutral,Somewhat Agree,Fair,Agree,Neutral,Somewhat Agree,Somewhat Agree,Somewhat Agree,Neutral,Neutral,Neutral,Somewhat Fair,Somewhat Agree,Neutral,Somewhat Agree,Neutral,Neutral,Somewhat Agree,Somewhat Agree,Neutral,Neutral,Somewhat Agree,Somewhat Agree,Somewhat Agree,Neutral,Somewhat Agree,Somewhat Agree,Somewhat Agree,Neutral,Very Fair,Somewhat Agree,Neutral,Somewhat Agree,Somewhat Agree,Somewhat Agree,Neutral,Neutral,Somewhat Agree,Neutral,Somewhat Agree,Neutral,Neutral,Somewhat Agree,Neutral,Somewhat Agree,Somewhat Agree,Neutral,Somewhat Fair,Somewhat Agree,Agree,Somewhat Agree,Somewhat Agree,Somewhat Disagree,Neutral,Neutral,Neutral
2232,1178,30-39,Graduate,Male,,50000-75000,false,false,false,true,false,,ins,properties first,Somewhat Unfair,,Somewhat Agree,Neutral,Neutral,Somewhat Agree,Agree,Neutral,Somewhat Agree,Very Unfair,Somewhat Agree,Agree,Neutral,Somewhat Agree,Somewhat Agree,Somewhat Disagree,Neutral,Neutral,Unfair,Somewhat Agree,Neutral,Somewhat Disagree,Somewhat Agree,Somewhat Agree,Neutral,Somewhat Disagree,Neutral,Neutral,Agree,Somewhat Agree,Neutral,,Somewhat Disagree,Somewhat Agree,Neutral,Neutral,Fair,Somewhat Agree,Agree,,Somewhat Disagree,Neutral,Somewhat Agree,Neutral,Somewhat Agree,Somewhat Fair,Agree,Agree,,Somewhat Agree,Neutral,Somewhat Disagree,Disagree,Somewhat Agree,Very Unfair,Somewhat Agree,Somewhat Disagree,Neutral,Somewhat Agree,Somewhat Agree,Somewhat Disagree,Neutral,Agree,Neutral,Somewhat Agree,Somewhat Disagree,Neutral,Somewhat Agree,Somewhat Agree,Neutral,Somewhat Disagree,Neutral
2233,1519,18-29,Bachelor,Male,,50000-75000,false,true,false,false,false,,ins,fairness first,Fair,Agree,Somewhat Agree,Neutral,Somewhat Disagree,Neutral,,Somewhat Agree,Neutral,Neutral,Somewhat Disagree,Neutral,Neutral,Somewhat Disagree,Neutral,Somewhat Agree,Neutral,Neutral,Neutral,Neutral,Somewhat Disagree,Somewhat Agree,Neutral,Agree,Neutral,Somewhat Agree,Neutral,Somewhat Fair,Strongly Agree,Somewhat Agree,Agree,Somewhat Disagree,Neutral,Somewhat Disagree,Neutral,Neutral,Neutral,Neutral,Somewhat Agree,Neutral,Agree,Neutral,Somewhat Agree,Somewhat Agree,Neutral,Somewhat Fair,Agree,Neutral,Neutral,Neutral,Somewhat Agree,Neutral,Somewhat Agree,Neutral,Somewhat Fair,Strongly Agree,Neutral,Somewhat Disagree,Somewhat Agree,,Somewhat Agree,Neutral,Somewhat Agree,Somewhat Fair,Neutral,Somewhat Agree,,Agree,Somewhat Disagree,Somewhat Agree,Disagree,Neutral
2234,1260,50-59,Bachelor,Female,,50000-75000,false,false,false,true,false,,ins,fairness first,Neutral,Somewhat Disagree,Neutral,Somewhat Agree,Agree,Strongly Agree,Somewhat Agree,Neutral,Somewhat Disagree,Fair,Somewhat Disagree,Neutral,Somewhat Agree,Agree,Strongly Agree,Agree,Somewhat Agree,Neutral,Somewhat Unfair,Disagree,Somewhat Disagree,Somewhat Agree,Agree,Strongly Agree,,Somewhat Agree,Neutral,Neutral,Somewhat Disagree,Neutral,Somewhat Agree,Agree,Strongly Agree,Somewhat Agree,Neutral,Somewhat Disagree,Somewhat Fair,Disagree,Somewhat Disagree,Neutral,Somewhat Agree,Agree,Strongly Agree,Agree,Somewhat Agree,Somewhat Fair,Disagree,Somewhat Disagree,Neutral,Somewhat Agree,Agree,Strongly Agree,Agree,Somewhat Agree,Neutral,Disagree,Somewhat Disagree,Neutral,Somewhat Agree,Agree,Strongly Agree,Somewhat Disagree,Somewhat Agree,Somewhat Unfair,Disagree,Somewhat Disagree,Neutral,Somewhat Agree,Agree,,Strongly Agree,Neutral
2235,620,30-39,High School,Male,,>100000,false,false,false,true,false,,ins,properties first,Unfair,Strongly Agree,Strongly Agree,Strongly Agree,Strongly Disagree,Strongly Agree,Somewhat Agree,Strongly Agree,Disagree,Very Unfair,Strongly Agree,Strongly Agree,Strongly Agree,Neutral,Strongly Agree,Agree,Strongly Agree,Neutral,Neutral,Somewhat Agree,Strongly Agree,Somewhat Agree,Agree,Strongly Agree,Neutral,Somewhat Agree,Neutral,Fair,Agree,Strongly Agree,Somewhat Disagree,Neutral,Strongly Agree,Strongly Agree,Strongly Agree,Agree,Very Fair,Strongly Agree,Strongly Agree,Strongly Agree,Somewhat Agree,Strongly Agree,Agree,Agree,Strongly Disagree,Somewhat Unfair,Somewhat Agree,Neutral,Agree,Somewhat Agree,Somewhat Agree,Agree,Strongly Agree,Strongly Agree,Somewhat Fair,Strongly Agree,Strongly Agree,Strongly Agree,Strongly Agree,Strongly Agree,Strongly Disagree,Neutral,Somewhat Agree,Fair,Agree,Strongly Agree,Strongly Agree,Strongly Disagree,Strongly Agree,Agree,Agree,Somewhat Disagree
2236,1080,30-39,Graduate,Male,,75000-100000,false,false,false,true,false,,ins,fairness first,Fair,Somewhat Agree,Agree,Somewhat Agree,Agree,Somewhat Agree,Agree,Somewhat Agree,Agree,Fair,Somewhat Agree,Agree,Somewhat Agree,Agree,Somewhat Agree,Agree,Somewhat Agree,Agree,Fair,Somewhat Agree,Agree,Somewhat Agree,Agree,Somewhat Agree,Agree,Somewhat Agree,Agree,Fair,Somewhat Agree,Agree,Somewhat Agree,Agree,Somewhat Agree,Agree,Somewhat Agree,Agree,Fair,Agree,Somewhat Agree,Agree,Somewhat Agree,Agree,Somewhat Agree,Agree,Somewhat Agree,Fair,Somewhat Agree,Agree,Somewhat Agree,Agree,Somewhat Agree,Agree,Somewhat Agree,Agree,Fair,Agree,Somewhat Agree,Agree,Somewhat Agree,Agree,Somewhat Agree,Agree,Somewhat Agree,Fair,Somewhat Agree,Agree,Somewhat Agree,Agree,Somewhat Agree,Agree,Somewhat Agree,Agree
2237,1071,18-29,Bachelor,Male,,75000-100000,false,false,false,true,false,,ins,fairness first,Neutral,Agree,Strongly Agree,Strongly Agree,Agree,Agree,Strongly Agree,Strongly Agree,,Neutral,Somewhat Agree,Agree,Strongly Agree,Agree,Strongly Agree,Agree,Strongly Agree,Agree,Neutral,Agree,Strongly Agree,Agree,Somewhat Agree,Agree,Strongly Agree,Agree,Strongly Agree,Somewhat Fair,Agree,Agree,Strongly Agree,Strongly Agree,Strongly Agree,Agree,Agree,Strongly Agree,Neutral,Agree,Strongly Agree,Strongly Agree,Strongly Agree,Strongly Agree,Agree,Strongly Agree,Agree,Neutral,Somewhat Agree,Agree,Strongly Agree,Agree,Strongly Agree,Agree,Somewhat Agree,Agree,Neutral,Agree,Strongly Agree,Strongly Agree,Strongly Agree,Strongly Agree,Agree,Agree,Agree,Fair,Agree,Strongly Agree,Agree,Strongly Agree,Agree,Strongly Agree,Agree,Strongly Agree
2238,2151,30-39,Graduate,Male,,>100000,false,false,true,false,false,,ins,fairness first,Fair,Somewhat Agree,Somewhat Agree,Somewhat Agree,Somewhat Agree,Somewhat Agree,Somewhat Agree,Somewhat Agree,Somewhat Agree,Fair,Agree,Somewhat Agree,Agree,Agree,Somewhat Agree,Somewhat Agree,,Neutral,Somewhat Fair,Agree,Agree,Somewhat Agree,Somewhat Agree,Neutral,Somewhat Agree,Agree,Somewhat Agree,Fair,Agree,Somewhat Agree,Somewhat Agree,Neutral,Neutral,Somewhat Disagree,Neutral,Somewhat Agree,Fair,Agree,Somewhat Agree,Somewhat Agree,Neutral,Neutral,Neutral,Neutral,Neutral,Fair,Somewhat Agree,Somewhat Agree,Somewhat Agree,Somewhat Agree,Somewhat Agree,Somewhat Agree,Somewhat Agree,Somewhat Agree,Fair,Agree,Agree,Agree,Agree,Agree,Agree,Agree,Agree,Fair,Agree,Agree,Agree,Agree,Agree,Agree,Agree,Agree
2239,1524,30-39,Bachelor,Male,,50000-75000,false,true,false,false,false,,ins,properties first,Somewhat Fair,Neutral,Somewhat Agree,Disagree,Strongly Disagree,Strongly Agree,Neutral,Neutral,Strongly Disagree,Very Unfair,Somewhat Disagree,Somewhat Disagree,Neutral,Strongly Agree,Neutral,Strongly Agree,Strongly Agree,Strongly Disagree,Very Unfair,Somewhat Disagree,Somewhat Disagree,Neutral,Agree,Somewhat Disagree,Strongly Agree,Agree,Somewhat Agree,Neutral,Disagree,Neutral,Somewhat Disagree,Somewhat Agree,Neutral,Strongly Agree,Neutral,Agree,Somewhat Unfair,Somewhat Disagree,Neutral,Somewhat Disagree,Neutral,Strongly Agree,Strongly Agree,Somewhat Agree,Neutral,Unfair,Somewhat Disagree,Disagree,Somewhat Disagree,Somewhat Agree,Somewhat Disagree,Strongly Agree,Neutral,Disagree,Unfair,Disagree,Neutral,Somewhat Disagree,Agree,Neutral,Strongly Agree,Agree,Somewhat Agree,Somewhat Fair,Disagree,Neutral,Somewhat Agree,Strongly Disagree,Agree,Strongly Agree,Agree,Neutral
2240,546,18-29,Bachelor,Female,,75000-100000,false,false,false,true,false,,ins,fairness first,Somewhat Fair,Strongly Agree,Somewhat Agree,Disagree,Strongly Disagree,Somewhat Agree,Somewhat Disagree,Strongly Agree,Strongly Agree,Somewhat Fair,Strongly Agree,Somewhat Agree,Disagree,Strongly Disagree,Somewhat Agree,Disagree,Strongly Agree,Strongly Agree,Unfair,Agree,Disagree,Disagree,Somewhat Agree,Disagree,Disagree,Somewhat Disagree,Somewhat Disagree,Very Unfair,Somewhat Agree,Disagree,Disagree,Somewhat Agree,Somewhat Disagree,Somewhat Disagree,Somewhat Agree,Somewhat Agree,Fair,Agree,Agree,Somewhat Agree,Somewhat Agree,Somewhat Agree,Somewhat Agree,Somewhat Agree,Somewhat Agree,Unfair,Somewhat Agree,Disagree,Somewhat Disagree,Somewhat Agree,Disagree,Disagree,Somewhat Agree,Somewhat Agree,Somewhat Unfair,Somewhat Agree,Somewhat Agree,Somewhat Disagree,Somewhat Agree,Somewhat Agree,Somewhat Disagree,Somewhat Agree,Somewhat Agree,Somewhat Unfair,Disagree,Disagree,Agree,Strongly Disagree,Somewhat Disagree,Somewhat Agree,Agree,Agree
2241,1359,30-39,Bachelor,Male,,25000-50000,false,false,false,true,false,,ins,properties first,Very Fair,Strongly Agree,Agree,Agree,Strongly Agree,Somewhat Agree,Agree,Strongly Agree,Strongly Agree,Very Fair,Strongly Agree,Agree,Somewhat Agree,Agree,Strongly Agree,Neutral,Agree,Strongly Agree,Very Fair,Strongly Agree,Agree,Somewhat Agree,Somewhat Agree,Neutral,Somewhat Agree,Somewhat Agree,Strongly Agree,Fair,Strongly Agree,Agree,Somewhat Agree,Agree,Strongly Agree,Neutral,Agree,Strongly Agree,Somewhat Fair,Strongly Agree,Agree,Somewhat Agree,Agree,Strongly Agree,Strongly Agree,Somewhat Agree,Strongly Agree,Fair,Strongly Agree,Agree,Somewhat Agree,Agree,Strongly Agree,Agree,Strongly Agree,Strongly Agree,Fair,Strongly Agree,Agree,Somewhat Agree,Strongly Agree,Agree,Strongly Agree,Neutral,Strongly Agree,Very Fair,Strongly Agree,Agree,Somewhat Agree,Agree,Strongly Agree,Strongly Agree,Strongly Agree,Somewhat Agree
2242,628,30-39,Bachelor,Male,,50000-75000,false,false,false,true,false,,ins,fairness first,Very Fair,Agree,Strongly Agree,Strongly Agree,Strongly Agree,Strongly Agree,Strongly Agree,Agree,Strongly Agree,Very Unfair,Disagree,Somewhat Disagree,Disagree,Disagree,Somewhat Disagree,Somewhat Disagree,Disagree,Strongly Disagree,Fair,Agree,Agree,Somewhat Agree,Agree,Somewhat Agree,Agree,Agree,Strongly Agree,Very Fair,Strongly Agree,Strongly Agree,Strongly Agree,Strongly Agree,Strongly Agree,Strongly Agree,Strongly Agree,Strongly Agree,Fair,Agree,Strongly Agree,Agree,Strongly Agree,Strongly Agree,Agree,Strongly Agree,Strongly Agree,Fair,Strongly Agree,Strongly Agree,Strongly Agree,Strongly Agree,Strongly Agree,Strongly Agree,Strongly Agree,Strongly Agree,Neutral,Somewhat Agree,Agree,Agree,Neutral,Somewhat Agree,Somewhat Agree,Somewhat Agree,Agree,Fair,Strongly Agree,Strongly Agree,Strongly Agree,Strongly Agree,Strongly Agree,Strongly Agree,Strongly Agree,Strongly Agree
2243,334,50-59,Bachelor,Male,,50000-75000,false,false,false,false,false,white,ins,fairness first,Somewhat Fair,Somewhat Agree,Strongly Agree,Agree,Neutral,Neutral,Agree,Somewhat Agree,Agree,Fair,Neutral,Agree,Somewhat Agree,Neutral,Strongly Agree,Agree,Somewhat Agree,Agree,Somewhat Fair,Neutral,Agree,Somewhat Agree,Somewhat Disagree,Somewhat Agree,Agree,Strongly Agree,Somewhat Agree,Fair,Somewhat Agree,Neutral,Strongly Agree,Somewhat Agree,Neutral,Somewhat Disagree,Somewhat Agree,Agree,Neutral,Agree,Neutral,Agree,Neutral,Somewhat Disagree,Agree,Somewhat Agree,Agree,Fair,Neutral,Agree,Somewhat Agree,Somewhat Disagree,Agree,Somewhat Agree,Strongly Agree,Agree,Fair,Somewhat Agree,Strongly Agree,Somewhat Agree,Neutral,Somewhat Agree,Agree,Neutral,Somewhat Agree,Very Fair,Neutral,Agree,Neutral,Agree,Somewhat Agree,Neutral,Somewhat Disagree,Agree
2244,451,18-29,Bachelor,Male,,25000-50000,false,true,false,false,false,,ins,fairness first,Somewhat Fair,Neutral,Agree,Agree,Agree,Agree,Somewhat Disagree,Neutral,Neutral,Somewhat Unfair,Agree,Agree,Agree,Neutral,Disagree,Somewhat Disagree,Neutral,Neutral,Unfair,Agree,Neutral,Somewhat Agree,Somewhat Agree,Disagree,Somewhat Disagree,Neutral,Neutral,Fair,Agree,Agree,Agree,Agree,Somewhat Disagree,,Neutral,Neutral,Fair,Agree,Neutral,Neutral,Somewhat Agree,Disagree,Somewhat Disagree,Agree,Neutral,Unfair,Agree,Agree,Agree,Agree,Disagree,Somewhat Disagree,Neutral,Neutral,Unfair,Agree,Agree,Agree,,Somewhat Disagree,Somewhat Disagree,Neutral,Neutral,Very Fair,Agree,Agree,Agree,Agree,Agree,Somewhat Disagree,Neutral,Neutral
2245,697,50-59,High School,Male,,25000-50000,false,false,true,false,false,,ins,fairness first,Somewhat Fair,Somewhat Agree,Neutral,Somewhat Agree,Strongly Disagree,Neutral,Strongly Disagree,Disagree,Strongly Disagree,Very Unfair,Neutral,Neutral,Strongly Disagree,Strongly Disagree,Disagree,Strongly Disagree,Somewhat Disagree,Disagree,Somewhat Fair,Neutral,Neutral,Strongly Agree,Somewhat Agree,Strongly Disagree,Strongly Disagree,Disagree,Disagree,Neutral,Neutral,Strongly Disagree,Somewhat Agree,Neutral,Strongly Disagree,Strongly Disagree,Neutral,Strongly Disagree,Unfair,Neutral,Neutral,Neutral,Disagree,Neutral,Strongly Disagree,Somewhat Disagree,Neutral,Unfair,Neutral,Neutral,Strongly Agree,Neutral,Neutral,Strongly Disagree,Somewhat Agree,Neutral,Very Unfair,Neutral,Strongly Disagree,Strongly Agree,Strongly Agree,Disagree,Disagree,Neutral,Disagree,Fair,Neutral,Neutral,Strongly Agree,Neutral,Somewhat Agree,Strongly Disagree,Strongly Disagree,Strongly Disagree
2246,1397,40-49,Bachelor,Female,,>100000,false,false,false,true,false,,ins,fairness first,Unfair,Strongly Agree,Somewhat Agree,Neutral,Strongly Disagree,Somewhat Agree,Strongly Agree,Neutral,Neutral,Somewhat Unfair,Strongly Agree,Somewhat Agree,Strongly Disagree,Strongly Disagree,Somewhat Agree,Strongly Agree,Neutral,Neutral,Neutral,Agree,Neutral,Neutral,Strongly Agree,Strongly Disagree,Strongly Agree,Neutral,Neutral,Very Unfair,Neutral,Strongly Disagree,Neutral,Strongly Agree,Disagree,Agree,Neutral,Neutral,Very Unfair,Neutral,Disagree,Strongly Agree,Strongly Agree,Strongly Disagree,Strongly Agree,Neutral,Neutral,Very Unfair,Somewhat Agree,Strongly Disagree,Neutral,Strongly Agree,Strongly Disagree,Strongly Agree,Neutral,Neutral,Unfair,Neutral,Somewhat Disagree,Neutral,Somewhat Agree,,Neutral,Agree,Neutral,Very Unfair,Strongly Disagree,Strongly Disagree,Strongly Agree,Disagree,Neutral,Strongly Agree,Strongly Agree,Strongly Agree
2247,1213,30-39,Bachelor,Male,,25000-50000,false,false,false,true,false,,ins,fairness first,Unfair,Strongly Agree,Somewhat Disagree,Disagree,Strongly Disagree,Somewhat Agree,Strongly Agree,Strongly Agree,Strongly Agree,Somewhat Fair,Strongly Agree,Somewhat Disagree,Strongly Disagree,Strongly Disagree,Somewhat Disagree,Disagree,Agree,Agree,Very Unfair,Agree,Strongly Disagree,Disagree,Agree,Strongly Disagree,Strongly Agree,Strongly Disagree,Strongly Disagree,Very Unfair,Somewhat Agree,Strongly Disagree,Somewhat Disagree,Strongly Agree,Strongly Disagree,Agree,Disagree,Disagree,Very Unfair,Strongly Agree,Strongly Disagree,Strongly Agree,Somewhat Disagree,Strongly Disagree,Strongly Agree,Somewhat Agree,Somewhat Agree,Very Unfair,Somewhat Agree,Strongly Disagree,Somewhat Disagree,Somewhat Agree,Strongly Disagree,Strongly Agree,Somewhat Disagree,Somewhat Disagree,Somewhat Fair,Agree,Somewhat Agree,Disagree,Agree,Agree,Agree,Strongly Agree,Agree,Unfair,Somewhat Agree,Strongly Disagree,Strongly Agree,Disagree,Neutral,Agree,Disagree,Disagree
