Study ID,Completion Time (s),Respondent Age,Respondent Education,Respondent Gender,Respondent Gender Other,Respondent Income,Aboriginal,Asian,Black,Caucasian,Hispanic,Ethnicity Other,Domain,Question Order Version,Current Charges,Current Charges Reliability,Current Charges Relevance,Current Charges Privacy,Current Charges Volitionality,Current Charges Causes Outcome,Current Charges Causes Cycle,Current Charges Causes Disparity,Current Charges Caused by Group,Criminal History,Criminal History Reliability,Criminal History Relevance,Criminal History Privacy,Criminal History Volitionality,Criminal History Causes Outcome,Criminal History Causes Cycle,Criminal History Causes Disparity,Criminal History Caused by Group,Substance Abuse,Substance Abuse Reliability,Substance Abuse Relevance,Substance Abuse Privacy,Substance Abuse Volitionality,Substance Abuse Causes Outcome,Substance Abuse Causes Cycle,Substance Abuse Causes Disparity,Substance Abuse Caused by Group,Employment and Living,Employment and Living Reliability,Employment and Living Relevance,Employment and Living Privacy,Employment and Living Volitionality,Employment and Living Causes Outcome,Employment and Living Causes Cycle,Employment and Living Causes Disparity,Employment and Living Caused by Group,Personality,Personality Reliability,Personality Relevance,Personality Privacy,Personality Volitionality,Personality Causes Outcome,Personality Causes Cycle,Personality Causes Disparity,Personality Caused by Group,Criminal Attitudes,Criminal Attitudes Reliability,Criminal Attitudes Relevance,Criminal Attitudes Privacy,Criminal Attitudes Volitionality,Criminal Attitudes Causes Outcome,Criminal Attitudes Causes Cycle,Criminal Attitudes Causes Disparity,Criminal Attitudes Caused by Group,Neighbourhood,Neighbourhood Reliability,Neighbourhood Relevance,Neighbourhood Privacy,Neighbourhood Volitionality,Neighbourhood Causes Outcome,Neighbourhood Causes Cycle,Neighbourhood Causes Disparity,Neighbourhood Caused by Group,Friends and Family,Friends and Family Reliability,Friends and Family Relevance,Friends and Family Privacy,Friends and Family Volitionality,Friends and Family Causes Outcome,Friends and Family Causes Cycle,Friends and Family Causes Disparity,Friends and Family Caused by Group,Social Life,Social Life Reliability,Social Life Relevance,Social Life Privacy,Social Life Volitionality,Social Life Causes Outcome,Social Life Causes Cycle,Social Life Causes Disparity,Social Life Caused by Group,Education,Education Reliability,Education Relevance,Education Privacy,Education Volitionality,Education Causes Outcome,Education Causes Cycle,Education Causes Disparity,Education Caused by Group
501,814,40-49,High School,Female,,>100000,false,false,false,true,false,,rec,fairness first,Fair,Agree,Agree,Disagree,Somewhat Disagree,Neutral,Somewhat Disagree,Somewhat Agree,Strongly Disagree,Fair,Strongly Agree,Agree,Somewhat Disagree,Somewhat Disagree,Somewhat Disagree,Somewhat Agree,Somewhat Agree,Neutral,Somewhat Fair,Strongly Agree,Somewhat Agree,Agree,Strongly Disagree,Somewhat Disagree,Agree,Somewhat Agree,Disagree,Very Fair,Somewhat Agree,Somewhat Disagree,Somewhat Agree,Agree,Neutral,Strongly Agree,Agree,Neutral,Somewhat Unfair,Somewhat Agree,Neutral,Somewhat Agree,Neutral,Somewhat Agree,Agree,Somewhat Agree,Disagree,Neutral,Somewhat Disagree,Somewhat Agree,Neutral,Somewhat Agree,Agree,Somewhat Agree,Neutral,Neutral,Somewhat Unfair,Strongly Agree,Somewhat Disagree,Somewhat Disagree,Agree,Neutral,Strongly Agree,Agree,Somewhat Disagree,Very Unfair,Somewhat Agree,Strongly Disagree,Somewhat Disagree,Strongly Disagree,Somewhat Disagree,Strongly Agree,Somewhat Agree,Strongly Disagree,Somewhat Unfair,Somewhat Disagree,Neutral,Somewhat Agree,Strongly Agree,Somewhat Agree,Agree,Somewhat Agree,Somewhat Agree,Very Unfair,Strongly Agree,Strongly Disagree,Neutral,Agree,Somewhat Disagree,Agree,Somewhat Agree,Neutral
502,575,40-49,Bachelor,Male,,25000-50000,false,true,false,false,false,,rec,properties first,Somewhat Fair,Agree,Agree,Neutral,Disagree,Somewhat Agree,Somewhat Agree,Neutral,Neutral,Neutral,Agree,Agree,Neutral,Disagree,Somewhat Agree,Agree,Neutral,Neutral,Somewhat Unfair,Neutral,Somewhat Agree,Agree,Disagree,Somewhat Agree,Agree,Neutral,Neutral,Unfair,Somewhat Agree,Neutral,Somewhat Agree,Neutral,Neutral,Somewhat Agree,Neutral,Neutral,Somewhat Unfair,Somewhat Agree,Somewhat Agree,Neutral,Agree,Somewhat Agree,Neutral,Somewhat Disagree,Somewhat Disagree,Somewhat Fair,Neutral,Somewhat Agree,Neutral,Neutral,Somewhat Agree,Somewhat Agree,Neutral,Neutral,Unfair,Somewhat Agree,Somewhat Disagree,Neutral,Somewhat Agree,Neutral,Agree,Agree,Agree,Very Unfair,Agree,Somewhat Disagree,Agree,Disagree,Disagree,Neutral,Neutral,Neutral,Very Unfair,Somewhat Disagree,Disagree,Agree,Somewhat Agree,Disagree,Somewhat Agree,Neutral,Neutral,Very Unfair,Somewhat Agree,Disagree,Neutral,Neutral,Disagree,Agree,Neutral,Neutral
503,809,30-39,Bachelor,Male,,<25000,false,false,false,true,false,,rec,fairness first,Very Fair,Strongly Agree,Strongly Agree,Somewhat Disagree,Disagree,Agree,Somewhat Disagree,Strongly Disagree,Strongly Disagree,Fair,Strongly Agree,Strongly Agree,Somewhat Agree,Strongly Disagree,Somewhat Agree,Somewhat Agree,Disagree,Somewhat Disagree,Somewhat Fair,Somewhat Disagree,Somewhat Disagree,Agree,Strongly Agree,Somewhat Agree,Strongly Agree,Disagree,Disagree,Somewhat Unfair,Agree,Disagree,Somewhat Agree,Agree,Somewhat Disagree,Agree,Somewhat Disagree,Somewhat Agree,Somewhat Unfair,Strongly Disagree,Strongly Disagree,Agree,Neutral,Somewhat Disagree,Disagree,Strongly Disagree,Somewhat Agree,Unfair,Disagree,Somewhat Agree,Somewhat Agree,Neutral,Disagree,Somewhat Agree,Somewhat Disagree,Somewhat Disagree,Very Unfair,Somewhat Agree,Somewhat Disagree,Somewhat Disagree,Somewhat Disagree,Neutral,Strongly Agree,Disagree,Somewhat Disagree,Unfair,Somewhat Agree,Disagree,Somewhat Agree,Disagree,Disagree,Somewhat Agree,Somewhat Disagree,Somewhat Disagree,Unfair,Strongly Disagree,Strongly Disagree,Strongly Agree,Somewhat Disagree,Somewhat Disagree,Disagree,Strongly Disagree,Disagree,Very Unfair,Strongly Agree,Strongly Disagree,Strongly Agree,Somewhat Agree,Strongly Disagree,Neutral,Somewhat Disagree,Disagree
504,1408,18-29,Bachelor,Female,,25000-50000,false,true,false,true,false,,rec,properties first,Very Fair,Agree,Strongly Agree,Strongly Disagree,Disagree,Strongly Agree,Strongly Disagree,Strongly Disagree,Somewhat Agree,Very Fair,Strongly Agree,Strongly Agree,Strongly Disagree,Strongly Disagree,Strongly Agree,Disagree,Disagree,Strongly Disagree,Very Fair,Agree,Strongly Agree,Strongly Disagree,Somewhat Agree,Agree,Somewhat Disagree,Disagree,Somewhat Disagree,Somewhat Fair,Agree,Strongly Agree,Strongly Disagree,Somewhat Agree,Somewhat Agree,Disagree,Disagree,Somewhat Agree,Somewhat Fair,Somewhat Agree,Agree,Strongly Disagree,Somewhat Agree,Strongly Agree,Disagree,Disagree,Somewhat Agree,Neutral,Somewhat Agree,Agree,Strongly Disagree,Somewhat Agree,Agree,Disagree,Disagree,Strongly Disagree,Somewhat Unfair,Strongly Agree,Somewhat Agree,Strongly Disagree,Agree,Somewhat Agree,Somewhat Disagree,Disagree,Somewhat Disagree,Fair,Somewhat Agree,Somewhat Agree,Disagree,Neutral,Somewhat Agree,Somewhat Disagree,Somewhat Disagree,Agree,Unfair,Somewhat Agree,Somewhat Disagree,Disagree,Agree,Somewhat Agree,Somewhat Disagree,Disagree,Disagree,Unfair,Strongly Agree,Somewhat Disagree,Disagree,Somewhat Agree,Disagree,Somewhat Disagree,Somewhat Disagree,Disagree
505,2306,18-29,Bachelor,Male,,50000-75000,false,false,false,true,false,,rec,fairness first,Very Fair,Neutral,Strongly Agree,Agree,Disagree,Somewhat Disagree,Somewhat Disagree,Disagree,Somewhat Disagree,Very Unfair,Agree,Agree,Strongly Agree,Agree,Somewhat Disagree,Somewhat Agree,Disagree,Agree,Somewhat Fair,Somewhat Agree,Somewhat Agree,Strongly Agree,Agree,Somewhat Agree,Agree,Somewhat Disagree,Somewhat Agree,Somewhat Fair,Somewhat Disagree,Agree,Disagree,Strongly Agree,Agree,Somewhat Disagree,Disagree,Agree,Very Fair,Somewhat Disagree,Somewhat Disagree,Agree,Agree,Somewhat Agree,Somewhat Disagree,Agree,Agree,Unfair,,Somewhat Agree,Agree,Agree,Somewhat Disagree,Somewhat Agree,Somewhat Disagree,Disagree,Very Fair,Agree,Agree,Strongly Agree,Agree,Disagree,Somewhat Disagree,Somewhat Disagree,Somewhat Disagree,Unfair,Somewhat Agree,Somewhat Agree,Agree,Somewhat Agree,Somewhat Agree,Somewhat Disagree,Disagree,Agree,Unfair,Agree,Strongly Agree,Agree,Agree,Somewhat Agree,Somewhat Disagree,Somewhat Agree,Somewhat Agree,Somewhat Fair,Agree,Disagree,Somewhat Disagree,Somewhat Disagree,Agree,Somewhat Disagree,Neutral,Somewhat Agree
506,2012,50-59,Bachelor,Female,,>100000,false,false,false,true,false,,rec,fairness first,Very Fair,Strongly Agree,Strongly Agree,Strongly Disagree,Neutral,Strongly Agree,Neutral,Strongly Disagree,Strongly Disagree,Very Fair,Strongly Agree,Strongly Agree,Strongly Disagree,Strongly Disagree,Strongly Disagree,Strongly Disagree,Strongly Disagree,Strongly Disagree,Somewhat Unfair,Somewhat Agree,Somewhat Agree,Strongly Agree,Neutral,Neutral,Strongly Agree,Strongly Disagree,Strongly Disagree,Unfair,Disagree,Somewhat Agree,Agree,Disagree,Strongly Disagree,Strongly Disagree,Disagree,Strongly Disagree,Very Unfair,Strongly Disagree,Disagree,Strongly Agree,Strongly Disagree,Somewhat Disagree,Strongly Agree,Strongly Agree,Strongly Agree,Very Unfair,Strongly Disagree,Strongly Disagree,Strongly Agree,Strongly Agree,Agree,Strongly Agree,Strongly Agree,Strongly Agree,Very Unfair,Somewhat Disagree,Strongly Disagree,Strongly Agree,Strongly Disagree,Strongly Disagree,Strongly Agree,Neutral,Neutral,Very Unfair,Strongly Agree,Strongly Disagree,Strongly Agree,Strongly Disagree,Strongly Disagree,Strongly Agree,Strongly Agree,Neutral,Very Unfair,Strongly Disagree,Strongly Disagree,Strongly Agree,Somewhat Agree,Somewhat Agree,Strongly Agree,Strongly Agree,Strongly Agree,Very Unfair,Strongly Agree,Strongly Disagree,Strongly Agree,Strongly Agree,Strongly Disagree,Neutral,Strongly Disagree,Strongly Disagree
507,3226,30-39,Graduate,Female,,<25000,false,false,false,true,false,,rec,properties first,Very Fair,Agree,Strongly Agree,Strongly Disagree,Disagree,Somewhat Agree,Neutral,Neutral,Neutral,Fair,Agree,Agree,Disagree,Somewhat Disagree,Agree,Somewhat Disagree,Somewhat Disagree,Disagree,Somewhat Fair,Somewhat Agree,Strongly Agree,Neutral,Agree,Strongly Agree,Strongly Agree,Somewhat Agree,Somewhat Agree,Somewhat Fair,Agree,Somewhat Agree,Disagree,Agree,Somewhat Agree,Agree,Disagree,Disagree,Unfair,Disagree,Somewhat Agree,Somewhat Disagree,Somewhat Agree,Agree,Neutral,Disagree,Somewhat Disagree,Somewhat Unfair,Somewhat Agree,Somewhat Agree,Neutral,Agree,Agree,Neutral,Disagree,Disagree,Somewhat Unfair,Somewhat Disagree,Neutral,Disagree,Agree,Somewhat Agree,Agree,Agree,Agree,Somewhat Unfair,Somewhat Disagree,Neutral,Somewhat Disagree,Agree,Somewhat Agree,Agree,Agree,Agree,Unfair,Disagree,Somewhat Disagree,Agree,Agree,Somewhat Agree,Neutral,Disagree,Disagree,Somewhat Unfair,Somewhat Disagree,Somewhat Disagree,Disagree,Agree,Somewhat Disagree,Somewhat Agree,Somewhat Agree,Somewhat Agree
508,766,30-39,High School,Male,,25000-50000,false,false,false,true,false,,rec,properties first,Very Fair,Strongly Agree,Strongly Agree,Strongly Disagree,Neutral,Strongly Agree,Neutral,Disagree,Disagree,Very Fair,Strongly Agree,Strongly Agree,Strongly Disagree,Neutral,Strongly Agree,Somewhat Agree,Somewhat Disagree,Somewhat Disagree,Very Fair,Strongly Agree,Strongly Agree,Strongly Disagree,Somewhat Agree,Agree,Agree,Neutral,Neutral,Very Unfair,Strongly Disagree,Strongly Disagree,Strongly Agree,Agree,Strongly Disagree,Somewhat Agree,Strongly Disagree,Strongly Disagree,Very Unfair,Strongly Disagree,Strongly Disagree,Strongly Agree,Strongly Agree,Strongly Disagree,Strongly Disagree,Strongly Disagree,Strongly Disagree,Very Unfair,Strongly Disagree,Strongly Disagree,Strongly Agree,Somewhat Agree,Neutral,Agree,Neutral,Neutral,Very Unfair,Somewhat Agree,Strongly Disagree,Strongly Agree,Disagree,Strongly Disagree,Strongly Disagree,Strongly Disagree,Strongly Disagree,Very Unfair,Strongly Disagree,Strongly Disagree,Strongly Agree,Disagree,Strongly Disagree,Strongly Disagree,Strongly Disagree,Strongly Disagree,Very Unfair,Strongly Disagree,Strongly Disagree,Strongly Agree,Strongly Agree,Strongly Disagree,Strongly Disagree,Strongly Disagree,Strongly Disagree,Very Unfair,Strongly Agree,Strongly Disagree,Strongly Agree,Somewhat Agree,Strongly Disagree,Strongly Disagree,Strongly Disagree,Strongly Disagree
509,936,40-49,High School,Female,,<25000,false,false,false,true,false,,rec,fairness first,Fair,Strongly Agree,Strongly Agree,Neutral,Strongly Disagree,Somewhat Agree,Somewhat Disagree,Disagree,Disagree,Fair,Agree,Agree,Somewhat Disagree,Disagree,Somewhat Disagree,Neutral,Somewhat Disagree,Neutral,Unfair,Somewhat Agree,Disagree,Agree,Somewhat Agree,Disagree,Somewhat Agree,Neutral,Disagree,Somewhat Unfair,Somewhat Agree,Somewhat Agree,Neutral,Agree,Somewhat Agree,Neutral,Somewhat Agree,Neutral,Very Unfair,Disagree,Strongly Disagree,Neutral,Neutral,Somewhat Disagree,Somewhat Agree,Neutral,Somewhat Disagree,Unfair,Disagree,Disagree,Neutral,Neutral,Somewhat Disagree,Neutral,Neutral,Neutral,Unfair,Somewhat Agree,Strongly Disagree,Neutral,Disagree,Disagree,Somewhat Agree,Somewhat Agree,Somewhat Agree,Very Unfair,Somewhat Agree,Disagree,Neutral,Strongly Disagree,Disagree,Agree,Somewhat Agree,Neutral,Very Unfair,Somewhat Disagree,Strongly Disagree,Somewhat Agree,Somewhat Agree,Strongly Disagree,Disagree,Neutral,Neutral,Very Unfair,Somewhat Disagree,Strongly Disagree,Neutral,Somewhat Agree,Strongly Disagree,Somewhat Agree,Somewhat Agree,Somewhat Agree
510,2120,30-39,Bachelor,Female,,50000-75000,false,false,true,false,false,,rec,properties first,Very Fair,Strongly Agree,Strongly Agree,Disagree,Strongly Disagree,Somewhat Agree,Strongly Agree,Disagree,Disagree,Very Fair,Strongly Agree,Strongly Agree,Disagree,Strongly Agree,Agree,Strongly Agree,Agree,Agree,Fair,Strongly Agree,Strongly Agree,Somewhat Disagree,Strongly Agree,Agree,Strongly Agree,Strongly Disagree,Strongly Disagree,Somewhat Fair,Strongly Agree,Strongly Agree,Disagree,Strongly Agree,Strongly Agree,Strongly Agree,Somewhat Agree,Somewhat Agree,Somewhat Fair,Strongly Agree,Strongly Agree,Disagree,Strongly Agree,Strongly Agree,Strongly Agree,Somewhat Agree,Somewhat Agree,Very Fair,Somewhat Disagree,Agree,Disagree,Strongly Agree,Neutral,Disagree,Somewhat Agree,Somewhat Agree,Somewhat Unfair,Agree,Somewhat Disagree,Somewhat Agree,Agree,Somewhat Agree,Strongly Agree,Somewhat Agree,Neutral,Very Unfair,Somewhat Disagree,Strongly Disagree,Strongly Agree,Strongly Disagree,Somewhat Disagree,Somewhat Agree,Strongly Agree,Strongly Agree,Somewhat Unfair,Disagree,Strongly Disagree,Agree,Disagree,Strongly Disagree,Strongly Disagree,Strongly Disagree,Strongly Disagree,Unfair,Strongly Agree,Strongly Disagree,Neutral,Agree,Strongly Disagree,Disagree,Strongly Disagree,Strongly Disagree
561,2535,30-39,Bachelor,Male,,25000-50000,false,false,false,true,false,,rec,fairness first,Very Fair,Strongly Agree,Strongly Agree,Strongly Disagree,Strongly Disagree,Strongly Disagree,Neutral,Neutral,Agree,Neutral,Strongly Agree,Strongly Agree,Strongly Disagree,Strongly Disagree,Agree,Somewhat Agree,Somewhat Agree,Neutral,Somewhat Unfair,Somewhat Agree,Agree,Neutral,Somewhat Agree,Neutral,Agree,Neutral,Neutral,Somewhat Fair,Agree,Agree,Neutral,Strongly Agree,Disagree,Somewhat Agree,Somewhat Agree,Somewhat Agree,Fair,Disagree,Somewhat Agree,Neutral,Agree,Agree,Neutral,Somewhat Disagree,Somewhat Disagree,Somewhat Fair,Neutral,Agree,Somewhat Agree,Strongly Agree,Somewhat Agree,Somewhat Agree,Neutral,Neutral,Neutral,Somewhat Agree,Neutral,Somewhat Disagree,Neutral,Neutral,Somewhat Agree,Agree,Neutral,Very Unfair,Agree,Strongly Agree,Strongly Disagree,Agree,Agree,Somewhat Agree,Somewhat Agree,Somewhat Agree,Very Unfair,Disagree,Neutral,Somewhat Agree,Agree,Somewhat Agree,Neutral,Neutral,Neutral,Very Unfair,Agree,Somewhat Disagree,Neutral,Agree,Disagree,Somewhat Agree,Somewhat Agree,Neutral
562,667,30-39,Associate or Diploma,Male,,25000-50000,false,false,false,true,false,,rec,fairness first,Very Fair,Strongly Agree,Strongly Agree,Strongly Disagree,Disagree,Strongly Disagree,Strongly Disagree,Strongly Disagree,Strongly Disagree,Very Fair,Strongly Agree,Strongly Agree,Strongly Disagree,Strongly Agree,Agree,Strongly Disagree,Strongly Disagree,Strongly Disagree,Very Fair,Strongly Agree,Strongly Agree,Disagree,Neutral,Strongly Agree,Somewhat Disagree,Somewhat Disagree,Disagree,Neutral,Strongly Agree,Strongly Agree,Strongly Disagree,Strongly Agree,Neutral,Strongly Disagree,Strongly Disagree,Strongly Disagree,Somewhat Unfair,Strongly Agree,Strongly Agree,Strongly Disagree,Somewhat Agree,Strongly Agree,Strongly Disagree,Strongly Disagree,Strongly Disagree,Fair,Strongly Agree,Strongly Agree,Strongly Disagree,Somewhat Agree,Strongly Agree,Disagree,Strongly Disagree,Strongly Disagree,Neutral,Strongly Agree,Strongly Agree,Strongly Disagree,Neutral,Disagree,Disagree,Strongly Disagree,Strongly Disagree,Fair,Strongly Agree,Strongly Agree,Strongly Disagree,Strongly Disagree,Strongly Disagree,Strongly Disagree,Strongly Disagree,Strongly Disagree,Unfair,Somewhat Agree,Neutral,Somewhat Agree,Agree,Strongly Disagree,Strongly Disagree,Strongly Disagree,Strongly Disagree,Unfair,Strongly Agree,Strongly Agree,Strongly Disagree,Strongly Agree,Strongly Disagree,Strongly Disagree,Strongly Disagree,Strongly Disagree
563,1819,60-69,High School,Female,,50000-75000,false,false,false,true,false,,rec,properties first,Very Fair,Agree,Strongly Agree,Neutral,Somewhat Disagree,Agree,Somewhat Agree,Somewhat Agree,Somewhat Agree,Very Fair,Strongly Agree,Strongly Agree,Disagree,Disagree,Somewhat Agree,Somewhat Disagree,Somewhat Disagree,Somewhat Agree,Somewhat Fair,Somewhat Agree,Somewhat Agree,Neutral,Somewhat Agree,Strongly Agree,Somewhat Disagree,Neutral,Somewhat Disagree,Somewhat Fair,Agree,Agree,Disagree,Strongly Agree,Agree,Disagree,Somewhat Disagree,Neutral,Fair,Disagree,Somewhat Agree,Somewhat Disagree,Neutral,Agree,Somewhat Agree,Somewhat Agree,Somewhat Agree,Very Fair,Somewhat Agree,Agree,Somewhat Disagree,Strongly Agree,Strongly Agree,Somewhat Disagree,Somewhat Disagree,Somewhat Agree,Very Unfair,Somewhat Agree,Somewhat Agree,Strongly Disagree,Somewhat Disagree,Agree,Somewhat Agree,Somewhat Agree,Somewhat Agree,Somewhat Unfair,Somewhat Agree,Somewhat Agree,Neutral,Somewhat Disagree,Somewhat Agree,Somewhat Agree,Somewhat Agree,Somewhat Agree,Somewhat Unfair,Somewhat Disagree,Somewhat Agree,Somewhat Disagree,Agree,Agree,Somewhat Disagree,Neutral,Somewhat Agree,Very Unfair,Strongly Agree,Somewhat Disagree,Disagree,Strongly Agree,Strongly Disagree,Somewhat Agree,Somewhat Agree,Neutral
564,1364,30-39,Graduate,Male,,50000-75000,false,false,false,true,false,,rec,fairness first,Fair,Somewhat Agree,Somewhat Agree,Strongly Disagree,Somewhat Agree,Strongly Agree,Somewhat Agree,Strongly Disagree,Strongly Disagree,Fair,Agree,Strongly Agree,Disagree,Agree,Agree,Somewhat Agree,Disagree,Disagree,Somewhat Unfair,Disagree,Somewhat Disagree,Strongly Agree,Somewhat Agree,Neutral,Somewhat Agree,Agree,Strongly Disagree,Very Unfair,Somewhat Agree,Disagree,Somewhat Agree,Somewhat Agree,Somewhat Agree,Agree,Agree,Agree,Very Unfair,Strongly Disagree,Strongly Disagree,Strongly Agree,Agree,Agree,Agree,Strongly Agree,Strongly Agree,Very Unfair,Strongly Disagree,Strongly Disagree,Disagree,Disagree,Somewhat Disagree,Disagree,Somewhat Disagree,Somewhat Disagree,Very Unfair,Somewhat Disagree,Somewhat Disagree,Strongly Disagree,Somewhat Agree,Somewhat Agree,Somewhat Agree,Agree,Agree,Very Unfair,Disagree,Somewhat Agree,Somewhat Disagree,Somewhat Agree,Somewhat Agree,Somewhat Agree,Agree,Agree,Very Unfair,Disagree,Disagree,Somewhat Agree,Somewhat Disagree,Somewhat Disagree,Somewhat Disagree,Somewhat Agree,Somewhat Agree,Very Unfair,Strongly Disagree,Strongly Disagree,Somewhat Agree,Neutral,Strongly Disagree,Disagree,Somewhat Agree,Somewhat Agree
565,1746,40-49,High School,Female,,<25000,false,false,true,false,false,,rec,fairness first,Fair,Agree,Agree,Disagree,Somewhat Agree,Somewhat Agree,Somewhat Agree,Somewhat Agree,Somewhat Agree,Very Fair,Agree,Agree,Agree,Agree,Agree,Agree,Agree,Agree,Very Fair,Agree,Agree,Disagree,Agree,Agree,Agree,Neutral,Neutral,Very Fair,Agree,Strongly Agree,Disagree,Agree,Somewhat Agree,Agree,Neutral,Neutral,Fair,Agree,Agree,Disagree,Neutral,Neutral,Neutral,Neutral,Neutral,Very Fair,Agree,Agree,Disagree,Agree,Agree,Neutral,Neutral,Neutral,Fair,Agree,Agree,Disagree,Somewhat Agree,Neutral,Neutral,Neutral,Neutral,Very Unfair,Disagree,Disagree,Disagree,Neutral,Neutral,Neutral,Agree,Neutral,Neutral,Neutral,Neutral,Disagree,Neutral,Neutral,Neutral,Neutral,Neutral,Neutral,Neutral,Neutral,Disagree,Neutral,Neutral,Neutral,Neutral,Neutral
566,427,50-59,Bachelor,Male,,<25000,false,true,false,false,false,,rec,properties first,Very Fair,Somewhat Agree,Agree,Agree,Somewhat Agree,Neutral,Somewhat Agree,Somewhat Agree,Somewhat Agree,Fair,Somewhat Agree,Somewhat Agree,Agree,Agree,Neutral,Somewhat Agree,Somewhat Agree,Somewhat Agree,Unfair,Somewhat Agree,Agree,Somewhat Agree,Somewhat Agree,Somewhat Agree,Somewhat Agree,Agree,Somewhat Agree,Somewhat Unfair,Somewhat Agree,Somewhat Agree,Somewhat Agree,Somewhat Agree,Agree,Somewhat Agree,Somewhat Agree,Somewhat Agree,Unfair,Somewhat Agree,Somewhat Agree,Somewhat Agree,Somewhat Agree,Somewhat Agree,Neutral,Somewhat Agree,Somewhat Agree,Fair,Somewhat Agree,Agree,Agree,Agree,Agree,Agree,Somewhat Agree,,Neutral,Somewhat Agree,Somewhat Agree,Somewhat Agree,Neutral,Neutral,Somewhat Agree,Somewhat Agree,Somewhat Agree,Unfair,Somewhat Agree,Neutral,Somewhat Agree,Somewhat Agree,Somewhat Agree,Somewhat Agree,Somewhat Agree,Somewhat Agree,Unfair,Somewhat Agree,Neutral,Somewhat Agree,Somewhat Agree,Somewhat Agree,Agree,Agree,Somewhat Agree,Unfair,Agree,Agree,Agree,Somewhat Agree,Agree,Somewhat Agree,Somewhat Agree,Somewhat Agree
567,900,50-59,Associate or Diploma,Female,,25000-50000,false,false,false,true,false,,rec,properties first,Somewhat Fair,Somewhat Agree,Somewhat Agree,Disagree,Agree,Somewhat Agree,Somewhat Agree,Somewhat Agree,Somewhat Agree,Somewhat Fair,Somewhat Agree,Somewhat Agree,Disagree,Disagree,Somewhat Disagree,Somewhat Agree,Somewhat Agree,Somewhat Agree,Somewhat Fair,Neutral,Somewhat Agree,Disagree,Disagree,Somewhat Agree,Somewhat Agree,Somewhat Agree,Somewhat Agree,Somewhat Unfair,Somewhat Disagree,Somewhat Agree,Somewhat Disagree,Somewhat Agree,Agree,Somewhat Agree,Somewhat Agree,Somewhat Agree,Neutral,Somewhat Disagree,Somewhat Agree,Disagree,Somewhat Agree,Agree,Agree,Somewhat Agree,Somewhat Agree,Somewhat Fair,Somewhat Disagree,Somewhat Agree,Disagree,Somewhat Agree,Agree,Neutral,Neutral,Neutral,Unfair,Somewhat Agree,Disagree,Neutral,Somewhat Disagree,Somewhat Disagree,Agree,Agree,Agree,Somewhat Fair,Somewhat Disagree,Disagree,Somewhat Agree,Somewhat Agree,Somewhat Agree,Neutral,Somewhat Agree,Somewhat Agree,Somewhat Unfair,Disagree,Somewhat Disagree,Somewhat Agree,Agree,Somewhat Disagree,Somewhat Agree,Somewhat Agree,Somewhat Agree,Unfair,Disagree,Strongly Disagree,Agree,Somewhat Agree,Disagree,Agree,Agree,Agree
568,1904,40-49,High School,Male,,<25000,false,false,false,true,false,,rec,fairness first,Very Fair,Strongly Agree,Strongly Agree,Strongly Disagree,Strongly Disagree,Agree,Strongly Agree,Strongly Disagree,Strongly Disagree,Very Fair,Strongly Agree,Strongly Agree,Strongly Disagree,Strongly Disagree,Somewhat Agree,Disagree,Disagree,Strongly Disagree,Very Fair,Disagree,Strongly Agree,Strongly Disagree,Strongly Agree,Strongly Agree,Agree,Strongly Disagree,Disagree,Very Fair,Somewhat Disagree,Somewhat Agree,Somewhat Disagree,Strongly Agree,Strongly Agree,Strongly Agree,Disagree,Disagree,Unfair,Strongly Disagree,Disagree,Strongly Disagree,Strongly Agree,Strongly Agree,Strongly Agree,Strongly Disagree,Strongly Disagree,Unfair,Strongly Disagree,Disagree,Strongly Disagree,Strongly Agree,Disagree,Agree,Strongly Disagree,Strongly Disagree,Somewhat Unfair,Agree,Agree,Strongly Disagree,Strongly Disagree,Strongly Agree,Agree,Somewhat Agree,Strongly Agree,Fair,Strongly Agree,Strongly Agree,Disagree,Strongly Disagree,Somewhat Agree,Somewhat Disagree,Somewhat Agree,Disagree,Unfair,Disagree,Somewhat Agree,Somewhat Agree,Strongly Agree,Strongly Agree,Somewhat Disagree,Strongly Disagree,Strongly Disagree,Very Unfair,Strongly Agree,Disagree,Strongly Disagree,Strongly Disagree,Disagree,Disagree,Somewhat Disagree,Somewhat Agree
569,1008,50-59,Graduate,Female,,>100000,false,false,false,true,false,,rec,properties first,Very Fair,Strongly Agree,Strongly Agree,Strongly Disagree,Somewhat Agree,Strongly Agree,Strongly Agree,,Strongly Agree,Very Fair,Strongly Agree,,Strongly Disagree,Strongly Agree,Strongly Agree,Strongly Agree,Strongly Agree,Strongly Agree,Very Fair,Disagree,Strongly Agree,Somewhat Disagree,Agree,Agree,Somewhat Agree,Somewhat Agree,Agree,Very Fair,Strongly Agree,Agree,Disagree,Strongly Agree,Strongly Agree,Strongly Agree,Agree,Strongly Agree,Very Fair,Strongly Agree,Strongly Agree,Strongly Disagree,Disagree,Strongly Agree,Strongly Agree,Strongly Agree,Somewhat Disagree,Very Fair,Strongly Agree,Strongly Agree,Strongly Disagree,Strongly Agree,Strongly Agree,Strongly Agree,Strongly Agree,Strongly Agree,Very Fair,Strongly Agree,Strongly Agree,Strongly Disagree,Agree,,Agree,Strongly Agree,Agree,Very Fair,Strongly Agree,Strongly Agree,Strongly Disagree,Strongly Disagree,Agree,Agree,Agree,Strongly Agree,Very Fair,Disagree,Somewhat Disagree,Disagree,Agree,Agree,Strongly Disagree,Agree,Agree,Very Fair,Strongly Agree,Somewhat Agree,Strongly Disagree,Strongly Agree,Somewhat Agree,Strongly Agree,Strongly Agree,Strongly Agree
570,1528,18-29,Bachelor,Male,,25000-50000,false,false,false,true,false,,rec,properties first,Very Fair,Strongly Agree,Strongly Agree,Agree,Strongly Disagree,Agree,Disagree,Strongly Disagree,Strongly Disagree,Fair,Agree,Strongly Agree,Somewhat Disagree,Disagree,Neutral,Agree,Somewhat Disagree,Disagree,Somewhat Unfair,Disagree,Somewhat Disagree,Agree,Strongly Disagree,Disagree,Somewhat Agree,Disagree,Disagree,Somewhat Fair,Disagree,Agree,Somewhat Agree,Disagree,Agree,Agree,Somewhat Disagree,Somewhat Disagree,Unfair,Strongly Disagree,Disagree,Strongly Agree,Somewhat Disagree,Agree,Agree,Disagree,Disagree,Somewhat Unfair,Disagree,Disagree,Agree,Somewhat Agree,Somewhat Agree,Agree,Somewhat Disagree,Disagree,Very Unfair,Disagree,Strongly Disagree,Disagree,Strongly Disagree,Somewhat Disagree,Agree,Agree,Somewhat Agree,Unfair,Disagree,Disagree,Agree,Strongly Disagree,Disagree,Neutral,Somewhat Disagree,Somewhat Disagree,Very Unfair,Strongly Disagree,Strongly Disagree,Strongly Agree,Disagree,Disagree,Somewhat Disagree,Disagree,Disagree,Unfair,Agree,Somewhat Agree,Somewhat Disagree,Somewhat Agree,Disagree,Somewhat Agree,Somewhat Agree,Disagree
571,2149,50-59,Associate or Diploma,Female,,>100000,false,false,false,true,false,,rec,fairness first,Fair,Agree,Agree,Strongly Disagree,Agree,Agree,Disagree,Strongly Disagree,Strongly Disagree,Very Fair,Agree,Strongly Agree,Disagree,Disagree,Somewhat Agree,Somewhat Disagree,Disagree,Strongly Disagree,Somewhat Fair,Somewhat Agree,Agree,Agree,Disagree,Somewhat Agree,Somewhat Disagree,Disagree,Disagree,Somewhat Fair,Somewhat Disagree,Somewhat Agree,Disagree,Somewhat Agree,Somewhat Agree,Somewhat Agree,Somewhat Agree,Somewhat Agree,Unfair,Disagree,Somewhat Disagree,Agree,Agree,Somewhat Agree,Somewhat Agree,Disagree,Disagree,Somewhat Fair,Disagree,Somewhat Disagree,Somewhat Agree,Agree,Somewhat Disagree,Agree,Disagree,Disagree,Very Unfair,Agree,Disagree,Disagree,Somewhat Agree,Disagree,Somewhat Agree,Strongly Agree,Agree,Very Unfair,Disagree,Somewhat Disagree,Somewhat Agree,Disagree,Somewhat Disagree,Agree,Somewhat Agree,Somewhat Disagree,Unfair,Somewhat Disagree,Somewhat Disagree,Agree,Agree,Somewhat Disagree,Agree,Somewhat Agree,Somewhat Agree,Very Unfair,Agree,Disagree,Disagree,Agree,Somewhat Agree,Somewhat Disagree,Somewhat Agree,Somewhat Agree
572,836,40-49,Bachelor,Female,,<25000,false,false,true,false,false,,rec,properties first,Very Fair,Strongly Agree,Strongly Agree,Strongly Disagree,Strongly Disagree,Strongly Disagree,Strongly Disagree,Strongly Disagree,Strongly Disagree,Fair,Strongly Agree,Strongly Agree,Strongly Disagree,Strongly Disagree,Strongly Disagree,Strongly Disagree,Strongly Disagree,Strongly Disagree,Somewhat Fair,Agree,Agree,Somewhat Disagree,Agree,Agree,Somewhat Agree,Somewhat Agree,Strongly Disagree,Fair,Agree,Neutral,Somewhat Disagree,Strongly Agree,Neutral,Somewhat Agree,Somewhat Agree,Neutral,Neutral,Strongly Agree,Strongly Agree,Disagree,Neutral,Somewhat Disagree,Disagree,Strongly Disagree,Strongly Disagree,Somewhat Fair,Somewhat Agree,Somewhat Agree,Strongly Disagree,Agree,Neutral,Disagree,Strongly Disagree,Strongly Disagree,Very Unfair,Somewhat Disagree,Strongly Disagree,Strongly Disagree,Strongly Disagree,Strongly Disagree,Strongly Disagree,Strongly Disagree,Strongly Disagree,Very Unfair,Somewhat Disagree,Strongly Disagree,Strongly Disagree,,Strongly Disagree,Strongly Disagree,Somewhat Agree,Strongly Disagree,Very Unfair,Strongly Agree,Neutral,Neutral,Strongly Agree,Strongly Disagree,Strongly Disagree,Strongly Disagree,Strongly Disagree,Somewhat Unfair,Strongly Agree,Disagree,Strongly Disagree,Somewhat Agree,Strongly Disagree,Strongly Disagree,Strongly Disagree,Strongly Disagree
573,958,50-59,High School,Female,,50000-75000,false,true,false,false,false,,rec,fairness first,Somewhat Unfair,Agree,Disagree,Agree,Strongly Disagree,Strongly Agree,Strongly Agree,Somewhat Agree,Agree,Neutral,Agree,Somewhat Agree,Agree,Somewhat Agree,Agree,Somewhat Agree,Strongly Agree,Somewhat Agree,Unfair,Somewhat Agree,Agree,,Somewhat Agree,Agree,Neutral,Agree,Somewhat Agree,Very Fair,Somewhat Agree,Agree,Somewhat Agree,Agree,Agree,Somewhat Agree,Agree,Somewhat Agree,Neutral,Neutral,Somewhat Agree,Agree,Somewhat Agree,Agree,Somewhat Agree,Agree,Somewhat Agree,Fair,Somewhat Agree,Neutral,Agree,Somewhat Agree,Neutral,Agree,Somewhat Agree,Neutral,Neutral,Somewhat Agree,Neutral,Agree,Somewhat Disagree,Somewhat Agree,Agree,Agree,Somewhat Agree,Fair,Neutral,Somewhat Agree,Neutral,Agree,Neutral,Agree,Neutral,Agree,Somewhat Unfair,Agree,Strongly Disagree,Agree,Neutral,Agree,Somewhat Agree,Agree,Agree,Neutral,Neutral,,Neutral,Somewhat Agree,Agree,Somewhat Agree,Agree,Somewhat Agree
574,3066,30-39,Graduate,Male,,>100000,false,false,false,true,false,,rec,fairness first,Fair,Agree,Somewhat Agree,Strongly Agree,Agree,Agree,Agree,Somewhat Agree,Agree,Very Fair,Somewhat Agree,Somewhat Agree,Somewhat Agree,Agree,Agree,Somewhat Agree,Somewhat Agree,Agree,Somewhat Unfair,Agree,Agree,Agree,Strongly Agree,Strongly Agree,Somewhat Agree,Agree,Agree,Very Fair,Agree,Agree,Agree,Somewhat Agree,Somewhat Agree,Agree,Agree,Somewhat Agree,Fair,Somewhat Agree,Agree,Somewhat Agree,Agree,Agree,Agree,Somewhat Agree,Agree,Very Fair,Somewhat Agree,Somewhat Agree,Agree,Somewhat Agree,Somewhat Agree,Somewhat Agree,Agree,Agree,Fair,Somewhat Agree,Agree,Agree,Somewhat Agree,Somewhat Agree,Agree,Agree,Somewhat Agree,Somewhat Fair,,Somewhat Agree,Somewhat Agree,Agree,Somewhat Agree,Somewhat Agree,Somewhat Agree,Somewhat Agree,Fair,Somewhat Agree,Agree,Agree,Strongly Agree,Strongly Agree,Agree,Somewhat Agree,Agree,Somewhat Fair,Somewhat Agree,Agree,Strongly Agree,Strongly Agree,Agree,Agree,Somewhat Agree,Agree
575,749,30-39,Bachelor,Male,,25000-50000,false,false,false,true,false,,rec,properties first,Very Fair,Strongly Agree,Strongly Agree,Strongly Disagree,Strongly Disagree,Strongly Agree,Strongly Disagree,Strongly Disagree,Disagree,Very Fair,Strongly Agree,Strongly Agree,Strongly Disagree,Strongly Disagree,Strongly Agree,Disagree,Strongly Disagree,Strongly Disagree,Very Fair,Somewhat Agree,Strongly Agree,Disagree,Disagree,Somewhat Agree,Strongly Disagree,Strongly Disagree,Disagree,Somewhat Fair,Strongly Agree,Strongly Agree,Strongly Disagree,Somewhat Agree,Strongly Agree,Somewhat Disagree,Disagree,Strongly Disagree,Somewhat Unfair,Agree,Agree,Strongly Disagree,Strongly Disagree,Strongly Agree,Agree,Disagree,Disagree,Fair,Agree,Agree,Strongly Disagree,Strongly Disagree,Strongly Agree,Agree,Somewhat Agree,Strongly Disagree,Fair,Disagree,Strongly Disagree,Strongly Disagree,Strongly Agree,Somewhat Agree,Strongly Disagree,Agree,Somewhat Disagree,Somewhat Fair,Agree,Agree,Strongly Disagree,Strongly Disagree,Strongly Agree,Strongly Disagree,Somewhat Agree,Somewhat Disagree,Very Unfair,Strongly Agree,Agree,Strongly Disagree,Strongly Agree,Somewhat Agree,Neutral,Disagree,Somewhat Disagree,Unfair,Strongly Agree,Strongly Agree,Strongly Disagree,Strongly Disagree,Strongly Disagree,Somewhat Disagree,Disagree,Somewhat Disagree
576,1988,40-49,Bachelor,Male,,<25000,false,true,false,false,false,,rec,properties first,Somewhat Unfair,Agree,Strongly Agree,Strongly Disagree,Agree,Disagree,Disagree,Agree,Disagree,Fair,Neutral,Strongly Agree,Strongly Disagree,Strongly Agree,Agree,Strongly Disagree,Agree,Disagree,Fair,Neutral,Agree,Strongly Disagree,Strongly Agree,Strongly Agree,Disagree,Disagree,Strongly Disagree,Very Unfair,Agree,Agree,Disagree,Agree,Disagree,Disagree,Disagree,Agree,Very Unfair,Strongly Agree,Agree,Disagree,Strongly Agree,Disagree,Disagree,Disagree,Strongly Agree,Neutral,Somewhat Agree,Agree,Strongly Disagree,Strongly Agree,Strongly Agree,Somewhat Disagree,Agree,Disagree,Very Unfair,Agree,Strongly Agree,Disagree,Strongly Agree,Disagree,Disagree,Disagree,Agree,Fair,Somewhat Agree,Somewhat Agree,Strongly Disagree,Somewhat Agree,Agree,Neutral,Somewhat Agree,Disagree,Very Unfair,Strongly Agree,Agree,Agree,Strongly Agree,Disagree,Disagree,Disagree,Agree,Very Unfair,Agree,Agree,Disagree,Strongly Agree,Disagree,Disagree,Disagree,Agree
577,1057,50-59,Bachelor,Female,,50000-75000,false,false,false,true,false,,rec,fairness first,Fair,Strongly Agree,Agree,Disagree,Agree,Agree,Somewhat Disagree,Somewhat Agree,Somewhat Agree,Fair,Strongly Agree,Agree,Disagree,Somewhat Disagree,Somewhat Agree,Neutral,Disagree,Disagree,Fair,Strongly Agree,Agree,Disagree,Agree,Agree,Somewhat Disagree,Somewhat Disagree,Neutral,Fair,Agree,Disagree,,Agree,Agree,Somewhat Disagree,Disagree,Disagree,Fair,Agree,Agree,Somewhat Disagree,Agree,Disagree,Somewhat Disagree,Somewhat Disagree,Somewhat Disagree,Neutral,Somewhat Disagree,Neutral,Somewhat Agree,Neutral,Neutral,Neutral,Neutral,Neutral,Somewhat Fair,Somewhat Agree,Agree,Somewhat Disagree,Agree,Somewhat Agree,Disagree,Agree,Somewhat Disagree,Unfair,Somewhat Disagree,Disagree,Agree,Disagree,Somewhat Disagree,Agree,Agree,Agree,Unfair,Disagree,Disagree,Agree,Agree,Agree,Somewhat Agree,Somewhat Agree,Somewhat Agree,Unfair,Agree,Somewhat Disagree,Disagree,Somewhat Agree,Somewhat Agree,Agree,Agree,Agree
579,783,30-39,Bachelor,Male,,50000-75000,false,true,false,false,false,,rec,fairness first,Very Fair,Strongly Agree,Strongly Agree,Strongly Disagree,Strongly Disagree,Disagree,Somewhat Agree,Strongly Disagree,Strongly Disagree,Very Fair,Strongly Agree,Strongly Agree,Strongly Disagree,Strongly Disagree,Strongly Disagree,Strongly Agree,Somewhat Agree,Disagree,Very Fair,Somewhat Agree,Agree,Disagree,Strongly Disagree,Somewhat Agree,Disagree,Neutral,Neutral,Very Fair,Strongly Agree,Somewhat Agree,Strongly Disagree,Somewhat Agree,Agree,Strongly Agree,Disagree,Disagree,Somewhat Unfair,Disagree,Disagree,Neutral,Strongly Disagree,Strongly Disagree,Somewhat Agree,Strongly Disagree,Strongly Disagree,Very Fair,Neutral,Somewhat Disagree,Disagree,Agree,Somewhat Agree,Somewhat Disagree,Neutral,Neutral,Neutral,Somewhat Agree,Strongly Disagree,Strongly Disagree,Somewhat Disagree,Somewhat Agree,Neutral,Agree,Agree,Somewhat Unfair,Agree,Neutral,Strongly Disagree,Agree,Somewhat Disagree,Agree,Agree,Agree,Somewhat Unfair,Strongly Disagree,Disagree,Agree,Strongly Agree,Somewhat Disagree,Neutral,Agree,Agree,Neutral,Strongly Agree,Somewhat Disagree,Disagree,Neutral,Somewhat Agree,Somewhat Agree,Agree,Agree
580,609,30-39,High School,Female,,25000-50000,false,false,false,true,false,,rec,properties first,Fair,Agree,Agree,Neutral,Neutral,Somewhat Agree,Somewhat Agree,Neutral,Neutral,Fair,Somewhat Agree,Agree,Neutral,Somewhat Disagree,Neutral,Agree,Somewhat Agree,Somewhat Agree,Neutral,Somewhat Disagree,Somewhat Agree,Agree,Agree,Agree,Somewhat Agree,Agree,Agree,Somewhat Fair,Somewhat Agree,Somewhat Agree,Somewhat Agree,Agree,Somewhat Agree,Somewhat Agree,Somewhat Agree,Agree,Somewhat Fair,Agree,Agree,Neutral,Somewhat Agree,Strongly Agree,Neutral,Neutral,Neutral,Somewhat Fair,Agree,Somewhat Agree,Neutral,Somewhat Agree,Agree,Neutral,Neutral,Neutral,Very Unfair,Agree,Disagree,Neutral,Disagree,Neutral,Somewhat Disagree,Neutral,Neutral,Very Unfair,Disagree,Disagree,Agree,Disagree,Somewhat Disagree,Neutral,Somewhat Agree,Somewhat Agree,Unfair,Disagree,Disagree,Agree,Agree,Agree,Somewhat Agree,Neutral,Neutral,Unfair,Somewhat Disagree,Disagree,Agree,Agree,Disagree,Neutral,Somewhat Agree,Somewhat Agree
581,591,30-39,High School,Female,,25000-50000,false,false,false,true,false,,rec,fairness first,Somewhat Fair,Strongly Agree,Strongly Agree,Strongly Disagree,Strongly Disagree,Neutral,Disagree,Disagree,Disagree,Somewhat Fair,Strongly Agree,Strongly Agree,Disagree,Agree,Agree,Somewhat Disagree,Somewhat Disagree,Somewhat Disagree,Neutral,Somewhat Agree,Somewhat Agree,Strongly Disagree,Neutral,Somewhat Agree,Somewhat Agree,Neutral,Neutral,Neutral,Agree,Somewhat Agree,Strongly Disagree,Somewhat Disagree,Neutral,Neutral,Somewhat Agree,Somewhat Agree,Somewhat Fair,Somewhat Disagree,Somewhat Agree,Somewhat Disagree,Somewhat Agree,Agree,Agree,Somewhat Disagree,Somewhat Disagree,Neutral,Neutral,Somewhat Agree,Neutral,Agree,Agree,Somewhat Agree,Neutral,Neutral,Very Unfair,Neutral,Disagree,Disagree,Disagree,Somewhat Disagree,Somewhat Disagree,Somewhat Agree,Somewhat Agree,Very Unfair,Agree,Strongly Disagree,Somewhat Agree,Strongly Disagree,Neutral,Neutral,Somewhat Agree,Somewhat Agree,Somewhat Unfair,Somewhat Disagree,Somewhat Disagree,Neutral,Agree,Agree,Somewhat Agree,Neutral,Neutral,Unfair,Agree,Disagree,Disagree,Somewhat Disagree,Somewhat Agree,Somewhat Agree,Agree,Agree
582,863,40-49,Bachelor,Male,,75000-100000,false,true,false,false,false,,rec,fairness first,Very Fair,Strongly Agree,Strongly Agree,Strongly Disagree,Strongly Disagree,Somewhat Agree,Somewhat Agree,Somewhat Agree,Somewhat Agree,Very Fair,Strongly Agree,Strongly Agree,Strongly Disagree,Strongly Disagree,Agree,Strongly Agree,Somewhat Agree,Somewhat Agree,Very Fair,Strongly Agree,Agree,Strongly Disagree,Strongly Agree,Strongly Agree,Strongly Agree,Disagree,Agree,Fair,Agree,Agree,Disagree,Somewhat Agree,Strongly Agree,Agree,Disagree,Somewhat Agree,Very Fair,Disagree,Somewhat Agree,Somewhat Agree,Disagree,Somewhat Agree,Agree,Somewhat Agree,Somewhat Agree,Very Fair,Disagree,Agree,Disagree,Strongly Agree,Strongly Agree,Agree,Disagree,Somewhat Agree,Somewhat Fair,Disagree,Disagree,Disagree,Strongly Disagree,Disagree,Disagree,Disagree,Somewhat Agree,Very Unfair,Strongly Agree,Strongly Disagree,Strongly Agree,Strongly Disagree,Disagree,Somewhat Agree,Agree,Somewhat Agree,Fair,Somewhat Agree,Strongly Disagree,Agree,Strongly Agree,Agree,Disagree,Disagree,Disagree,Fair,Strongly Agree,Somewhat Disagree,Disagree,Strongly Agree,Somewhat Disagree,Agree,Disagree,Somewhat Agree
583,382,30-39,High School,Male,,25000-50000,false,false,false,true,false,,rec,properties first,Fair,Strongly Agree,Strongly Agree,Disagree,Somewhat Disagree,Somewhat Agree,Somewhat Agree,Neutral,Neutral,Somewhat Fair,Agree,Strongly Agree,Strongly Disagree,Somewhat Agree,Somewhat Agree,Neutral,Somewhat Agree,Neutral,Somewhat Unfair,Agree,Somewhat Agree,Neutral,Disagree,Neutral,Agree,Strongly Agree,Somewhat Agree,Unfair,Strongly Agree,Agree,Disagree,Agree,Neutral,Neutral,Neutral,Neutral,Somewhat Unfair,Disagree,Somewhat Disagree,Somewhat Disagree,Neutral,Somewhat Agree,Neutral,Agree,Neutral,Somewhat Unfair,Somewhat Agree,Somewhat Agree,Somewhat Disagree,Neutral,Agree,Somewhat Agree,Somewhat Agree,Somewhat Agree,Unfair,Somewhat Agree,Disagree,Neutral,Neutral,Somewhat Disagree,Strongly Agree,Agree,Somewhat Agree,Very Unfair,Agree,Somewhat Disagree,Agree,Disagree,Somewhat Disagree,Strongly Agree,Agree,Agree,Unfair,Somewhat Agree,Somewhat Disagree,Neutral,Neutral,Somewhat Disagree,Somewhat Disagree,Neutral,Neutral,Unfair,Somewhat Disagree,Somewhat Disagree,Somewhat Agree,Neutral,Somewhat Disagree,Agree,Agree,Somewhat Agree
584,1329,50-59,Bachelor,Female,,50000-75000,false,false,false,true,false,,rec,properties first,Very Fair,Strongly Agree,Strongly Agree,Disagree,Agree,Agree,Neutral,Agree,Neutral,Very Fair,Strongly Agree,Strongly Agree,Disagree,Somewhat Agree,Agree,Neutral,Somewhat Disagree,Somewhat Disagree,Very Fair,Somewhat Disagree,Agree,Neutral,Agree,Agree,Agree,Disagree,Neutral,Very Fair,Somewhat Agree,Agree,Disagree,Agree,Agree,Disagree,Agree,Neutral,Somewhat Unfair,Disagree,Neutral,Agree,Agree,Agree,Neutral,Neutral,Neutral,Fair,Disagree,Neutral,Neutral,Somewhat Disagree,Somewhat Disagree,Somewhat Disagree,Disagree,Disagree,Somewhat Fair,Somewhat Agree,Agree,Somewhat Disagree,Somewhat Agree,Agree,Somewhat Disagree,Agree,Neutral,Somewhat Fair,Neutral,Agree,Neutral,Agree,Agree,Agree,Agree,Agree,Neutral,Somewhat Agree,Somewhat Agree,Somewhat Disagree,Agree,Agree,Agree,Agree,Agree,Somewhat Fair,Agree,Somewhat Agree,Disagree,Neutral,Neutral,Somewhat Agree,Somewhat Agree,Somewhat Agree
585,1545,40-49,High School,Male,,25000-50000,false,false,false,true,false,,rec,properties first,Very Fair,Strongly Agree,Strongly Agree,Strongly Disagree,Strongly Agree,Strongly Agree,Disagree,Disagree,Disagree,Very Fair,Strongly Agree,Strongly Agree,Strongly Disagree,Strongly Agree,Somewhat Agree,Strongly Disagree,Strongly Disagree,Somewhat Agree,Very Fair,Strongly Agree,Strongly Agree,Strongly Disagree,Strongly Agree,Strongly Agree,Disagree,Disagree,Disagree,Very Fair,Strongly Agree,Strongly Agree,Strongly Disagree,Strongly Agree,Strongly Agree,Disagree,Disagree,Somewhat Disagree,Somewhat Fair,Agree,Agree,Disagree,Neutral,Strongly Agree,Disagree,Disagree,Disagree,Very Fair,Strongly Agree,Strongly Agree,Strongly Disagree,Strongly Agree,Strongly Agree,Disagree,Disagree,Disagree,Fair,Agree,Agree,Strongly Disagree,Somewhat Agree,Agree,Neutral,Neutral,Agree,Somewhat Fair,Strongly Agree,Somewhat Agree,Strongly Disagree,Somewhat Agree,Somewhat Agree,Somewhat Disagree,Neutral,Somewhat Disagree,Fair,Somewhat Agree,Agree,Disagree,Agree,Agree,Somewhat Disagree,Somewhat Disagree,Somewhat Agree,Neutral,Strongly Agree,Strongly Disagree,Strongly Agree,Somewhat Agree,Somewhat Agree,Neutral,Neutral,Somewhat Agree
586,1967,30-39,Associate or Diploma,Nonbinary,,<25000,false,false,false,true,false,,rec,properties first,Fair,Strongly Agree,Strongly Agree,Disagree,Strongly Disagree,Somewhat Agree,Somewhat Disagree,Disagree,Agree,Fair,Strongly Agree,Agree,Somewhat Agree,Agree,Agree,Somewhat Agree,Somewhat Disagree,Disagree,Somewhat Unfair,Somewhat Agree,Agree,Somewhat Agree,Somewhat Disagree,Disagree,Somewhat Disagree,Somewhat Agree,Somewhat Agree,Very Fair,Strongly Agree,Agree,Disagree,Somewhat Agree,Agree,Agree,Somewhat Agree,Agree,Unfair,Disagree,Disagree,Somewhat Disagree,Agree,Somewhat Agree,Somewhat Disagree,Agree,Somewhat Agree,Somewhat Fair,Disagree,Disagree,Somewhat Disagree,Somewhat Agree,Somewhat Disagree,Disagree,Agree,Somewhat Disagree,Somewhat Unfair,Agree,Somewhat Agree,Somewhat Disagree,Disagree,Somewhat Disagree,Somewhat Disagree,Somewhat Disagree,Somewhat Agree,Somewhat Unfair,Somewhat Agree,Disagree,Somewhat Disagree,Strongly Disagree,Disagree,Agree,Somewhat Agree,Agree,Somewhat Unfair,Disagree,Agree,Agree,Somewhat Agree,Agree,Agree,Somewhat Disagree,Somewhat Agree,Somewhat Fair,Strongly Agree,Somewhat Disagree,Disagree,Disagree,Agree,Disagree,Somewhat Agree,Agree
587,909,40-49,Associate or Diploma,Female,,50000-75000,false,false,false,true,false,,rec,properties first,Very Fair,Strongly Agree,Strongly Agree,Neutral,Strongly Disagree,Strongly Agree,Neutral,Neutral,Strongly Agree,Very Fair,Strongly Agree,Strongly Agree,Neutral,Strongly Disagree,Neutral,Neutral,Strongly Disagree,Strongly Disagree,Neutral,Disagree,Strongly Agree,Strongly Agree,Neutral,Strongly Agree,Strongly Agree,Strongly Agree,Strongly Agree,Very Unfair,Somewhat Disagree,Strongly Agree,Somewhat Disagree,Neutral,Strongly Agree,Strongly Agree,Strongly Agree,Strongly Agree,Neutral,Strongly Disagree,Somewhat Agree,Neutral,Somewhat Agree,Strongly Agree,Neutral,Somewhat Agree,Strongly Agree,Neutral,Strongly Disagree,Strongly Disagree,Strongly Disagree,Strongly Agree,Neutral,Neutral,Neutral,Somewhat Agree,Very Unfair,Somewhat Disagree,Somewhat Agree,Disagree,Strongly Disagree,Somewhat Agree,Neutral,Strongly Agree,Strongly Agree,Very Unfair,Strongly Disagree,Agree,Neutral,Somewhat Agree,Agree,Neutral,Somewhat Agree,Somewhat Agree,Very Unfair,Neutral,Strongly Disagree,Strongly Disagree,Strongly Agree,Neutral,Strongly Disagree,Strongly Disagree,Strongly Disagree,Very Unfair,Strongly Agree,Strongly Disagree,Neutral,Strongly Agree,Strongly Disagree,Strongly Agree,Strongly Agree,Neutral
588,2331,40-49,Associate or Diploma,Female,,25000-50000,false,false,false,true,false,,rec,properties first,Very Fair,Strongly Agree,Strongly Agree,Strongly Disagree,Somewhat Agree,Agree,Somewhat Agree,Agree,Agree,Fair,Strongly Agree,Strongly Agree,Strongly Disagree,Strongly Agree,Agree,Agree,Agree,Agree,Very Fair,Agree,Agree,Somewhat Disagree,Agree,Strongly Agree,Strongly Agree,Somewhat Agree,Somewhat Agree,Fair,Agree,Agree,Somewhat Disagree,Somewhat Agree,Agree,Somewhat Agree,Somewhat Agree,Somewhat Agree,Somewhat Fair,Somewhat Agree,Somewhat Agree,Somewhat Disagree,Somewhat Agree,Somewhat Agree,Agree,Agree,Somewhat Agree,Somewhat Fair,Somewhat Agree,Somewhat Agree,Neutral,Somewhat Agree,Agree,Agree,Agree,Somewhat Agree,Somewhat Fair,Agree,Strongly Agree,Strongly Disagree,Agree,Strongly Agree,Agree,Agree,Agree,Somewhat Fair,Neutral,Neutral,Somewhat Agree,Somewhat Agree,Somewhat Agree,Neutral,Agree,Neutral,Somewhat Fair,Neutral,Somewhat Agree,Somewhat Disagree,Agree,Agree,Strongly Agree,Agree,Somewhat Agree,Neutral,Neutral,Neutral,Somewhat Agree,Somewhat Agree,Somewhat Disagree,Somewhat Agree,Somewhat Agree,Neutral
589,446,30-39,Bachelor,Male,,25000-50000,false,false,false,true,false,,rec,fairness first,Somewhat Fair,Agree,Agree,Strongly Agree,Agree,Strongly Agree,Agree,Disagree,Strongly Disagree,Fair,Agree,Strongly Agree,Strongly Agree,Agree,Somewhat Agree,Somewhat Agree,Agree,Somewhat Agree,Somewhat Fair,Somewhat Agree,Neutral,Somewhat Agree,Somewhat Agree,Agree,Agree,Somewhat Agree,Somewhat Agree,Very Unfair,Strongly Disagree,Disagree,Strongly Disagree,Disagree,Disagree,Disagree,Somewhat Disagree,Strongly Disagree,Unfair,Strongly Disagree,Strongly Disagree,Strongly Disagree,Strongly Disagree,Strongly Disagree,Strongly Disagree,Strongly Disagree,Strongly Disagree,Very Unfair,Strongly Disagree,Strongly Disagree,Disagree,Strongly Disagree,Disagree,Disagree,Strongly Disagree,Strongly Disagree,Very Unfair,Strongly Disagree,Strongly Disagree,Strongly Disagree,Strongly Disagree,Strongly Disagree,Strongly Disagree,Strongly Disagree,Strongly Disagree,Very Unfair,Strongly Disagree,Disagree,Disagree,Somewhat Disagree,Disagree,Somewhat Disagree,Somewhat Disagree,Somewhat Disagree,Very Unfair,Strongly Disagree,Strongly Disagree,Strongly Disagree,Strongly Disagree,Strongly Disagree,Strongly Disagree,Strongly Disagree,Strongly Disagree,Very Unfair,Strongly Disagree,Disagree,Disagree,Strongly Disagree,Disagree,Strongly Disagree,Strongly Disagree,Disagree
590,2442,30-39,Bachelor,Male,,50000-75000,false,false,false,true,false,,rec,fairness first,Very Fair,Strongly Agree,Strongly Agree,Strongly Disagree,Disagree,Strongly Agree,Neutral,Neutral,Neutral,Very Fair,Strongly Agree,Strongly Agree,Strongly Disagree,Strongly Disagree,Strongly Agree,Agree,Agree,Agree,Very Fair,Agree,Strongly Agree,Disagree,Strongly Agree,Strongly Agree,Agree,Somewhat Agree,Somewhat Agree,Fair,Agree,Agree,Disagree,Agree,Agree,Agree,Agree,Agree,Somewhat Fair,Somewhat Agree,Somewhat Agree,Disagree,Agree,Somewhat Agree,Somewhat Agree,Somewhat Agree,Somewhat Agree,Somewhat Fair,Somewhat Agree,Somewhat Agree,Disagree,Strongly Agree,Somewhat Agree,Agree,Agree,Agree,Unfair,Agree,Disagree,Strongly Disagree,Somewhat Agree,Disagree,Strongly Agree,Strongly Agree,Strongly Agree,Unfair,Agree,Strongly Disagree,Somewhat Agree,Somewhat Agree,Disagree,Strongly Agree,Strongly Agree,Strongly Agree,Very Unfair,Somewhat Agree,Strongly Disagree,Strongly Agree,Strongly Agree,Strongly Disagree,Agree,Agree,Agree,Very Unfair,Strongly Agree,Strongly Disagree,Disagree,Somewhat Agree,Disagree,Strongly Agree,Strongly Agree,Strongly Agree
591,1885,30-39,High School,Female,,50000-75000,false,false,true,false,false,,rec,fairness first,Very Fair,Strongly Agree,Strongly Agree,Strongly Disagree,Strongly Disagree,Strongly Agree,,Strongly Disagree,Strongly Disagree,Very Fair,Strongly Agree,Strongly Agree,Strongly Disagree,Strongly Disagree,Strongly Agree,Strongly Agree,Strongly Disagree,Strongly Disagree,Very Fair,Strongly Agree,Strongly Agree,Strongly Disagree,Strongly Disagree,Strongly Agree,Strongly Disagree,Strongly Disagree,Strongly Disagree,Neutral,Strongly Disagree,Strongly Agree,Strongly Disagree,Strongly Agree,Somewhat Agree,Strongly Disagree,Strongly Disagree,Strongly Disagree,Unfair,Strongly Disagree,Strongly Disagree,Somewhat Agree,Strongly Disagree,Strongly Disagree,Strongly Disagree,Somewhat Agree,Somewhat Agree,Very Fair,Strongly Agree,Strongly Agree,Strongly Disagree,Strongly Disagree,Strongly Agree,Strongly Disagree,Strongly Disagree,Strongly Disagree,Very Unfair,Strongly Disagree,Strongly Disagree,Strongly Disagree,Strongly Disagree,,Somewhat Agree,Somewhat Agree,Strongly Agree,Very Unfair,Strongly Disagree,Strongly Disagree,Strongly Disagree,Strongly Disagree,Strongly Disagree,Agree,Strongly Agree,Strongly Agree,Somewhat Fair,Strongly Disagree,Strongly Agree,Strongly Disagree,Strongly Agree,Strongly Agree,Strongly Agree,Strongly Disagree,Strongly Disagree,Unfair,Neutral,Strongly Disagree,Somewhat Agree,Strongly Disagree,Strongly Disagree,Somewhat Agree,Strongly Agree,Strongly Agree
593,746,18-29,High School,Female,,50000-75000,false,false,false,false,true,,rec,fairness first,Very Fair,Strongly Agree,Strongly Agree,Strongly Disagree,Strongly Disagree,Somewhat Disagree,Strongly Disagree,Strongly Disagree,Strongly Disagree,Fair,Agree,Agree,Disagree,Strongly Disagree,Disagree,Somewhat Disagree,Strongly Disagree,Strongly Disagree,Somewhat Fair,Somewhat Disagree,Somewhat Agree,Neutral,Strongly Disagree,Strongly Disagree,Agree,Somewhat Agree,Somewhat Disagree,Fair,Somewhat Agree,Strongly Disagree,Disagree,Somewhat Disagree,Strongly Disagree,Strongly Agree,Strongly Agree,Somewhat Agree,Unfair,Disagree,Strongly Disagree,Strongly Disagree,Strongly Disagree,Strongly Disagree,Agree,Disagree,Disagree,Somewhat Unfair,Disagree,Somewhat Agree,Strongly Disagree,Somewhat Agree,Strongly Disagree,Agree,Neutral,Neutral,Very Unfair,Agree,Strongly Disagree,Strongly Disagree,Strongly Disagree,Strongly Disagree,Strongly Agree,Strongly Agree,Neutral,Unfair,Strongly Agree,Strongly Disagree,Somewhat Agree,Strongly Disagree,Strongly Disagree,Somewhat Agree,Strongly Agree,Strongly Agree,Unfair,Strongly Disagree,Strongly Disagree,Disagree,Somewhat Agree,Strongly Disagree,Disagree,Strongly Disagree,Strongly Disagree,Very Unfair,Strongly Agree,Strongly Disagree,Somewhat Disagree,Strongly Disagree,Strongly Disagree,Strongly Agree,Strongly Agree,Agree
594,1369,30-39,Bachelor,Male,,50000-75000,false,false,false,true,false,,rec,properties first,Very Fair,Strongly Agree,Strongly Agree,Strongly Disagree,Strongly Disagree,Strongly Agree,Agree,Strongly Disagree,Strongly Disagree,Very Fair,Strongly Agree,Strongly Agree,Strongly Disagree,Strongly Disagree,Strongly Agree,Agree,Somewhat Disagree,Strongly Disagree,Fair,Strongly Agree,Strongly Agree,Somewhat Disagree,Strongly Disagree,Strongly Agree,Strongly Agree,Strongly Disagree,Strongly Disagree,Fair,Strongly Agree,Strongly Agree,Disagree,Agree,Strongly Agree,Somewhat Disagree,Agree,Agree,Very Unfair,Agree,Strongly Agree,Strongly Disagree,Disagree,Strongly Agree,Somewhat Disagree,Strongly Disagree,Disagree,Somewhat Unfair,Strongly Agree,Agree,Disagree,Strongly Agree,Strongly Agree,Disagree,Somewhat Agree,Somewhat Disagree,Very Unfair,Agree,Somewhat Disagree,Strongly Disagree,Disagree,Somewhat Agree,Agree,Strongly Agree,Agree,Somewhat Fair,Strongly Agree,Somewhat Disagree,Somewhat Disagree,Strongly Disagree,Strongly Agree,Agree,Disagree,Disagree,Unfair,Agree,Strongly Agree,Strongly Disagree,Strongly Agree,Agree,Somewhat Agree,Disagree,Somewhat Disagree,Unfair,Strongly Agree,Strongly Agree,Strongly Disagree,Disagree,Agree,Strongly Agree,Agree,Somewhat Agree
595,468,40-49,Graduate,Male,,>100000,false,false,false,true,false,,rec,properties first,Very Fair,Strongly Agree,Strongly Agree,Strongly Disagree,Strongly Disagree,Disagree,Neutral,Somewhat Agree,Somewhat Disagree,Very Fair,Strongly Agree,Strongly Agree,Strongly Disagree,Strongly Disagree,Somewhat Disagree,Agree,Neutral,Somewhat Disagree,Fair,Agree,Agree,Agree,Strongly Disagree,Somewhat Agree,Somewhat Agree,Neutral,Neutral,Somewhat Fair,Somewhat Agree,Agree,Agree,Somewhat Agree,Neutral,Somewhat Agree,Somewhat Agree,Somewhat Agree,Neutral,Disagree,Neutral,Somewhat Agree,Somewhat Disagree,Somewhat Agree,Neutral,Somewhat Disagree,Somewhat Disagree,Fair,Somewhat Disagree,Strongly Agree,Somewhat Agree,Neutral,Somewhat Agree,Somewhat Disagree,Somewhat Agree,Neutral,Unfair,Somewhat Agree,Disagree,Strongly Disagree,Disagree,Somewhat Disagree,Neutral,Agree,Agree,Unfair,Somewhat Agree,Somewhat Agree,Agree,Strongly Disagree,Somewhat Disagree,Somewhat Agree,Neutral,Neutral,Unfair,Somewhat Disagree,Neutral,Somewhat Agree,Somewhat Agree,Neutral,Somewhat Disagree,Somewhat Agree,Neutral,Unfair,Strongly Agree,Disagree,Disagree,Disagree,Neutral,Somewhat Disagree,Somewhat Agree,Somewhat Agree
596,310,30-39,Bachelor,Male,,>100000,false,false,false,true,false,,rec,fairness first,Fair,Strongly Agree,Strongly Agree,Somewhat Agree,Disagree,Disagree,Agree,Strongly Disagree,Strongly Disagree,Very Fair,Strongly Agree,Strongly Agree,Agree,Disagree,Agree,Agree,Neutral,Disagree,Very Fair,Agree,Strongly Agree,Agree,Neutral,Strongly Agree,Agree,Disagree,Disagree,Very Fair,Somewhat Agree,Strongly Agree,Strongly Agree,Somewhat Agree,Agree,Somewhat Agree,Agree,Neutral,Neutral,Strongly Disagree,Somewhat Disagree,Somewhat Agree,Somewhat Agree,Somewhat Disagree,Disagree,Strongly Disagree,Strongly Disagree,Somewhat Fair,Strongly Disagree,Disagree,Somewhat Agree,Somewhat Agree,Neutral,Disagree,Disagree,Strongly Disagree,Very Unfair,Agree,Neutral,Strongly Disagree,Disagree,Neutral,Agree,Agree,Somewhat Disagree,Unfair,Agree,Strongly Disagree,Neutral,Strongly Disagree,Disagree,Agree,Strongly Agree,Strongly Agree,Somewhat Unfair,Disagree,Disagree,Agree,Agree,Disagree,Neutral,Disagree,Disagree,Fair,Strongly Agree,Agree,Agree,Neutral,Disagree,,Disagree,Somewhat Disagree
597,1853,18-29,Bachelor,Male,,25000-50000,false,false,false,true,false,,rec,properties first,Very Fair,Strongly Agree,Strongly Agree,Disagree,Neutral,Somewhat Disagree,Somewhat Disagree,Disagree,Somewhat Agree,Very Fair,Strongly Agree,Strongly Agree,Disagree,Strongly Disagree,Agree,Agree,Somewhat Disagree,Somewhat Agree,Fair,Somewhat Agree,Somewhat Agree,Disagree,Somewhat Disagree,Agree,Agree,Neutral,Somewhat Agree,Neutral,Neutral,Neutral,Somewhat Agree,Somewhat Disagree,Somewhat Disagree,Neutral,Agree,Somewhat Agree,Very Fair,Somewhat Agree,Somewhat Agree,Disagree,Somewhat Agree,Agree,Agree,Neutral,Somewhat Agree,Somewhat Fair,Agree,Agree,Disagree,Somewhat Agree,Somewhat Agree,Neutral,Neutral,Somewhat Agree,Neutral,Somewhat Agree,Agree,Strongly Disagree,Somewhat Agree,Somewhat Agree,Neutral,Agree,Agree,Fair,Disagree,Disagree,Agree,Neutral,Somewhat Agree,Somewhat Agree,Somewhat Disagree,Disagree,Very Fair,Somewhat Disagree,Somewhat Disagree,Somewhat Agree,Somewhat Disagree,Somewhat Agree,Somewhat Agree,Agree,Somewhat Agree,Neutral,Somewhat Agree,Somewhat Agree,Somewhat Disagree,Neutral,Somewhat Disagree,Somewhat Disagree,Somewhat Disagree,Neutral
598,1980,40-49,Bachelor,Female,,25000-50000,false,false,false,true,false,,rec,properties first,Very Fair,Strongly Agree,Strongly Agree,Strongly Disagree,Strongly Disagree,Strongly Disagree,Strongly Disagree,Strongly Disagree,Somewhat Agree,Very Fair,Strongly Agree,Strongly Agree,Strongly Disagree,Strongly Disagree,Strongly Agree,Strongly Disagree,Strongly Disagree,Strongly Disagree,Very Fair,Somewhat Agree,Agree,Disagree,Strongly Agree,Strongly Agree,Strongly Agree,Strongly Agree,Disagree,Fair,Agree,Strongly Agree,Strongly Disagree,Strongly Agree,Somewhat Agree,Disagree,Disagree,Neutral,Unfair,Disagree,Disagree,Disagree,Agree,Agree,Agree,Somewhat Agree,Somewhat Disagree,Somewhat Fair,Disagree,Disagree,Disagree,Strongly Agree,Strongly Agree,Strongly Agree,Strongly Agree,Neutral,Somewhat Fair,Strongly Agree,Disagree,Disagree,Somewhat Agree,Disagree,Somewhat Disagree,Disagree,Disagree,Very Unfair,Agree,Strongly Disagree,Strongly Agree,Strongly Disagree,Strongly Disagree,Agree,Agree,Agree,Somewhat Fair,Disagree,Disagree,Somewhat Disagree,Strongly Agree,Somewhat Agree,Neutral,Neutral,Neutral,Unfair,Agree,Disagree,Disagree,Agree,Disagree,Disagree,Disagree,Neutral
599,1097,30-39,Graduate,Male,,>100000,false,false,false,true,false,,rec,fairness first,Very Fair,Somewhat Agree,Agree,Neutral,Neutral,Strongly Agree,Somewhat Agree,Strongly Disagree,Strongly Disagree,Very Fair,Agree,Strongly Agree,Disagree,Strongly Disagree,Strongly Agree,Disagree,Strongly Disagree,Strongly Disagree,Fair,Agree,Somewhat Agree,Disagree,Disagree,Agree,Neutral,Strongly Disagree,Strongly Disagree,Fair,Agree,Somewhat Agree,Agree,Strongly Agree,Agree,Neutral,Strongly Disagree,Strongly Disagree,Neutral,Somewhat Agree,Agree,Neutral,Somewhat Disagree,Agree,Somewhat Disagree,Strongly Disagree,Strongly Disagree,Very Fair,Strongly Agree,Strongly Agree,Disagree,Somewhat Disagree,Strongly Agree,Strongly Disagree,Strongly Disagree,Strongly Disagree,Somewhat Unfair,Strongly Agree,Agree,Disagree,Somewhat Disagree,Disagree,Neutral,Strongly Disagree,Strongly Disagree,Fair,Strongly Agree,Strongly Agree,Disagree,Somewhat Agree,Somewhat Agree,Disagree,Strongly Disagree,Strongly Disagree,Unfair,Disagree,Strongly Disagree,Agree,Strongly Agree,Neutral,Agree,Strongly Disagree,Strongly Disagree,Fair,Strongly Agree,Strongly Agree,Strongly Disagree,Somewhat Agree,Neutral,Disagree,Strongly Disagree,Strongly Disagree
600,1709,40-49,High School,Male,,<25000,false,false,false,false,false,White American,rec,fairness first,Somewhat Fair,Agree,Agree,Disagree,Agree,Agree,Agree,Agree,Agree,Somewhat Fair,Agree,Agree,Disagree,Agree,Agree,Agree,Agree,Agree,Somewhat Fair,Agree,Agree,Somewhat Disagree,Somewhat Agree,Somewhat Agree,Somewhat Agree,Somewhat Agree,Somewhat Agree,Somewhat Fair,Agree,Agree,Agree,Somewhat Agree,Somewhat Agree,Somewhat Disagree,Somewhat Disagree,Somewhat Agree,Somewhat Unfair,Somewhat Disagree,Somewhat Disagree,Agree,Somewhat Disagree,Somewhat Disagree,Somewhat Disagree,Somewhat Disagree,Neutral,Somewhat Fair,Somewhat Disagree,Somewhat Disagree,Agree,Somewhat Disagree,Somewhat Disagree,Somewhat Disagree,Somewhat Disagree,Somewhat Disagree,Unfair,Disagree,Disagree,Agree,Disagree,Disagree,Disagree,Disagree,Disagree,Very Unfair,Disagree,Disagree,Agree,Disagree,Disagree,Disagree,Disagree,Disagree,Unfair,Somewhat Disagree,Somewhat Disagree,Somewhat Agree,Somewhat Disagree,Somewhat Disagree,Somewhat Disagree,Neutral,Somewhat Disagree,Unfair,Agree,Disagree,Disagree,Agree,Disagree,Disagree,Disagree,Disagree
601,618,30-39,Graduate,Female,,<25000,false,true,false,false,false,,rec,properties first,Very Fair,Agree,Somewhat Agree,Neutral,Somewhat Agree,Agree,Strongly Agree,Agree,Somewhat Disagree,Fair,Strongly Agree,Strongly Agree,Neutral,Somewhat Disagree,Somewhat Agree,Agree,Neutral,Somewhat Agree,Fair,Agree,Strongly Agree,Somewhat Agree,Neutral,Somewhat Disagree,Neutral,Agree,Disagree,Somewhat Unfair,Agree,Neutral,Somewhat Agree,Somewhat Disagree,Neutral,Agree,Somewhat Agree,Somewhat Disagree,Unfair,Agree,Somewhat Agree,Neutral,Somewhat Agree,Agree,Strongly Agree,Agree,Somewhat Agree,Somewhat Fair,Agree,Somewhat Agree,Neutral,Disagree,Neutral,Somewhat Agree,Somewhat Agree,Somewhat Disagree,Very Fair,Somewhat Agree,Strongly Agree,Strongly Agree,Somewhat Disagree,Neutral,Agree,Somewhat Agree,Neutral,Unfair,Agree,Somewhat Agree,Neutral,Somewhat Disagree,Neutral,Agree,Somewhat Agree,Somewhat Disagree,Somewhat Unfair,Agree,Somewhat Agree,Somewhat Disagree,Neutral,Somewhat Agree,Agree,Somewhat Agree,Somewhat Disagree,Unfair,Agree,Somewhat Disagree,Neutral,Somewhat Agree,Agree,Neutral,Somewhat Agree,Somewhat Disagree
602,430,40-49,Bachelor,Female,,>100000,false,false,false,true,false,,rec,fairness first,Somewhat Fair,Agree,Agree,Disagree,Disagree,Somewhat Agree,Neutral,Neutral,Neutral,Fair,Somewhat Agree,Agree,Somewhat Disagree,Disagree,Somewhat Agree,Neutral,Somewhat Disagree,Somewhat Disagree,Somewhat Unfair,Somewhat Disagree,Neutral,Somewhat Agree,Somewhat Disagree,Neutral,Somewhat Agree,Somewhat Agree,Somewhat Disagree,Somewhat Fair,Neutral,Neutral,Somewhat Disagree,Somewhat Agree,Somewhat Agree,Somewhat Agree,Somewhat Agree,Neutral,Somewhat Fair,Disagree,Somewhat Disagree,Neutral,Somewhat Disagree,Somewhat Disagree,Somewhat Agree,Somewhat Agree,Neutral,Neutral,Somewhat Disagree,Somewhat Disagree,Neutral,Agree,Neutral,Agree,Somewhat Agree,Somewhat Agree,Somewhat Unfair,Somewhat Disagree,Somewhat Disagree,Neutral,Somewhat Agree,Somewhat Disagree,Agree,Agree,Somewhat Agree,Unfair,Neutral,Disagree,Agree,Disagree,Disagree,Agree,Agree,Neutral,Unfair,Disagree,Disagree,Somewhat Agree,Somewhat Agree,Somewhat Disagree,Somewhat Agree,Somewhat Agree,Neutral,Somewhat Unfair,Somewhat Agree,Somewhat Disagree,Neutral,Agree,Somewhat Disagree,Agree,Somewhat Agree,Neutral
603,1140,40-49,Bachelor,Female,,75000-100000,false,false,false,true,false,,rec,fairness first,Very Fair,Strongly Agree,Strongly Agree,Strongly Disagree,Strongly Disagree,Agree,Agree,Agree,Agree,Very Fair,Strongly Agree,Strongly Agree,Strongly Disagree,Somewhat Agree,Agree,Strongly Agree,Agree,Agree,Very Fair,Agree,Strongly Agree,Agree,Agree,Strongly Agree,Strongly Agree,Somewhat Agree,Somewhat Agree,Fair,Agree,Agree,Somewhat Disagree,Somewhat Agree,Agree,Agree,Strongly Agree,Strongly Agree,Fair,Somewhat Agree,Agree,Somewhat Agree,Agree,Agree,Strongly Agree,Disagree,Disagree,Fair,Somewhat Agree,Agree,Agree,Agree,Strongly Agree,Disagree,Disagree,Disagree,Unfair,Strongly Agree,Disagree,Disagree,Somewhat Disagree,Somewhat Agree,Strongly Agree,Strongly Agree,Strongly Agree,Unfair,Agree,Disagree,Strongly Disagree,Strongly Disagree,Agree,Somewhat Agree,Strongly Agree,Strongly Agree,Fair,Somewhat Agree,Disagree,Agree,Somewhat Agree,Somewhat Disagree,Disagree,Strongly Disagree,Strongly Disagree,Unfair,Strongly Agree,Strongly Disagree,Strongly Disagree,Somewhat Agree,Somewhat Agree,Disagree,Strongly Agree,Strongly Agree
604,1453,30-39,Graduate,Female,,<25000,false,true,false,false,false,,rec,properties first,Somewhat Fair,Somewhat Agree,Strongly Agree,Somewhat Disagree,Disagree,Somewhat Agree,Neutral,Somewhat Agree,Somewhat Agree,Very Fair,Agree,Strongly Agree,Somewhat Agree,Disagree,Disagree,Neutral,Neutral,Somewhat Agree,Very Fair,Agree,Strongly Agree,Agree,Strongly Disagree,Strongly Agree,Agree,Disagree,Strongly Disagree,Somewhat Fair,Somewhat Agree,Agree,Neutral,Strongly Agree,Somewhat Disagree,Somewhat Disagree,Neutral,Neutral,Unfair,Agree,Disagree,Neutral,Disagree,Somewhat Agree,Neutral,Neutral,Neutral,Fair,Neutral,Neutral,Agree,Agree,Somewhat Disagree,Somewhat Disagree,Somewhat Agree,Somewhat Agree,Fair,Somewhat Agree,Agree,Neutral,Somewhat Agree,Agree,Somewhat Agree,Somewhat Agree,Somewhat Agree,Unfair,Disagree,Disagree,Neutral,Somewhat Disagree,Strongly Disagree,Disagree,Somewhat Disagree,Somewhat Disagree,Somewhat Fair,Somewhat Agree,Agree,Somewhat Agree,Agree,Somewhat Agree,Agree,Agree,Agree,Very Unfair,Somewhat Agree,Somewhat Agree,Neutral,Somewhat Agree,Agree,Agree,Neutral,Neutral
605,533,18-29,Bachelor,Female,,>100000,false,false,false,true,false,,rec,properties first,Very Fair,Strongly Agree,Strongly Agree,Strongly Disagree,Disagree,Agree,Somewhat Agree,Disagree,Disagree,Very Fair,Strongly Agree,Strongly Agree,Strongly Disagree,Somewhat Disagree,Agree,Somewhat Disagree,Somewhat Agree,Somewhat Agree,Somewhat Fair,Somewhat Agree,Somewhat Agree,Disagree,Somewhat Disagree,Agree,Agree,Somewhat Disagree,Somewhat Disagree,Somewhat Fair,Agree,Somewhat Agree,Disagree,Somewhat Disagree,Agree,Agree,Strongly Agree,Agree,Very Unfair,Strongly Disagree,Strongly Disagree,Agree,Somewhat Agree,Somewhat Agree,Disagree,Somewhat Agree,Somewhat Agree,Fair,Agree,Agree,Strongly Disagree,Agree,Agree,Strongly Disagree,Strongly Disagree,Agree,Unfair,Disagree,Disagree,Neutral,Somewhat Disagree,Somewhat Agree,Somewhat Disagree,Strongly Agree,Strongly Agree,Unfair,Agree,Somewhat Disagree,Disagree,Strongly Disagree,Somewhat Disagree,Disagree,Somewhat Agree,Somewhat Agree,Very Unfair,Disagree,Strongly Disagree,Strongly Disagree,Agree,Disagree,Disagree,Disagree,Disagree,Fair,Strongly Agree,Agree,Strongly Disagree,Somewhat Agree,Somewhat Agree,Disagree,Agree,Somewhat Agree
606,809,40-49,Graduate,Female,,>100000,false,false,false,true,false,,rec,fairness first,Somewhat Fair,Strongly Agree,Strongly Agree,Strongly Disagree,Strongly Agree,Strongly Agree,Strongly Agree,Strongly Agree,Somewhat Disagree,Very Fair,Agree,,Disagree,Neutral,Somewhat Agree,Somewhat Agree,Neutral,Somewhat Disagree,Somewhat Fair,Strongly Agree,Strongly Agree,Somewhat Disagree,Strongly Agree,Strongly Agree,Strongly Agree,Strongly Agree,Neutral,Unfair,Strongly Agree,Strongly Disagree,Strongly Agree,Somewhat Disagree,Somewhat Disagree,Somewhat Disagree,Somewhat Disagree,Somewhat Disagree,Somewhat Unfair,Somewhat Agree,Agree,Somewhat Disagree,Somewhat Agree,Somewhat Agree,Somewhat Agree,Somewhat Agree,Neutral,Very Fair,Agree,Agree,Strongly Disagree,Somewhat Agree,Somewhat Agree,Neutral,Somewhat Disagree,Somewhat Disagree,Unfair,Somewhat Agree,Somewhat Disagree,Somewhat Agree,Somewhat Disagree,Somewhat Disagree,Neutral,Neutral,Neutral,Very Unfair,Disagree,Disagree,Agree,Neutral,Somewhat Disagree,Neutral,Neutral,Neutral,Very Unfair,Disagree,Disagree,Somewhat Agree,Neutral,Neutral,Neutral,Neutral,Neutral,Very Unfair,Agree,Somewhat Disagree,Neutral,Neutral,Somewhat Agree,Neutral,Neutral,Neutral
607,745,60-69,Graduate,Male,,>100000,false,false,false,true,false,,rec,properties first,Very Fair,Agree,Strongly Agree,Strongly Disagree,Disagree,Agree,Disagree,Disagree,Somewhat Disagree,Very Fair,Strongly Agree,Strongly Agree,Strongly Disagree,Strongly Disagree,Agree,Somewhat Agree,Neutral,Neutral,Fair,Agree,Agree,Strongly Disagree,Somewhat Agree,Strongly Agree,Somewhat Disagree,Neutral,Neutral,Fair,Agree,Strongly Agree,Disagree,Strongly Agree,Somewhat Agree,Disagree,Disagree,Somewhat Disagree,Somewhat Fair,Somewhat Agree,Agree,Disagree,Disagree,Agree,Somewhat Disagree,Somewhat Disagree,Somewhat Disagree,Fair,Agree,Agree,Disagree,Somewhat Agree,Agree,Neutral,Neutral,Neutral,Somewhat Fair,Agree,Somewhat Agree,Strongly Disagree,Disagree,Neutral,Neutral,Neutral,Neutral,Somewhat Fair,Agree,Somewhat Agree,Disagree,Strongly Disagree,Agree,Somewhat Agree,Somewhat Agree,Somewhat Agree,Somewhat Fair,Somewhat Agree,Somewhat Agree,Strongly Disagree,Somewhat Agree,Somewhat Agree,Somewhat Disagree,Disagree,Disagree,Fair,Strongly Agree,Somewhat Agree,Strongly Disagree,Neutral,Strongly Disagree,Neutral,Neutral,Neutral
608,501,40-49,Bachelor,Female,,25000-50000,false,true,false,false,false,,rec,properties first,Very Fair,Strongly Agree,Strongly Agree,Strongly Disagree,Strongly Disagree,Strongly Agree,Disagree,Somewhat Disagree,Somewhat Disagree,Fair,Strongly Agree,Strongly Agree,Strongly Disagree,Strongly Agree,Strongly Agree,Disagree,Somewhat Agree,Somewhat Agree,Somewhat Fair,Somewhat Disagree,Strongly Agree,Neutral,Agree,Strongly Agree,Neutral,Strongly Agree,Strongly Agree,Unfair,Somewhat Agree,Strongly Disagree,Strongly Agree,Somewhat Agree,Somewhat Agree,Somewhat Agree,Neutral,Neutral,Very Unfair,Strongly Disagree,Somewhat Disagree,Agree,Somewhat Disagree,Neutral,Strongly Agree,Somewhat Agree,Somewhat Agree,Neutral,Strongly Disagree,Disagree,Strongly Agree,Somewhat Disagree,Neutral,Strongly Disagree,Neutral,Neutral,Very Unfair,Agree,Strongly Disagree,Strongly Disagree,Disagree,Somewhat Agree,Strongly Agree,Strongly Agree,Strongly Agree,Very Unfair,Strongly Disagree,Neutral,Agree,Strongly Disagree,Somewhat Agree,Strongly Agree,Strongly Agree,Somewhat Agree,Very Unfair,Strongly Disagree,Strongly Disagree,Strongly Agree,Neutral,Neutral,Strongly Disagree,Somewhat Disagree,Somewhat Disagree,Very Unfair,Strongly Agree,Strongly Disagree,Strongly Agree,Agree,Strongly Disagree,Strongly Agree,Somewhat Agree,Somewhat Agree
609,1479,30-39,High School,Male,,25000-50000,false,false,false,true,false,,rec,fairness first,Very Fair,Strongly Agree,Strongly Agree,Strongly Disagree,Disagree,Neutral,Strongly Agree,Disagree,Disagree,Very Fair,Agree,Agree,Strongly Disagree,Somewhat Disagree,Strongly Agree,Agree,Disagree,Strongly Disagree,Fair,Agree,Agree,Somewhat Agree,Somewhat Agree,Strongly Agree,Strongly Agree,Somewhat Disagree,Disagree,Fair,Agree,Agree,Disagree,Agree,Agree,Agree,Somewhat Disagree,Disagree,Fair,Somewhat Agree,Strongly Agree,Disagree,Neutral,Somewhat Agree,Agree,Disagree,Disagree,Somewhat Unfair,Somewhat Agree,Somewhat Disagree,Somewhat Disagree,Somewhat Disagree,Agree,Somewhat Disagree,Somewhat Agree,Somewhat Disagree,Somewhat Unfair,Neutral,Somewhat Agree,Disagree,Strongly Disagree,Somewhat Disagree,Neutral,Agree,Somewhat Agree,Unfair,Disagree,Disagree,Strongly Agree,Disagree,Disagree,Neutral,Strongly Agree,Neutral,Unfair,Disagree,Somewhat Disagree,Agree,Somewhat Agree,Somewhat Disagree,Neutral,Disagree,Strongly Disagree,Unfair,Agree,Strongly Disagree,Neutral,Disagree,Somewhat Disagree,Somewhat Agree,Agree,Disagree
610,1145,30-39,Associate or Diploma,Male,,75000-100000,false,false,false,true,false,,rec,properties first,Very Fair,Strongly Agree,Strongly Agree,Strongly Disagree,Disagree,Agree,Strongly Disagree,Disagree,Somewhat Disagree,Very Fair,Strongly Agree,Strongly Agree,Strongly Disagree,Strongly Disagree,Agree,Disagree,Strongly Disagree,Strongly Disagree,Fair,Somewhat Disagree,Agree,Strongly Disagree,Strongly Agree,Strongly Agree,Somewhat Agree,Disagree,Somewhat Agree,Very Unfair,Agree,Strongly Disagree,Agree,Strongly Agree,Disagree,Disagree,Somewhat Disagree,Neutral,Somewhat Unfair,Disagree,Neutral,Somewhat Disagree,Agree,Somewhat Agree,Somewhat Agree,Somewhat Disagree,Agree,Fair,Somewhat Agree,Agree,Disagree,Somewhat Agree,Neutral,Somewhat Agree,Agree,Strongly Agree,Somewhat Fair,Agree,Somewhat Disagree,Strongly Disagree,Disagree,Agree,Somewhat Agree,Agree,Strongly Agree,Somewhat Unfair,Agree,Somewhat Agree,Disagree,Strongly Disagree,Somewhat Agree,Agree,Strongly Agree,Somewhat Agree,Very Unfair,Disagree,Strongly Disagree,Strongly Agree,Agree,Somewhat Agree,Disagree,Disagree,Agree,Very Unfair,Strongly Agree,Strongly Disagree,Somewhat Disagree,Agree,Strongly Disagree,Strongly Disagree,Strongly Disagree,Strongly Disagree
612,642,30-39,High School,Male,,25000-50000,false,false,false,true,false,,rec,properties first,Fair,Agree,Agree,Somewhat Disagree,Neutral,Somewhat Agree,Neutral,Neutral,Neutral,Fair,Agree,Agree,Neutral,Neutral,Neutral,Neutral,Somewhat Agree,Somewhat Disagree,Somewhat Fair,Agree,Somewhat Agree,Somewhat Disagree,Agree,Agree,Neutral,Neutral,Neutral,Somewhat Unfair,Somewhat Agree,Somewhat Agree,Somewhat Disagree,Somewhat Agree,Neutral,Somewhat Agree,Somewhat Agree,Neutral,Somewhat Unfair,Somewhat Disagree,Neutral,Neutral,Somewhat Agree,Somewhat Agree,Neutral,Neutral,Neutral,Neutral,Neutral,Neutral,Neutral,Somewhat Agree,Somewhat Agree,Neutral,Neutral,Neutral,Somewhat Unfair,Somewhat Agree,Somewhat Agree,Neutral,Somewhat Disagree,Neutral,Somewhat Agree,Somewhat Agree,Neutral,Somewhat Fair,Somewhat Agree,Somewhat Agree,Somewhat Disagree,Agree,Somewhat Agree,Neutral,Somewhat Agree,Neutral,Unfair,Disagree,Somewhat Disagree,Agree,Agree,Neutral,Somewhat Agree,Neutral,Neutral,Unfair,Somewhat Agree,Somewhat Disagree,Neutral,Neutral,Disagree,Somewhat Agree,Somewhat Agree,Neutral
613,916,30-39,Bachelor,Female,,25000-50000,false,false,false,true,false,,rec,properties first,Very Fair,Strongly Agree,Strongly Agree,Disagree,Agree,Strongly Agree,Strongly Agree,Strongly Agree,Somewhat Agree,Very Fair,Strongly Agree,Strongly Agree,Strongly Disagree,Somewhat Disagree,Somewhat Agree,Neutral,Somewhat Disagree,Disagree,Very Fair,Strongly Agree,Strongly Agree,Strongly Disagree,Disagree,Agree,Strongly Agree,Somewhat Agree,Neutral,Somewhat Fair,Strongly Agree,Strongly Agree,Strongly Disagree,Somewhat Agree,Agree,Disagree,Somewhat Disagree,Somewhat Agree,Somewhat Fair,Somewhat Agree,Somewhat Disagree,Strongly Disagree,Strongly Agree,Neutral,Disagree,,Somewhat Agree,Very Fair,Agree,Somewhat Agree,Neutral,Somewhat Agree,Strongly Agree,Disagree,Strongly Disagree,Neutral,Very Fair,Somewhat Disagree,Strongly Agree,Strongly Disagree,Somewhat Agree,Agree,Strongly Agree,Disagree,Strongly Disagree,Fair,Strongly Agree,Strongly Agree,Somewhat Agree,Agree,Strongly Agree,Strongly Agree,Somewhat Agree,Neutral,Somewhat Fair,Agree,Agree,Neutral,Somewhat Agree,Somewhat Disagree,Disagree,Somewhat Agree,Agree,Fair,Strongly Agree,Strongly Agree,Strongly Disagree,Somewhat Disagree,Somewhat Agree,Agree,Neutral,Strongly Agree
614,2013,50-59,Associate or Diploma,Female,,25000-50000,false,false,false,true,false,,rec,fairness first,Very Fair,Somewhat Agree,Somewhat Agree,Somewhat Disagree,Somewhat Disagree,Somewhat Agree,Agree,Neutral,Neutral,Fair,Somewhat Agree,Strongly Agree,Strongly Disagree,Somewhat Disagree,Strongly Agree,Somewhat Agree,Neutral,Neutral,Somewhat Fair,Somewhat Agree,Agree,Disagree,Agree,Strongly Agree,Strongly Agree,Neutral,Neutral,Very Unfair,Neutral,Somewhat Disagree,Somewhat Disagree,Agree,Somewhat Agree,Agree,Neutral,Neutral,Unfair,Somewhat Disagree,Neutral,Neutral,Somewhat Agree,Somewhat Agree,Agree,Neutral,Neutral,Somewhat Unfair,Somewhat Disagree,Somewhat Disagree,Somewhat Disagree,Agree,Agree,Agree,Neutral,Neutral,Very Unfair,Somewhat Disagree,Agree,Somewhat Disagree,Disagree,Neutral,Agree,Neutral,Neutral,Somewhat Fair,Somewhat Disagree,Neutral,Disagree,Disagree,Agree,Agree,Neutral,Neutral,Very Unfair,Disagree,Disagree,Strongly Agree,Agree,Somewhat Agree,Agree,Somewhat Disagree,Somewhat Disagree,Very Unfair,Somewhat Disagree,Strongly Disagree,Somewhat Disagree,Agree,Strongly Disagree,Agree,Agree,Agree
615,2290,30-39,High School,Male,,25000-50000,false,true,false,false,false,,rec,properties first,Very Fair,Strongly Agree,Strongly Agree,Somewhat Agree,Strongly Disagree,Strongly Agree,Disagree,Strongly Disagree,Strongly Disagree,Very Fair,Strongly Agree,Strongly Agree,Agree,Strongly Disagree,Somewhat Agree,Somewhat Agree,Disagree,Disagree,Fair,Somewhat Agree,Agree,Somewhat Agree,Strongly Agree,Somewhat Disagree,Disagree,Strongly Disagree,Strongly Disagree,Somewhat Fair,Strongly Agree,Somewhat Agree,Disagree,Agree,Agree,Neutral,Strongly Disagree,Strongly Disagree,Fair,Disagree,Agree,Somewhat Disagree,Strongly Agree,Somewhat Agree,Disagree,Strongly Disagree,Strongly Disagree,Very Fair,Disagree,Strongly Agree,Agree,Agree,Strongly Agree,Disagree,Agree,Agree,Neutral,Somewhat Agree,Somewhat Agree,Disagree,Strongly Agree,Strongly Disagree,Strongly Disagree,Strongly Disagree,Somewhat Disagree,Very Unfair,Agree,Somewhat Disagree,Agree,Strongly Disagree,Strongly Disagree,Somewhat Agree,Disagree,Disagree,Fair,Somewhat Agree,Agree,Agree,Strongly Agree,Agree,Somewhat Disagree,Neutral,Strongly Agree,Very Unfair,Strongly Agree,Strongly Disagree,Disagree,Strongly Disagree,Strongly Disagree,Somewhat Agree,Disagree,Disagree
616,731,30-39,Associate or Diploma,Female,,25000-50000,false,false,false,true,false,,rec,properties first,Very Fair,Strongly Agree,Strongly Agree,Strongly Disagree,Strongly Agree,Strongly Agree,Strongly Agree,Strongly Disagree,Strongly Disagree,Very Fair,Strongly Agree,Strongly Agree,Strongly Disagree,Strongly Disagree,Neutral,Strongly Disagree,Strongly Disagree,Strongly Disagree,Very Fair,Strongly Agree,Strongly Agree,Strongly Disagree,Agree,Strongly Agree,Strongly Disagree,Strongly Disagree,Strongly Disagree,Somewhat Fair,Strongly Disagree,Strongly Disagree,Agree,Agree,Agree,Strongly Disagree,Strongly Disagree,Strongly Disagree,Neutral,Agree,Agree,Strongly Disagree,Strongly Disagree,Agree,Strongly Disagree,Strongly Disagree,Strongly Disagree,Very Fair,Agree,Strongly Agree,Strongly Disagree,Agree,Neutral,Strongly Disagree,Strongly Disagree,,Fair,Somewhat Agree,Agree,Strongly Disagree,Strongly Disagree,Strongly Disagree,Strongly Disagree,Strongly Disagree,Strongly Disagree,Very Fair,Agree,Agree,Strongly Disagree,Agree,Agree,Strongly Disagree,Strongly Disagree,Strongly Disagree,Very Unfair,Strongly Disagree,Strongly Disagree,Agree,Somewhat Disagree,Strongly Disagree,Strongly Disagree,Strongly Disagree,Strongly Disagree,Very Unfair,Strongly Disagree,Strongly Disagree,Strongly Agree,Strongly Disagree,Strongly Disagree,Strongly Disagree,Strongly Disagree,Strongly Disagree
617,1009,30-39,Bachelor,Male,,75000-100000,false,true,false,false,false,,rec,fairness first,Very Fair,Agree,Strongly Agree,Strongly Disagree,Disagree,Strongly Agree,Somewhat Disagree,Neutral,Disagree,Fair,Agree,Strongly Agree,Strongly Disagree,Strongly Disagree,Agree,Agree,Somewhat Agree,Neutral,Neutral,Somewhat Agree,Somewhat Agree,Somewhat Disagree,Agree,Strongly Agree,Agree,Somewhat Agree,Somewhat Agree,Somewhat Fair,Agree,Strongly Agree,Disagree,Neutral,Agree,Somewhat Agree,Agree,Somewhat Agree,Somewhat Unfair,Somewhat Disagree,Somewhat Disagree,Disagree,Neutral,Somewhat Agree,Neutral,Somewhat Agree,Somewhat Agree,Somewhat Unfair,Somewhat Disagree,Neutral,Somewhat Disagree,Agree,Somewhat Agree,Somewhat Agree,Somewhat Agree,Somewhat Agree,Somewhat Unfair,Somewhat Agree,Somewhat Disagree,Disagree,Somewhat Disagree,Neutral,,Agree,Agree,Unfair,Agree,Somewhat Disagree,Somewhat Disagree,Strongly Disagree,Neutral,Agree,Strongly Agree,Agree,Unfair,Neutral,Somewhat Disagree,Disagree,Agree,Neutral,Somewhat Disagree,Somewhat Disagree,Neutral,Very Unfair,Somewhat Agree,Disagree,Disagree,Somewhat Agree,Somewhat Disagree,Strongly Agree,Strongly Agree,Agree
618,749,18-29,Bachelor,Male,,50000-75000,false,false,false,true,false,,rec,fairness first,Very Fair,Strongly Agree,Strongly Agree,Strongly Disagree,Strongly Agree,Strongly Agree,Strongly Agree,Strongly Agree,Strongly Agree,Very Fair,Strongly Agree,Strongly Agree,Strongly Disagree,Strongly Agree,Strongly Agree,Strongly Disagree,Strongly Disagree,Strongly Disagree,Very Fair,Strongly Agree,Strongly Agree,Strongly Disagree,Strongly Agree,Strongly Agree,Strongly Agree,Strongly Agree,Strongly Agree,Somewhat Unfair,Strongly Agree,Strongly Agree,Strongly Disagree,Strongly Agree,Somewhat Disagree,Strongly Disagree,Neutral,Somewhat Agree,Very Fair,Strongly Agree,Strongly Agree,Strongly Agree,Strongly Disagree,Strongly Agree,Strongly Disagree,Strongly Disagree,Strongly Disagree,Somewhat Unfair,Strongly Agree,Somewhat Disagree,Strongly Agree,Strongly Agree,Disagree,Strongly Agree,Strongly Agree,Strongly Agree,Very Unfair,Strongly Agree,Strongly Disagree,Strongly Disagree,Strongly Disagree,Neutral,Strongly Agree,Strongly Agree,Strongly Agree,Very Unfair,Strongly Agree,Strongly Disagree,Strongly Agree,Strongly Disagree,Strongly Disagree,Strongly Disagree,Strongly Disagree,Strongly Disagree,Neutral,Strongly Agree,Strongly Agree,Strongly Disagree,Strongly Agree,Strongly Disagree,Strongly Disagree,Strongly Disagree,Strongly Disagree,Somewhat Unfair,Strongly Agree,Somewhat Disagree,Strongly Agree,Strongly Agree,Neutral,Somewhat Agree,Strongly Agree,Strongly Agree
619,1872,30-39,Bachelor,Male,,50000-75000,false,false,false,true,false,,rec,fairness first,Fair,Strongly Agree,Strongly Agree,Strongly Disagree,Strongly Disagree,Somewhat Agree,Somewhat Disagree,Strongly Disagree,Strongly Disagree,Very Fair,Strongly Agree,Strongly Agree,Disagree,Strongly Disagree,Somewhat Agree,Strongly Agree,Somewhat Agree,Somewhat Agree,Fair,Strongly Agree,Strongly Agree,Somewhat Agree,Agree,Somewhat Agree,Agree,Disagree,Disagree,Fair,Agree,Agree,Disagree,Somewhat Agree,Agree,Agree,Strongly Agree,Somewhat Agree,Fair,Somewhat Agree,Somewhat Agree,Strongly Disagree,Agree,Disagree,Somewhat Disagree,Disagree,Disagree,Very Fair,Somewhat Agree,Strongly Agree,Disagree,Somewhat Agree,Agree,Somewhat Agree,Somewhat Disagree,Somewhat Disagree,Fair,Strongly Agree,Agree,Strongly Disagree,Somewhat Disagree,Agree,Agree,Disagree,Disagree,Fair,Somewhat Agree,Strongly Agree,Somewhat Agree,Disagree,Strongly Agree,Strongly Agree,Agree,Agree,Somewhat Fair,Agree,Strongly Agree,Somewhat Agree,Agree,Somewhat Disagree,Somewhat Agree,Agree,Agree,Somewhat Fair,Strongly Agree,Disagree,Somewhat Disagree,Agree,Somewhat Disagree,Somewhat Agree,Disagree,Disagree
620,904,30-39,High School,Male,,<25000,false,false,false,true,false,,rec,properties first,Fair,Neutral,Neutral,Somewhat Agree,Strongly Agree,Neutral,Neutral,Neutral,Somewhat Disagree,Somewhat Fair,Somewhat Agree,Agree,Neutral,Somewhat Agree,Somewhat Disagree,Neutral,Neutral,Somewhat Disagree,Very Fair,Somewhat Agree,Agree,Somewhat Disagree,Somewhat Agree,Somewhat Agree,Neutral,Neutral,Strongly Disagree,Unfair,Neutral,Somewhat Agree,Strongly Agree,Somewhat Agree,Neutral,Neutral,Neutral,Neutral,Very Unfair,Strongly Disagree,Somewhat Disagree,Strongly Agree,Neutral,Neutral,Somewhat Disagree,Neutral,Somewhat Disagree,Neutral,Neutral,Neutral,Neutral,Strongly Agree,Somewhat Disagree,Somewhat Agree,Neutral,Somewhat Disagree,Very Unfair,Somewhat Agree,Somewhat Agree,Strongly Agree,Agree,Disagree,Neutral,Neutral,Neutral,Very Unfair,Strongly Disagree,Strongly Disagree,Strongly Agree,Somewhat Agree,Disagree,Somewhat Disagree,Somewhat Disagree,Somewhat Disagree,Very Unfair,Somewhat Disagree,Neutral,Strongly Agree,Neutral,Somewhat Disagree,Neutral,Neutral,Neutral,Very Unfair,Agree,Neutral,Somewhat Disagree,Agree,Strongly Disagree,Disagree,Strongly Disagree,Strongly Disagree
621,1582,18-29,Bachelor,Male,,<25000,false,true,false,false,false,,rec,fairness first,Unfair,Strongly Agree,Strongly Agree,Strongly Disagree,Strongly Disagree,Agree,Somewhat Agree,Strongly Disagree,Strongly Disagree,Very Fair,Strongly Agree,Strongly Agree,Somewhat Disagree,Somewhat Disagree,Strongly Agree,Agree,Strongly Disagree,Strongly Disagree,Very Fair,Strongly Agree,Strongly Agree,Strongly Disagree,Strongly Disagree,Strongly Agree,Disagree,Strongly Disagree,Strongly Disagree,Fair,Strongly Agree,Agree,Somewhat Agree,Strongly Agree,Somewhat Agree,Somewhat Agree,Agree,Strongly Agree,Somewhat Fair,Strongly Disagree,Somewhat Agree,Somewhat Disagree,Strongly Agree,Strongly Agree,Strongly Disagree,Strongly Disagree,Strongly Disagree,Very Fair,Strongly Agree,Strongly Agree,Strongly Disagree,Strongly Disagree,Strongly Agree,Strongly Disagree,Strongly Disagree,Strongly Agree,Very Fair,Somewhat Disagree,Strongly Agree,Strongly Disagree,Strongly Disagree,Strongly Agree,Somewhat Agree,Strongly Disagree,Strongly Disagree,Fair,Strongly Disagree,Agree,Agree,Disagree,Strongly Disagree,Somewhat Agree,Agree,Strongly Agree,Somewhat Unfair,Somewhat Agree,Strongly Disagree,Somewhat Agree,Agree,Somewhat Agree,Strongly Disagree,Somewhat Agree,Strongly Agree,Somewhat Unfair,Strongly Agree,Strongly Disagree,Strongly Disagree,Strongly Disagree,Somewhat Agree,Agree,Strongly Disagree,Strongly Disagree
622,492,18-29,Associate or Diploma,Male,,50000-75000,false,false,false,true,false,,rec,fairness first,Fair,Agree,Agree,Neutral,Somewhat Agree,Somewhat Agree,Somewhat Agree,Somewhat Agree,Somewhat Agree,Fair,Agree,Agree,Neutral,Somewhat Agree,,Somewhat Agree,Somewhat Agree,Somewhat Agree,Somewhat Fair,Somewhat Agree,Somewhat Agree,Neutral,Somewhat Agree,Somewhat Agree,Somewhat Agree,Neutral,Neutral,Neutral,Neutral,Somewhat Agree,Somewhat Agree,Neutral,Somewhat Agree,Somewhat Agree,Somewhat Agree,Somewhat Agree,Neutral,Disagree,Somewhat Agree,Neutral,Somewhat Agree,Somewhat Agree,Somewhat Agree,Somewhat Agree,Somewhat Agree,Neutral,Somewhat Disagree,Agree,Somewhat Disagree,Somewhat Agree,Somewhat Agree,Somewhat Agree,Somewhat Agree,Somewhat Agree,Somewhat Unfair,Neutral,Neutral,Neutral,Somewhat Disagree,Somewhat Agree,Somewhat Agree,Somewhat Agree,Somewhat Agree,Somewhat Unfair,Agree,Somewhat Disagree,Somewhat Agree,Somewhat Agree,Somewhat Agree,Somewhat Agree,Neutral,Neutral,Somewhat Fair,Somewhat Disagree,Somewhat Agree,Neutral,Somewhat Agree,Somewhat Agree,Neutral,Agree,Somewhat Agree,Somewhat Unfair,Agree,Disagree,Neutral,Somewhat Disagree,Somewhat Agree,Somewhat Agree,Somewhat Agree,Somewhat Agree
623,994,18-29,Bachelor,Female,,<25000,false,true,false,false,false,,rec,fairness first,Neutral,Somewhat Agree,Neutral,Somewhat Disagree,Neutral,Somewhat Agree,Somewhat Agree,Neutral,Agree,Somewhat Unfair,Somewhat Agree,Neutral,Somewhat Agree,Somewhat Disagree,Neutral,Somewhat Agree,Somewhat Agree,Somewhat Disagree,Somewhat Fair,Somewhat Agree,Neutral,Neutral,Somewhat Agree,Agree,Somewhat Agree,Neutral,Agree,Somewhat Fair,Somewhat Agree,Neutral,Neutral,Somewhat Agree,Somewhat Disagree,Somewhat Agree,Disagree,Somewhat Agree,Unfair,Agree,Somewhat Agree,Somewhat Agree,Agree,Neutral,Somewhat Disagree,Neutral,Somewhat Agree,Somewhat Fair,Somewhat Agree,Neutral,Somewhat Agree,Neutral,Somewhat Agree,Agree,Somewhat Agree,Somewhat Agree,Unfair,Agree,Somewhat Agree,Neutral,Somewhat Agree,Somewhat Agree,Agree,Somewhat Agree,Somewhat Agree,Unfair,Somewhat Agree,Agree,Neutral,Somewhat Agree,Agree,Neutral,Somewhat Disagree,Somewhat Agree,Somewhat Fair,Somewhat Agree,Neutral,Somewhat Agree,Agree,Somewhat Agree,Neutral,Somewhat Disagree,Neutral,Neutral,Agree,Somewhat Agree,Somewhat Agree,Agree,Somewhat Agree,Neutral,Agree,Neutral
624,2101,30-39,Bachelor,Female,,75000-100000,false,false,false,true,false,,rec,properties first,Fair,Agree,Strongly Agree,Neutral,Disagree,Disagree,Disagree,Neutral,Somewhat Agree,Fair,Strongly Agree,Strongly Agree,Disagree,Disagree,Somewhat Agree,Disagree,Somewhat Disagree,Disagree,Neutral,Disagree,Somewhat Agree,Neutral,Strongly Disagree,Somewhat Agree,Somewhat Agree,Somewhat Agree,Somewhat Disagree,Somewhat Fair,Agree,Agree,Disagree,Strongly Agree,Strongly Agree,Disagree,Somewhat Disagree,Neutral,Unfair,Somewhat Disagree,Somewhat Agree,Neutral,Somewhat Agree,Agree,Disagree,Disagree,Somewhat Disagree,Neutral,Disagree,Somewhat Agree,Neutral,Strongly Agree,Agree,Neutral,Somewhat Disagree,Neutral,Somewhat Unfair,Somewhat Agree,Somewhat Disagree,Disagree,Somewhat Disagree,Strongly Agree,Neutral,Somewhat Agree,Neutral,Unfair,Somewhat Agree,Neutral,Neutral,Disagree,Somewhat Agree,Agree,Agree,Somewhat Agree,Somewhat Unfair,Disagree,Somewhat Agree,Agree,Neutral,Strongly Agree,Disagree,Neutral,Neutral,Very Unfair,Agree,Somewhat Disagree,Disagree,Strongly Agree,Neutral,Neutral,Agree,Somewhat Agree
625,595,18-29,High School,Female,,50000-75000,false,false,true,false,false,,rec,properties first,Very Fair,Strongly Agree,Strongly Agree,Somewhat Agree,Somewhat Disagree,Disagree,Strongly Agree,Strongly Agree,Strongly Agree,Somewhat Fair,Agree,Agree,Strongly Agree,Strongly Disagree,,Strongly Agree,Strongly Agree,Strongly Agree,Very Unfair,Somewhat Agree,Somewhat Agree,Agree,Disagree,Somewhat Disagree,Agree,Somewhat Agree,Somewhat Agree,Very Unfair,Somewhat Agree,Somewhat Agree,Somewhat Agree,Disagree,Agree,Strongly Agree,Strongly Agree,Strongly Agree,Very Unfair,Somewhat Agree,Strongly Disagree,Somewhat Agree,Strongly Agree,Somewhat Agree,Strongly Disagree,Disagree,Disagree,Somewhat Unfair,Somewhat Disagree,Somewhat Disagree,Somewhat Agree,Strongly Agree,Strongly Disagree,Disagree,Agree,Agree,Very Unfair,Agree,Somewhat Disagree,Somewhat Disagree,Strongly Disagree,Strongly Disagree,Agree,Strongly Agree,Strongly Agree,Very Unfair,Somewhat Agree,Strongly Disagree,Strongly Agree,Strongly Disagree,Strongly Disagree,Strongly Agree,Strongly Agree,Strongly Agree,Very Unfair,Somewhat Disagree,Disagree,Neutral,Disagree,Strongly Disagree,Strongly Disagree,Somewhat Agree,Somewhat Agree,Very Unfair,Agree,Strongly Disagree,Strongly Agree,Somewhat Agree,Strongly Disagree,Strongly Agree,Strongly Agree,Strongly Agree
626,2012,30-39,Associate or Diploma,Female,,25000-50000,false,false,false,true,false,,rec,properties first,Very Fair,Strongly Agree,Strongly Agree,Strongly Disagree,Disagree,Agree,Disagree,Disagree,Disagree,Very Fair,Agree,Strongly Agree,Strongly Disagree,Strongly Agree,Strongly Agree,Disagree,Neutral,Somewhat Agree,Very Fair,Somewhat Disagree,Agree,Neutral,Strongly Disagree,Agree,Disagree,Neutral,Disagree,Somewhat Fair,Somewhat Agree,Strongly Agree,Somewhat Disagree,Agree,Strongly Agree,Somewhat Agree,Agree,Agree,Somewhat Unfair,Somewhat Disagree,Somewhat Agree,Somewhat Agree,Somewhat Agree,Agree,Neutral,Somewhat Agree,Somewhat Agree,Fair,Somewhat Agree,Agree,Neutral,Agree,Agree,Neutral,Neutral,Neutral,Unfair,Agree,Somewhat Agree,Disagree,Disagree,Agree,Neutral,Neutral,Neutral,Unfair,Somewhat Agree,Somewhat Agree,Somewhat Disagree,Disagree,Neutral,Agree,Agree,Somewhat Agree,Unfair,Disagree,Disagree,Neutral,Agree,Neutral,Neutral,Somewhat Agree,Somewhat Agree,Very Unfair,Agree,Disagree,Disagree,Agree,Somewhat Disagree,Agree,Agree,Neutral
627,1741,30-39,Graduate,Male,,50000-75000,false,true,false,false,false,,rec,properties first,Very Fair,Strongly Agree,Strongly Agree,Strongly Disagree,Strongly Disagree,Agree,Agree,Disagree,Disagree,Very Fair,Agree,Strongly Agree,Strongly Disagree,Disagree,Strongly Agree,Agree,Agree,Neutral,Very Fair,Strongly Agree,Strongly Agree,Strongly Disagree,Disagree,Agree,Agree,Somewhat Disagree,Somewhat Disagree,Somewhat Unfair,Strongly Agree,Agree,Strongly Disagree,Somewhat Agree,Agree,Disagree,Disagree,Somewhat Agree,Fair,Strongly Agree,Agree,Neutral,Agree,Strongly Agree,Agree,Strongly Agree,Agree,Fair,Agree,Strongly Agree,Somewhat Disagree,Disagree,Somewhat Disagree,Disagree,Agree,Somewhat Agree,Somewhat Fair,Agree,Somewhat Agree,Disagree,Somewhat Agree,Agree,Somewhat Disagree,Somewhat Agree,Disagree,Fair,Strongly Agree,Strongly Agree,Strongly Disagree,Agree,Agree,Somewhat Agree,Agree,Agree,Somewhat Fair,Agree,Somewhat Agree,Somewhat Disagree,Agree,Agree,Somewhat Agree,Disagree,Somewhat Agree,Unfair,Strongly Agree,Disagree,Strongly Disagree,Disagree,Somewhat Disagree,Disagree,Somewhat Disagree,Disagree
628,1087,,,,,,false,false,false,false,false,,rec,properties first,,,,,,,,,,,,,,,,,,,,,,,,,,,,,,,,,,,,,,,,,,,,,,,,,,,,,,,,,,,,,,,,,,,,,,,,,,,,,,,,,,,,,,,,,,
629,1026,30-39,High School,Male,,25000-50000,false,false,false,true,false,,rec,fairness first,Very Fair,Strongly Agree,Strongly Agree,Strongly Disagree,Agree,Neutral,Somewhat Agree,Somewhat Agree,Somewhat Agree,Very Fair,Agree,Strongly Agree,Strongly Disagree,Agree,Somewhat Agree,Agree,Somewhat Disagree,Somewhat Disagree,Somewhat Unfair,Disagree,Neutral,Somewhat Agree,Somewhat Disagree,Strongly Agree,Strongly Agree,Agree,Agree,Very Unfair,Somewhat Agree,Somewhat Agree,Somewhat Agree,Neutral,Disagree,Strongly Agree,Agree,Strongly Agree,Very Unfair,Strongly Disagree,Strongly Disagree,Strongly Agree,Disagree,Strongly Disagree,Somewhat Agree,Neutral,Disagree,Very Unfair,Strongly Disagree,Strongly Disagree,Agree,Strongly Agree,Strongly Agree,Somewhat Disagree,Agree,Agree,Very Unfair,Strongly Disagree,Strongly Disagree,Somewhat Agree,Strongly Disagree,Disagree,Strongly Agree,Strongly Agree,Strongly Agree,Very Unfair,Agree,Strongly Disagree,Agree,Strongly Disagree,Disagree,Strongly Agree,Agree,Agree,Very Unfair,Strongly Disagree,Strongly Disagree,Strongly Agree,Somewhat Disagree,Disagree,Somewhat Agree,Somewhat Disagree,Somewhat Disagree,Very Unfair,Disagree,Strongly Disagree,Strongly Agree,Strongly Disagree,Disagree,Strongly Agree,Strongly Agree,Strongly Agree
630,1973,40-49,Bachelor,Male,,50000-75000,false,false,false,true,false,,rec,properties first,Very Fair,Somewhat Agree,Strongly Agree,Neutral,Strongly Disagree,Strongly Agree,Disagree,Disagree,Disagree,Fair,Somewhat Agree,Strongly Agree,Disagree,Disagree,Strongly Agree,Somewhat Agree,Somewhat Agree,Somewhat Agree,Somewhat Fair,Neutral,Somewhat Agree,Agree,Neutral,Somewhat Agree,Agree,Somewhat Disagree,Somewhat Disagree,Neutral,Agree,Agree,Somewhat Agree,Somewhat Disagree,Agree,Agree,Agree,Agree,Unfair,Disagree,Somewhat Disagree,Neutral,Somewhat Disagree,Strongly Agree,Disagree,Strongly Disagree,Strongly Disagree,Unfair,Somewhat Disagree,Disagree,Somewhat Agree,Agree,Disagree,Disagree,Disagree,Disagree,Unfair,Agree,Somewhat Disagree,Disagree,Neutral,Somewhat Agree,Strongly Agree,Agree,Agree,Very Unfair,Somewhat Disagree,Somewhat Agree,Strongly Agree,Somewhat Disagree,Neutral,Agree,Agree,Agree,Unfair,Strongly Disagree,Neutral,Agree,Agree,Somewhat Agree,Somewhat Disagree,Disagree,Disagree,Unfair,Strongly Agree,Neutral,Neutral,Somewhat Agree,Somewhat Disagree,Agree,Agree,Somewhat Agree
631,481,,Associate or Diploma,Male,,25000-50000,false,false,false,false,true,,rec,fairness first,Very Fair,Somewhat Agree,Somewhat Agree,Agree,Somewhat Agree,Somewhat Agree,Somewhat Agree,Somewhat Agree,Somewhat Agree,Very Fair,Neutral,Agree,Agree,Neutral,Strongly Agree,Neutral,Neutral,Agree,Very Fair,Somewhat Agree,Strongly Agree,Neutral,Strongly Disagree,Agree,Agree,Agree,Agree,Very Fair,Agree,Agree,Agree,Somewhat Agree,Strongly Agree,Agree,Agree,Agree,Neutral,Neutral,Neutral,Somewhat Agree,Somewhat Disagree,Somewhat Agree,Somewhat Agree,Somewhat Disagree,Neutral,Somewhat Unfair,Somewhat Disagree,Neutral,Neutral,Neutral,Somewhat Agree,Somewhat Agree,Somewhat Agree,Somewhat Agree,Somewhat Unfair,Disagree,Somewhat Disagree,Disagree,Strongly Disagree,Neutral,Neutral,Somewhat Agree,Somewhat Agree,Somewhat Fair,Disagree,Disagree,Agree,Strongly Disagree,Neutral,Neutral,Neutral,Neutral,Neutral,Somewhat Agree,Agree,Neutral,Agree,Agree,Somewhat Agree,Agree,Agree,Neutral,Agree,Somewhat Agree,Somewhat Disagree,Somewhat Disagree,Neutral,Disagree,Neutral,Neutral
632,585,60-69,Associate or Diploma,Female,,25000-50000,false,false,false,true,false,,rec,properties first,Very Fair,Agree,Strongly Agree,Strongly Disagree,Strongly Disagree,Somewhat Agree,Disagree,Somewhat Disagree,Somewhat Agree,Very Fair,Strongly Agree,Strongly Agree,Strongly Disagree,Strongly Disagree,Agree,Strongly Disagree,Strongly Disagree,Strongly Disagree,Very Fair,Agree,Strongly Agree,Somewhat Disagree,Somewhat Agree,Strongly Agree,Agree,Somewhat Disagree,Somewhat Agree,Very Fair,Agree,Strongly Agree,Somewhat Disagree,Disagree,Somewhat Disagree,Disagree,Disagree,Somewhat Agree,Somewhat Fair,Somewhat Disagree,Somewhat Agree,Somewhat Disagree,Agree,Agree,Somewhat Disagree,Somewhat Disagree,Somewhat Disagree,Fair,Somewhat Agree,Somewhat Agree,Somewhat Disagree,Agree,Somewhat Agree,Somewhat Agree,Somewhat Agree,Somewhat Agree,Somewhat Fair,Somewhat Agree,Agree,Disagree,Somewhat Disagree,Agree,Disagree,Agree,Agree,Very Fair,Somewhat Disagree,Somewhat Disagree,Agree,Somewhat Disagree,Somewhat Agree,Somewhat Disagree,Somewhat Disagree,Somewhat Agree,Somewhat Fair,Somewhat Agree,Agree,Disagree,Agree,Strongly Agree,Disagree,Agree,Agree,Somewhat Fair,Agree,Somewhat Agree,Somewhat Disagree,Somewhat Agree,Somewhat Agree,Somewhat Disagree,Somewhat Disagree,Somewhat Disagree
633,1674,30-39,High School,Female,,75000-100000,false,false,false,true,false,,rec,fairness first,Very Fair,Neutral,Neutral,Neutral,Neutral,Neutral,Neutral,Neutral,Disagree,Fair,Agree,Agree,Agree,Neutral,Neutral,Neutral,Neutral,Disagree,Fair,Agree,Agree,Disagree,Neutral,Neutral,Neutral,Neutral,Disagree,Fair,Somewhat Agree,Somewhat Agree,Somewhat Agree,Neutral,Somewhat Agree,Neutral,Neutral,Disagree,Neutral,Neutral,Neutral,Neutral,Neutral,Neutral,Neutral,Neutral,Disagree,Somewhat Fair,Agree,Agree,Agree,Neutral,Neutral,Neutral,Neutral,Disagree,Somewhat Fair,Agree,Agree,Agree,Neutral,Neutral,Neutral,Neutral,Disagree,Unfair,Neutral,Neutral,Agree,Agree,Somewhat Agree,Neutral,Neutral,Disagree,Fair,Somewhat Agree,Neutral,Neutral,Somewhat Disagree,Somewhat Agree,Neutral,Neutral,Neutral,Neutral,Agree,Neutral,Disagree,Neutral,Neutral,Neutral,Neutral,Neutral
