Study ID,Completion Time (s),Respondent Age,Respondent Education,Respondent Gender,Respondent Gender Other,Respondent Income,Aboriginal,Asian,Black,Caucasian,Hispanic,Ethnicity Other,Domain,Question Order Version,Age,Age Reliability,Age Privacy,Age Volitionality,Age Causes Outcome,Age Causes Cycle,Age Causes Disparity,Age Caused by Group,Gender,Gender Reliability,Gender Privacy,Gender Volitionality,Gender Causes Outcome,Gender Causes Cycle,Gender Causes Disparity,Gender Caused by Group,Marital and Family,Marital and Family Reliability,Marital and Family Privacy,Marital and Family Volitionality,Marital and Family Causes Outcome,Marital and Family Causes Cycle,Marital and Family Causes Disparity,Marital and Family Caused by Group,Employment,Employment Reliability,Employment Privacy,Employment Volitionality,Employment Causes Outcome,Employment Causes Cycle,Employment Causes Disparity,Employment Caused by Group,Credit,Credit Reliability,Credit Privacy,Credit Volitionality,Credit Causes Outcome,Credit Causes Cycle,Credit Causes Disparity,Credit Caused by Group,Education,Education Reliability,Education Privacy,Education Volitionality,Education Causes Outcome,Education Causes Cycle,Education Causes Disparity,Education Caused by Group,Residence,Residence Reliability,Residence Privacy,Residence Volitionality,Residence Causes Outcome,Residence Causes Cycle,Residence Causes Disparity,Residence Caused by Group,History of Health,History of Health Reliability,History of Health Privacy,History of Health Volitionality,History of Health Causes Outcome,History of Health Causes Cycle,History of Health Causes Disparity,History of Health Caused by Group
1557,1905,18-29,Bachelor,Female,,>100000,false,false,false,true,false,,ins,fairness first,Somewhat Fair,Strongly Agree,Strongly Disagree,Strongly Disagree,Strongly Agree,Strongly Disagree,Neutral,Neutral,Unfair,Strongly Agree,Strongly Disagree,Strongly Disagree,Neutral,Strongly Disagree,Agree,Agree,Very Unfair,Strongly Agree,Disagree,Somewhat Agree,Disagree,Strongly Disagree,Neutral,Neutral,Somewhat Fair,Agree,Strongly Disagree,Strongly Agree,Agree,Strongly Disagree,Strongly Disagree,Strongly Disagree,Very Fair,Strongly Agree,Neutral,Somewhat Agree,Strongly Agree,Strongly Disagree,Strongly Disagree,Strongly Disagree,Somewhat Fair,Somewhat Agree,Strongly Disagree,Strongly Agree,Neutral,Strongly Disagree,Neutral,Neutral,Somewhat Fair,Strongly Agree,Strongly Disagree,Strongly Agree,Somewhat Agree,Strongly Disagree,Strongly Disagree,Strongly Disagree,Neutral,Somewhat Agree,Strongly Agree,Neutral,Agree,Disagree,Neutral,Neutral
1558,1646,30-39,Bachelor,Female,,50000-75000,false,false,false,true,false,,ins,properties first,Neutral,Strongly Agree,Disagree,Strongly Disagree,Strongly Agree,Somewhat Agree,Agree,Strongly Disagree,Somewhat Unfair,Agree,Neutral,Somewhat Agree,Somewhat Disagree,Neutral,Somewhat Agree,Agree,Unfair,Agree,Somewhat Disagree,Strongly Agree,Somewhat Disagree,Neutral,Somewhat Disagree,Disagree,Unfair,Strongly Agree,Disagree,Agree,Agree,Somewhat Disagree,Disagree,Somewhat Disagree,Unfair,Somewhat Agree,Agree,Somewhat Agree,Agree,Agree,Disagree,Somewhat Disagree,Unfair,Somewhat Agree,Agree,Somewhat Agree,Somewhat Agree,Agree,Somewhat Agree,Somewhat Agree,Unfair,Strongly Agree,Somewhat Disagree,Somewhat Agree,Agree,Agree,Somewhat Agree,Somewhat Agree,Somewhat Fair,Somewhat Agree,Strongly Agree,Neutral,Strongly Agree,Agree,Somewhat Agree,Strongly Agree
1559,498,40-49,Associate or Diploma,Male,,75000-100000,false,false,false,true,false,,ins,fairness first,Fair,Somewhat Agree,Somewhat Agree,Strongly Disagree,Agree,Neutral,Agree,Agree,Unfair,Strongly Disagree,Neutral,Neutral,Somewhat Disagree,Disagree,Somewhat Agree,Somewhat Agree,Somewhat Unfair,Somewhat Agree,Strongly Agree,Somewhat Agree,Neutral,Strongly Disagree,Neutral,Neutral,Fair,Strongly Agree,Somewhat Disagree,Somewhat Agree,Somewhat Agree,Neutral,Somewhat Agree,Neutral,Somewhat Fair,Strongly Agree,Somewhat Agree,Strongly Agree,Strongly Agree,Strongly Agree,Neutral,Neutral,Somewhat Fair,Somewhat Agree,Disagree,Agree,Somewhat Disagree,Somewhat Agree,Somewhat Agree,Agree,Somewhat Fair,Neutral,Strongly Agree,Agree,Strongly Agree,Agree,Somewhat Agree,Somewhat Agree,Fair,Strongly Agree,Strongly Agree,Somewhat Agree,Strongly Agree,Agree,Agree,Neutral
1560,1650,30-39,Bachelor,Female,,50000-75000,false,false,true,false,false,,ins,fairness first,Very Fair,Strongly Agree,Agree,Agree,Strongly Agree,Strongly Agree,Agree,Agree,Very Unfair,Somewhat Agree,Somewhat Agree,Agree,Somewhat Agree,Somewhat Disagree,Somewhat Disagree,Somewhat Disagree,Very Unfair,Agree,Agree,Strongly Agree,Neutral,Neutral,Disagree,Disagree,Somewhat Fair,Strongly Agree,Agree,Agree,Strongly Agree,Agree,Somewhat Disagree,Somewhat Disagree,Fair,Strongly Agree,Strongly Agree,,Somewhat Disagree,Strongly Agree,Disagree,Disagree,Unfair,Agree,Somewhat Agree,Somewhat Agree,Neutral,Neutral,Somewhat Agree,Agree,Unfair,Agree,Somewhat Agree,Somewhat Disagree,Agree,Disagree,Disagree,Disagree,Very Fair,Strongly Agree,Agree,Neutral,Strongly Agree,Agree,Somewhat Agree,Neutral
1561,1019,18-29,Associate or Diploma,Male,,50000-75000,false,false,true,false,false,,ins,fairness first,Somewhat Fair,Disagree,Agree,Strongly Disagree,Disagree,Somewhat Agree,Somewhat Agree,Somewhat Agree,Very Unfair,Strongly Disagree,Strongly Agree,Disagree,Disagree,Strongly Agree,Strongly Agree,Agree,Somewhat Fair,Agree,Agree,Strongly Agree,Disagree,Strongly Disagree,Strongly Disagree,Strongly Disagree,Fair,Strongly Agree,Disagree,Strongly Agree,Disagree,Strongly Disagree,Strongly Disagree,Strongly Disagree,Very Fair,Strongly Agree,Somewhat Agree,Strongly Agree,Strongly Agree,Strongly Disagree,Strongly Disagree,Strongly Disagree,Somewhat Fair,Agree,Disagree,Strongly Disagree,Strongly Disagree,Strongly Disagree,Strongly Disagree,Strongly Disagree,Somewhat Unfair,Strongly Agree,Agree,Strongly Agree,Strongly Agree,Strongly Disagree,Strongly Disagree,Strongly Disagree,Very Fair,Strongly Agree,Strongly Disagree,Strongly Disagree,Strongly Agree,Strongly Disagree,Strongly Disagree,Strongly Disagree
1562,2053,40-49,Bachelor,Male,,>100000,false,false,false,true,false,,ins,fairness first,Fair,Agree,Agree,Strongly Disagree,Agree,Somewhat Agree,Somewhat Agree,Disagree,Somewhat Unfair,Strongly Agree,Disagree,Somewhat Disagree,Somewhat Agree,Neutral,Somewhat Agree,Strongly Disagree,Unfair,Agree,Disagree,Agree,Neutral,Neutral,Strongly Disagree,Strongly Disagree,Somewhat Unfair,Somewhat Agree,Somewhat Agree,Agree,Somewhat Disagree,Somewhat Agree,Disagree,Strongly Disagree,Fair,Agree,Disagree,Agree,Agree,Agree,Disagree,Disagree,Fair,Somewhat Agree,Somewhat Disagree,Agree,Disagree,Somewhat Agree,Disagree,Strongly Disagree,Somewhat Fair,Strongly Agree,Somewhat Agree,Agree,Somewhat Agree,Neutral,Disagree,Disagree,Somewhat Fair,Agree,Agree,Disagree,Agree,Somewhat Agree,Somewhat Agree,Somewhat Agree
1563,3139,30-39,Bachelor,Female,,50000-75000,false,false,false,true,false,,ins,properties first,Neutral,Agree,Neutral,Somewhat Disagree,Neutral,Somewhat Disagree,Disagree,Disagree,Unfair,Agree,Agree,Somewhat Agree,Disagree,Disagree,Disagree,Disagree,Somewhat Unfair,Agree,Somewhat Agree,Agree,Somewhat Disagree,Somewhat Disagree,Disagree,Disagree,Somewhat Unfair,Agree,Somewhat Agree,Somewhat Agree,Neutral,Somewhat Disagree,Disagree,Disagree,Somewhat Unfair,Agree,Somewhat Agree,Disagree,Somewhat Disagree,Somewhat Disagree,Disagree,Somewhat Disagree,Fair,Agree,Somewhat Agree,Neutral,Somewhat Disagree,Somewhat Disagree,Disagree,Disagree,Somewhat Fair,Agree,Agree,Agree,Somewhat Disagree,Somewhat Disagree,Disagree,Disagree,Somewhat Unfair,Agree,Somewhat Agree,Somewhat Disagree,Neutral,Somewhat Disagree,Disagree,Somewhat Disagree
1564,2237,30-39,Bachelor,Female,,<25000,false,true,false,false,false,,ins,properties first,Somewhat Fair,Somewhat Agree,Neutral,Somewhat Agree,Agree,Agree,Somewhat Agree,Somewhat Agree,Neutral,Somewhat Agree,Neutral,Agree,Somewhat Agree,Neutral,Somewhat Agree,Agree,Neutral,Agree,Somewhat Agree,Neutral,Somewhat Agree,Agree,Somewhat Agree,Somewhat Agree,Somewhat Unfair,Somewhat Agree,Neutral,Neutral,Somewhat Agree,Agree,Somewhat Agree,Agree,Somewhat Fair,Agree,Somewhat Agree,Neutral,Somewhat Agree,Agree,Somewhat Agree,Agree,Fair,Somewhat Agree,Agree,Somewhat Agree,Neutral,Somewhat Agree,Agree,Agree,Neutral,Somewhat Agree,Agree,Somewhat Agree,Agree,Strongly Agree,Agree,Somewhat Agree,Somewhat Fair,Agree,Somewhat Agree,Neutral,Neutral,Somewhat Agree,Agree,Somewhat Agree
1565,2899,30-39,Graduate,Male,,50000-75000,false,false,false,true,false,,ins,fairness first,Very Fair,Disagree,Somewhat Disagree,Neutral,Somewhat Agree,Agree,Neutral,Disagree,Somewhat Fair,Agree,,Somewhat Agree,Strongly Disagree,Somewhat Agree,Disagree,Neutral,Somewhat Fair,Strongly Agree,Agree,Somewhat Agree,Agree,Somewhat Disagree,Neutral,Disagree,Somewhat Unfair,Strongly Disagree,Strongly Agree,Somewhat Agree,Neutral,Disagree,Strongly Disagree,Somewhat Disagree,Very Fair,Strongly Agree,Somewhat Disagree,Agree,Somewhat Disagree,Neutral,Agree,Somewhat Disagree,Fair,Disagree,Strongly Disagree,Neutral,Agree,Somewhat Disagree,Strongly Disagree,Somewhat Disagree,Somewhat Fair,Strongly Agree,Neutral,Strongly Disagree,Disagree,Agree,Neutral,Somewhat Disagree,Somewhat Fair,Strongly Agree,Agree,Somewhat Agree,Disagree,Agree,Neutral,Disagree
1566,1378,18-29,High School,Female,,75000-100000,false,false,false,true,false,,ins,properties first,Somewhat Fair,Strongly Agree,Strongly Disagree,Strongly Disagree,Neutral,Somewhat Disagree,Somewhat Disagree,Strongly Disagree,Very Unfair,Strongly Agree,Strongly Disagree,Somewhat Agree,Disagree,Disagree,Disagree,Neutral,Somewhat Unfair,Strongly Agree,Strongly Disagree,Agree,Somewhat Disagree,Disagree,Strongly Disagree,Disagree,Fair,Agree,Neutral,Strongly Agree,Neutral,Somewhat Disagree,Somewhat Disagree,Disagree,Very Fair,Strongly Agree,Strongly Disagree,Neutral,Strongly Agree,Somewhat Agree,Neutral,Strongly Disagree,Somewhat Unfair,Somewhat Agree,Neutral,Agree,Somewhat Disagree,Disagree,Disagree,Strongly Disagree,Unfair,Agree,Neutral,Somewhat Agree,Neutral,Somewhat Disagree,Neutral,Somewhat Agree,Unfair,Neutral,Somewhat Agree,Neutral,Agree,Somewhat Disagree,Somewhat Disagree,Somewhat Disagree
1567,1020,50-59,Bachelor,Male,,25000-50000,false,false,false,true,false,,ins,properties first,Fair,Strongly Agree,Agree,Strongly Agree,Somewhat Agree,Agree,Agree,Strongly Agree,Fair,Strongly Agree,Agree,Strongly Agree,Agree,Strongly Agree,Agree,Strongly Agree,Very Fair,Agree,Strongly Agree,Agree,Strongly Agree,Agree,Strongly Agree,Agree,Fair,Strongly Agree,Agree,Strongly Agree,Agree,Strongly Agree,Agree,Strongly Agree,Fair,Strongly Agree,Agree,Strongly Agree,Somewhat Agree,Agree,Strongly Agree,Agree,Fair,Strongly Agree,Agree,Strongly Agree,Agree,Strongly Agree,Agree,Strongly Agree,Very Fair,Strongly Agree,Agree,Strongly Agree,Agree,Somewhat Agree,Agree,Strongly Agree,Fair,Strongly Agree,Agree,Strongly Agree,Somewhat Agree,Agree,Strongly Agree,Agree
1568,749,30-39,Associate or Diploma,Female,,50000-75000,false,false,false,true,false,,ins,fairness first,Somewhat Fair,Strongly Agree,Strongly Disagree,Strongly Disagree,Agree,Somewhat Agree,Somewhat Agree,Agree,Unfair,Strongly Agree,Disagree,Neutral,Somewhat Disagree,Somewhat Agree,Strongly Agree,Agree,Neutral,Agree,Somewhat Disagree,Strongly Agree,Somewhat Disagree,Somewhat Disagree,Somewhat Disagree,Somewhat Disagree,Somewhat Fair,Somewhat Agree,Disagree,Somewhat Disagree,Somewhat Disagree,Somewhat Agree,Somewhat Agree,Somewhat Agree,Fair,Strongly Agree,Somewhat Agree,Agree,Agree,Neutral,Somewhat Agree,Somewhat Agree,Somewhat Unfair,Agree,Disagree,Agree,,Somewhat Disagree,Somewhat Disagree,Somewhat Disagree,Somewhat Unfair,Somewhat Disagree,Somewhat Agree,Somewhat Disagree,Somewhat Agree,Agree,Agree,Agree,Very Unfair,Strongly Agree,Agree,Disagree,Agree,Agree,Strongly Agree,Agree
1569,1382,30-39,Bachelor,Male,,>100000,false,false,false,true,false,,ins,fairness first,Somewhat Unfair,Strongly Agree,Disagree,Strongly Disagree,Somewhat Disagree,Neutral,Agree,Strongly Disagree,Very Unfair,Strongly Agree,Somewhat Disagree,Strongly Disagree,Strongly Disagree,Agree,Agree,Neutral,Very Unfair,Somewhat Agree,Agree,Neutral,Strongly Disagree,Disagree,Disagree,Disagree,Fair,Somewhat Agree,Agree,Agree,Neutral,Somewhat Disagree,Disagree,Disagree,Fair,Agree,Somewhat Agree,Strongly Agree,Agree,Disagree,Disagree,Disagree,Unfair,Somewhat Disagree,Agree,Agree,Disagree,Agree,Agree,Agree,Unfair,Agree,Disagree,Neutral,Disagree,Agree,Agree,Agree,Very Unfair,Disagree,Strongly Agree,Disagree,Disagree,Somewhat Agree,Strongly Agree,Neutral
1570,736,30-39,High School,Male,,25000-50000,false,false,true,false,false,,ins,properties first,Somewhat Unfair,Somewhat Agree,Disagree,Strongly Disagree,Somewhat Agree,Disagree,Disagree,Disagree,Very Unfair,Neutral,Agree,Disagree,Disagree,Disagree,Somewhat Agree,Somewhat Agree,Unfair,Neutral,Somewhat Agree,Somewhat Agree,Disagree,Somewhat Agree,Disagree,Disagree,Unfair,Agree,Neutral,Strongly Agree,Disagree,Somewhat Agree,Neutral,Neutral,Somewhat Fair,Agree,Disagree,Agree,Agree,Strongly Disagree,Strongly Disagree,Strongly Disagree,Very Unfair,Somewhat Disagree,Somewhat Agree,Agree,Somewhat Disagree,Agree,Disagree,Disagree,Somewhat Unfair,Somewhat Agree,Somewhat Disagree,Agree,Disagree,Disagree,Disagree,Strongly Disagree,Fair,Agree,Somewhat Agree,Somewhat Disagree,Strongly Agree,Disagree,Strongly Disagree,Strongly Disagree
1571,506,18-29,High School,Male,,<25000,false,false,false,true,false,,ins,fairness first,Fair,Agree,Disagree,Disagree,Disagree,Disagree,Disagree,Disagree,Unfair,Strongly Agree,Strongly Disagree,Strongly Disagree,Disagree,Disagree,Agree,Agree,Fair,Agree,Disagree,Agree,Neutral,Neutral,Agree,Disagree,Fair,Agree,Disagree,Neutral,Somewhat Disagree,Somewhat Disagree,Somewhat Disagree,Disagree,Fair,Agree,Agree,Agree,Agree,Somewhat Agree,Disagree,Disagree,Fair,Agree,Disagree,Agree,Somewhat Disagree,Somewhat Disagree,,Disagree,Fair,Neutral,Somewhat Agree,Agree,Neutral,Neutral,Somewhat Disagree,Somewhat Disagree,Unfair,Disagree,Strongly Agree,Neutral,Neutral,Somewhat Disagree,Disagree,Disagree
1572,1182,18-29,High School,Male,,50000-75000,false,false,false,true,false,,ins,properties first,Somewhat Fair,Strongly Agree,Agree,Agree,Agree,Somewhat Agree,Agree,Strongly Agree,Fair,Agree,Neutral,Agree,Agree,Strongly Agree,Agree,Agree,Fair,Agree,Somewhat Agree,Somewhat Agree,Strongly Agree,Strongly Agree,Agree,Somewhat Agree,Fair,Agree,Somewhat Agree,Agree,Agree,Strongly Agree,Strongly Agree,Strongly Agree,Somewhat Fair,Strongly Agree,Agree,Somewhat Agree,Agree,Agree,Strongly Agree,Strongly Agree,Fair,Agree,Somewhat Disagree,Agree,Agree,Somewhat Agree,Agree,Agree,Somewhat Fair,Somewhat Agree,Somewhat Disagree,Agree,Agree,Strongly Agree,Agree,Somewhat Agree,Somewhat Fair,Agree,Somewhat Agree,Somewhat Agree,Somewhat Agree,Agree,Agree,Strongly Agree
1573,419,18-29,Bachelor,Male,,50000-75000,false,false,false,true,false,,ins,properties first,Neutral,Somewhat Disagree,Neutral,Somewhat Agree,Neutral,Somewhat Disagree,Neutral,Somewhat Agree,Very Unfair,Strongly Agree,Somewhat Agree,Agree,Neutral,Agree,Somewhat Agree,Agree,Neutral,Neutral,Somewhat Disagree,Neutral,Somewhat Agree,Agree,Somewhat Agree,Strongly Agree,Somewhat Fair,Neutral,Somewhat Disagree,Neutral,Somewhat Agree,Agree,Somewhat Agree,Neutral,Fair,Somewhat Agree,Neutral,Somewhat Disagree,Neutral,Somewhat Agree,Neutral,Somewhat Agree,Very Fair,Somewhat Agree,Neutral,Somewhat Disagree,Neutral,Somewhat Agree,Agree,Somewhat Agree,Somewhat Fair,Somewhat Agree,Neutral,Somewhat Agree,Agree,Somewhat Agree,Neutral,Somewhat Agree,Unfair,Somewhat Agree,Neutral,Somewhat Disagree,Neutral,Somewhat Agree,Agree,Strongly Agree
1574,545,30-39,Bachelor,Female,,75000-100000,false,false,false,true,false,,ins,fairness first,Very Unfair,Strongly Agree,Disagree,Strongly Disagree,Strongly Agree,Strongly Disagree,Strongly Agree,Strongly Agree,Very Unfair,Strongly Agree,Strongly Disagree,Strongly Disagree,Strongly Disagree,Strongly Disagree,Strongly Agree,Strongly Agree,Very Unfair,Agree,Disagree,Strongly Agree,Strongly Disagree,Strongly Disagree,Strongly Agree,Strongly Agree,Very Unfair,Strongly Agree,Strongly Disagree,Strongly Agree,Strongly Disagree,Strongly Disagree,Strongly Agree,Strongly Agree,Very Unfair,Disagree,Strongly Agree,Strongly Agree,Strongly Disagree,Strongly Disagree,Strongly Agree,Strongly Agree,Very Unfair,Strongly Agree,Disagree,Strongly Agree,Strongly Agree,Strongly Disagree,Strongly Agree,Strongly Agree,Very Unfair,Strongly Agree,Disagree,Strongly Agree,Disagree,Strongly Disagree,Strongly Agree,Strongly Agree,Very Unfair,Strongly Agree,Disagree,Disagree,Strongly Agree,Disagree,Strongly Agree,Strongly Agree
1575,1088,30-39,Graduate,Male,,50000-75000,false,false,true,false,false,,ins,fairness first,Somewhat Fair,Agree,Strongly Agree,Disagree,Neutral,Somewhat Disagree,Somewhat Agree,Disagree,Very Unfair,Somewhat Disagree,Agree,Disagree,Neutral,Somewhat Agree,Agree,Disagree,Very Unfair,Agree,Disagree,Somewhat Agree,Disagree,Somewhat Agree,Agree,Neutral,Somewhat Unfair,Agree,Disagree,Somewhat Agree,Agree,Strongly Agree,Somewhat Agree,Somewhat Disagree,Very Fair,Somewhat Agree,Somewhat Disagree,Disagree,Strongly Agree,Somewhat Agree,Somewhat Agree,Somewhat Disagree,Very Unfair,Strongly Agree,Somewhat Disagree,Neutral,Agree,Somewhat Agree,Somewhat Agree,Agree,Unfair,Agree,Strongly Agree,Somewhat Agree,Agree,Somewhat Agree,Somewhat Agree,Neutral,Fair,Disagree,Strongly Agree,Somewhat Disagree,Somewhat Agree,Somewhat Agree,Agree,Neutral
1576,761,30-39,Graduate,Male,,>100000,false,true,false,false,false,,ins,properties first,Neutral,Strongly Agree,Strongly Disagree,Strongly Disagree,Somewhat Agree,Disagree,Agree,Strongly Agree,Unfair,Agree,Somewhat Disagree,Neutral,Disagree,Somewhat Agree,Neutral,Agree,Somewhat Fair,Strongly Agree,Disagree,Somewhat Agree,Somewhat Agree,Disagree,Somewhat Disagree,Somewhat Disagree,Somewhat Fair,Strongly Agree,Strongly Disagree,Somewhat Disagree,Agree,Strongly Disagree,Disagree,Disagree,Very Fair,Strongly Agree,Strongly Disagree,Somewhat Agree,Strongly Agree,Strongly Disagree,Disagree,Strongly Disagree,Fair,Strongly Agree,Strongly Disagree,Somewhat Agree,Agree,Disagree,Somewhat Disagree,Disagree,Somewhat Unfair,Strongly Agree,Strongly Disagree,Somewhat Agree,Agree,Neutral,Somewhat Agree,Somewhat Agree,Somewhat Fair,Somewhat Agree,Neutral,Somewhat Agree,Agree,Somewhat Disagree,Neutral,Somewhat Disagree
1577,2111,30-39,Bachelor,Male,,75000-100000,false,false,false,true,false,,ins,fairness first,Fair,Strongly Agree,Neutral,Strongly Disagree,Somewhat Agree,Neutral,Agree,Neutral,Unfair,Somewhat Disagree,Agree,Strongly Agree,Disagree,Strongly Agree,Agree,Agree,Neutral,Agree,Somewhat Disagree,Somewhat Agree,Disagree,Neutral,Somewhat Disagree,Disagree,Somewhat Fair,Agree,Disagree,Strongly Agree,Agree,Somewhat Agree,Somewhat Agree,Somewhat Disagree,Very Unfair,Neutral,Somewhat Agree,Somewhat Agree,Disagree,Strongly Agree,Disagree,Strongly Disagree,Unfair,Agree,Disagree,Strongly Agree,Somewhat Disagree,Somewhat Agree,Neutral,Somewhat Disagree,Very Fair,Agree,Agree,Strongly Agree,Neutral,Somewhat Disagree,Disagree,Somewhat Disagree,Somewhat Fair,Somewhat Disagree,Strongly Agree,Disagree,Agree,Strongly Agree,Strongly Agree,Somewhat Agree
1578,442,30-39,Bachelor,Male,,50000-75000,false,false,false,true,false,,ins,properties first,Neutral,Strongly Agree,Disagree,Strongly Disagree,Agree,Neutral,Agree,Neutral,Very Unfair,Somewhat Disagree,Disagree,Neutral,Agree,Strongly Agree,Strongly Agree,Neutral,Fair,Strongly Agree,Disagree,Strongly Agree,Somewhat Agree,Neutral,Somewhat Agree,Somewhat Agree,Somewhat Fair,Strongly Agree,Disagree,Strongly Agree,Strongly Agree,Somewhat Agree,Somewhat Agree,Agree,Somewhat Fair,Strongly Agree,Disagree,Agree,Strongly Agree,Agree,Strongly Agree,Strongly Agree,Unfair,Somewhat Agree,Somewhat Disagree,Strongly Agree,Agree,Strongly Agree,Strongly Agree,Strongly Agree,Unfair,Somewhat Agree,Disagree,Strongly Agree,Strongly Agree,Strongly Agree,Strongly Agree,Agree,Somewhat Unfair,Neutral,Neutral,Somewhat Agree,Somewhat Agree,Somewhat Agree,Somewhat Agree,Somewhat Agree
1579,3470,30-39,Bachelor,Female,,25000-50000,false,true,false,false,false,,ins,properties first,Fair,Strongly Agree,Disagree,Strongly Disagree,Agree,Somewhat Disagree,Somewhat Disagree,Somewhat Disagree,Somewhat Fair,Agree,Neutral,Somewhat Agree,Neutral,Neutral,Somewhat Disagree,Somewhat Disagree,Somewhat Unfair,Strongly Agree,Disagree,Agree,Neutral,Somewhat Disagree,Somewhat Disagree,Somewhat Disagree,Somewhat Unfair,Agree,Somewhat Agree,Agree,Somewhat Disagree,Neutral,Neutral,Somewhat Agree,Unfair,Agree,Agree,Agree,Somewhat Disagree,Neutral,Somewhat Agree,Somewhat Disagree,Unfair,Agree,Somewhat Disagree,Agree,Somewhat Disagree,Somewhat Agree,Somewhat Agree,Somewhat Agree,Unfair,Agree,Neutral,Agree,Somewhat Disagree,Neutral,Neutral,Somewhat Agree,Fair,Disagree,Somewhat Disagree,Agree,Agree,Neutral,Neutral,Somewhat Disagree
1580,805,18-29,High School,Male,,25000-50000,false,false,false,true,false,,ins,properties first,Very Fair,Strongly Agree,Strongly Agree,Strongly Disagree,Strongly Disagree,Strongly Disagree,Neutral,Neutral,Very Unfair,Strongly Agree,Strongly Agree,Strongly Disagree,Strongly Disagree,Strongly Disagree,Neutral,Neutral,Somewhat Fair,Strongly Agree,Strongly Agree,Strongly Agree,Strongly Disagree,Strongly Disagree,Strongly Disagree,Strongly Disagree,Very Fair,Strongly Agree,Strongly Agree,Strongly Agree,Strongly Disagree,Strongly Disagree,Neutral,Neutral,Somewhat Fair,Strongly Agree,Strongly Agree,Strongly Agree,Somewhat Agree,Somewhat Agree,Neutral,Neutral,Very Unfair,Strongly Agree,Strongly Agree,Strongly Agree,Strongly Disagree,Strongly Disagree,Strongly Disagree,Strongly Disagree,Very Unfair,Strongly Agree,Strongly Agree,Strongly Agree,Strongly Disagree,Strongly Disagree,Strongly Disagree,Strongly Disagree,Very Unfair,Strongly Agree,Strongly Agree,Strongly Disagree,Strongly Disagree,Strongly Disagree,Neutral,Neutral
1581,3041,40-49,Bachelor,Male,,>100000,false,false,false,true,false,,ins,properties first,Very Unfair,Strongly Agree,Strongly Disagree,Strongly Disagree,Strongly Agree,Neutral,Strongly Agree,Strongly Agree,Very Unfair,Strongly Agree,Strongly Disagree,Strongly Disagree,Neutral,Neutral,Strongly Agree,Strongly Agree,Very Unfair,Strongly Agree,Strongly Disagree,Strongly Agree,Strongly Disagree,Strongly Disagree,Strongly Disagree,Strongly Disagree,Very Unfair,Strongly Agree,Strongly Disagree,Strongly Agree,Strongly Disagree,Neutral,Strongly Disagree,Strongly Disagree,Very Unfair,Somewhat Agree,Strongly Agree,Strongly Disagree,Neutral,Neutral,Strongly Disagree,,Very Unfair,Strongly Agree,Strongly Disagree,Strongly Agree,Neutral,Neutral,Strongly Disagree,Strongly Disagree,Very Unfair,Strongly Agree,Strongly Disagree,Strongly Agree,Strongly Disagree,Strongly Disagree,Strongly Disagree,Strongly Disagree,Very Unfair,Neutral,Strongly Agree,Strongly Disagree,Strongly Agree,Neutral,Strongly Agree,Strongly Agree
1582,485,30-39,Bachelor,Female,,25000-50000,true,false,false,false,false,,ins,fairness first,Neutral,Somewhat Agree,Somewhat Agree,Agree,Agree,,Somewhat Agree,Somewhat Agree,Unfair,Neutral,Somewhat Agree,Agree,Strongly Agree,Agree,Agree,Agree,Unfair,Somewhat Agree,Agree,Agree,Agree,Agree,Somewhat Agree,Somewhat Agree,Somewhat Unfair,Agree,Somewhat Agree,Agree,Agree,Agree,Somewhat Agree,Agree,Somewhat Unfair,Somewhat Agree,Agree,Somewhat Agree,Somewhat Agree,Agree,Agree,Somewhat Agree,Very Unfair,Somewhat Agree,Agree,Somewhat Agree,Agree,Agree,Agree,Agree,Unfair,Somewhat Agree,Somewhat Agree,Somewhat Agree,Agree,Agree,Somewhat Agree,Somewhat Agree,Neutral,Somewhat Agree,Agree,Somewhat Agree,Agree,Somewhat Agree,Agree,Somewhat Agree
1583,1371,30-39,High School,Male,,<25000,false,true,false,false,false,,ins,properties first,Fair,Strongly Agree,Strongly Disagree,Strongly Disagree,Strongly Disagree,Strongly Disagree,Strongly Disagree,Strongly Disagree,Very Unfair,Strongly Agree,Strongly Disagree,Strongly Disagree,Strongly Disagree,Strongly Disagree,Strongly Disagree,Strongly Disagree,Neutral,Strongly Agree,Somewhat Agree,Neutral,Strongly Disagree,Neutral,Somewhat Agree,Somewhat Agree,Somewhat Fair,Strongly Agree,Strongly Disagree,Somewhat Agree,Neutral,Somewhat Agree,Somewhat Agree,Somewhat Agree,,Strongly Agree,Strongly Disagree,Neutral,Neutral,Somewhat Agree,Somewhat Agree,Somewhat Agree,Very Unfair,Strongly Agree,Strongly Disagree,Strongly Agree,Neutral,Somewhat Disagree,Somewhat Agree,Somewhat Agree,Unfair,Strongly Agree,Strongly Disagree,Strongly Agree,Somewhat Disagree,Somewhat Disagree,Somewhat Disagree,Somewhat Disagree,Very Fair,Strongly Agree,Somewhat Agree,Neutral,Agree,Agree,Agree,Agree
1584,1822,18-29,Graduate,Female,,75000-100000,false,false,false,true,false,,ins,fairness first,Very Fair,Strongly Agree,Strongly Agree,Strongly Agree,Strongly Agree,Strongly Agree,Agree,Strongly Agree,Very Fair,Strongly Agree,Strongly Agree,Strongly Agree,Strongly Agree,Strongly Agree,Strongly Agree,Strongly Agree,Very Fair,Strongly Agree,Strongly Agree,Strongly Agree,Strongly Agree,Strongly Agree,Strongly Agree,Agree,Very Fair,Strongly Agree,Strongly Agree,Strongly Agree,Strongly Agree,Strongly Agree,Agree,Strongly Agree,Very Fair,Strongly Agree,Strongly Agree,Strongly Agree,Strongly Agree,Strongly Agree,Strongly Agree,Agree,Very Fair,Strongly Agree,Strongly Agree,Agree,Strongly Agree,Strongly Agree,Strongly Agree,Strongly Agree,Very Fair,Strongly Agree,Strongly Agree,Strongly Agree,Strongly Agree,Strongly Agree,Strongly Agree,Strongly Agree,Very Fair,Strongly Agree,Strongly Agree,Strongly Agree,Strongly Agree,Strongly Agree,Agree,Strongly Agree
1585,1606,18-29,Bachelor,Male,,25000-50000,false,true,false,false,false,,ins,fairness first,Very Fair,Strongly Agree,Agree,Strongly Agree,Somewhat Agree,,Strongly Agree,Strongly Agree,Fair,Agree,Strongly Agree,Strongly Agree,Strongly Agree,Strongly Agree,Strongly Agree,Somewhat Agree,Very Fair,Strongly Agree,Somewhat Agree,Strongly Agree,Agree,Strongly Agree,Strongly Agree,Agree,Very Fair,Strongly Agree,Agree,Strongly Agree,Strongly Agree,Strongly Agree,Strongly Agree,Agree,Very Fair,Agree,Strongly Agree,Agree,Strongly Agree,Somewhat Agree,Strongly Agree,Agree,Very Fair,Strongly Agree,Agree,Agree,Strongly Agree,Somewhat Agree,Strongly Agree,Agree,Somewhat Fair,Strongly Agree,Agree,Strongly Agree,Strongly Agree,Agree,Agree,Strongly Agree,Fair,Strongly Agree,Strongly Agree,Strongly Agree,Agree,Strongly Agree,Somewhat Agree,Strongly Agree
1586,929,30-39,High School,Male,,<25000,false,false,false,true,false,,ins,properties first,Very Fair,Agree,Somewhat Disagree,Strongly Disagree,Strongly Agree,Somewhat Agree,Agree,Neutral,Fair,Strongly Agree,Strongly Disagree,Strongly Disagree,Somewhat Agree,Disagree,Somewhat Agree,Disagree,Neutral,Agree,Neutral,Agree,Somewhat Disagree,Strongly Disagree,Strongly Disagree,Strongly Disagree,Neutral,Somewhat Agree,Neutral,Strongly Agree,Somewhat Agree,Somewhat Disagree,Disagree,Somewhat Disagree,Neutral,Agree,Somewhat Agree,Strongly Disagree,Somewhat Agree,Somewhat Disagree,Somewhat Disagree,Somewhat Disagree,Fair,Agree,Neutral,Strongly Agree,Somewhat Agree,Somewhat Disagree,Disagree,Somewhat Agree,Fair,Agree,Neutral,Strongly Agree,Agree,Neutral,Somewhat Agree,Somewhat Agree,Very Fair,Agree,Somewhat Agree,Strongly Disagree,Strongly Agree,Somewhat Agree,Somewhat Disagree,Somewhat Disagree
1587,2040,18-29,Bachelor,Male,,<25000,false,true,false,false,false,,ins,fairness first,Fair,Disagree,Strongly Agree,Strongly Disagree,Disagree,Disagree,Agree,Agree,Unfair,Agree,Strongly Agree,Somewhat Agree,Disagree,Somewhat Agree,Somewhat Disagree,Somewhat Disagree,Somewhat Fair,Somewhat Disagree,Strongly Agree,Agree,Somewhat Disagree,,Disagree,Agree,Somewhat Fair,Disagree,Strongly Agree,Agree,Disagree,Somewhat Disagree,Agree,Agree,Somewhat Fair,Somewhat Disagree,Strongly Agree,Agree,,Somewhat Disagree,Agree,Somewhat Agree,Somewhat Unfair,Somewhat Disagree,Strongly Agree,Somewhat Agree,Agree,Strongly Agree,Somewhat Disagree,Somewhat Agree,Somewhat Unfair,Somewhat Disagree,Strongly Agree,Strongly Agree,Somewhat Disagree,Somewhat Agree,Agree,Somewhat Agree,Unfair,Strongly Disagree,Strongly Agree,Somewhat Disagree,Agree,Agree,Agree,Disagree
1588,2466,30-39,Bachelor,Male,,50000-75000,false,false,false,true,false,,ins,properties first,Neutral,Neutral,Somewhat Disagree,Disagree,Neutral,Somewhat Agree,Neutral,Somewhat Agree,Neutral,Agree,Neutral,Somewhat Disagree,Disagree,Neutral,Neutral,Somewhat Agree,Neutral,Neutral,Somewhat Disagree,Somewhat Disagree,Neutral,Neutral,Somewhat Agree,Somewhat Agree,Fair,Agree,Disagree,Neutral,Somewhat Agree,Agree,Strongly Agree,Strongly Disagree,Neutral,Neutral,Neutral,Strongly Agree,Agree,Strongly Agree,Strongly Agree,Strongly Disagree,Fair,Strongly Agree,Neutral,Neutral,Neutral,Somewhat Disagree,Neutral,Neutral,Neutral,Somewhat Agree,Neutral,Somewhat Agree,Agree,Somewhat Agree,Somewhat Agree,Neutral,Somewhat Unfair,Somewhat Agree,Neutral,Neutral,Somewhat Disagree,Disagree,Neutral,Strongly Disagree
1589,946,30-39,Bachelor,Male,,50000-75000,false,false,false,false,false,WHITE,ins,fairness first,Fair,Neutral,Somewhat Agree,Agree,Strongly Agree,Agree,Agree,Strongly Agree,Somewhat Fair,Agree,Strongly Agree,Agree,Agree,Agree,Agree,Strongly Agree,Fair,Neutral,Somewhat Agree,Agree,Strongly Agree,Agree,Agree,Strongly Agree,Very Fair,Disagree,Somewhat Agree,Somewhat Agree,Agree,Agree,Strongly Agree,Strongly Agree,Fair,Somewhat Agree,Agree,Agree,Agree,Somewhat Agree,Somewhat Agree,Agree,Fair,Agree,Strongly Agree,Agree,Agree,Strongly Agree,Agree,Somewhat Agree,Very Fair,Agree,Strongly Agree,Agree,Somewhat Agree,Somewhat Agree,Agree,,Somewhat Fair,Agree,Agree,Somewhat Agree,Agree,Agree,Strongly Agree,Agree
1590,1303,18-29,Associate or Diploma,Male,,<25000,false,false,false,true,false,,ins,fairness first,Somewhat Fair,Agree,Disagree,Somewhat Disagree,Agree,Disagree,Somewhat Agree,Disagree,Very Unfair,Disagree,Somewhat Agree,Agree,Disagree,Agree,Somewhat Agree,Neutral,Neutral,Somewhat Disagree,Agree,Somewhat Agree,Neutral,Somewhat Disagree,Disagree,Disagree,Somewhat Fair,Agree,Disagree,Somewhat Disagree,Neutral,Agree,Somewhat Agree,Neutral,Fair,Agree,Disagree,Somewhat Disagree,Agree,Disagree,Disagree,Disagree,Neutral,Disagree,Agree,Disagree,Disagree,Agree,Agree,Somewhat Agree,Neutral,Somewhat Agree,Somewhat Disagree,Neutral,Disagree,Agree,Somewhat Agree,Somewhat Agree,Unfair,Disagree,Agree,Disagree,Somewhat Agree,Agree,Somewhat Agree,Somewhat Agree
1591,2801,40-49,Bachelor,Female,,>100000,false,false,false,true,false,,ins,fairness first,Very Unfair,Strongly Agree,Strongly Disagree,Strongly Disagree,Strongly Agree,Neutral,Strongly Agree,Strongly Agree,Very Unfair,Strongly Agree,Strongly Disagree,Strongly Disagree,Strongly Disagree,Neutral,Strongly Agree,Neutral,Very Unfair,Agree,Strongly Disagree,Strongly Agree,Strongly Disagree,Neutral,Neutral,Strongly Agree,Very Unfair,Agree,Strongly Disagree,Strongly Agree,Strongly Disagree,Neutral,Strongly Agree,Strongly Agree,Very Unfair,Neutral,Agree,Agree,,Neutral,Strongly Disagree,,Very Unfair,Agree,Strongly Disagree,Strongly Agree,Neutral,Neutral,Strongly Disagree,Strongly Disagree,Very Unfair,Strongly Agree,Strongly Disagree,Strongly Agree,Strongly Disagree,Neutral,Strongly Disagree,Strongly Disagree,Very Unfair,Somewhat Agree,Strongly Agree,Strongly Disagree,Strongly Agree,Neutral,Strongly Agree,Strongly Agree
1592,2442,30-39,Bachelor,Female,,75000-100000,false,false,false,true,false,,ins,properties first,Somewhat Fair,Strongly Agree,Strongly Disagree,Strongly Disagree,Agree,Neutral,Somewhat Agree,Agree,Unfair,Agree,Disagree,Strongly Disagree,Disagree,Somewhat Disagree,Neutral,Strongly Agree,Neutral,Somewhat Disagree,Disagree,Agree,Neutral,Disagree,Somewhat Disagree,Disagree,Fair,Agree,Disagree,Agree,Agree,Somewhat Disagree,Disagree,Disagree,Fair,Strongly Agree,Disagree,Somewhat Agree,Agree,Somewhat Disagree,Disagree,Disagree,Neutral,Agree,Disagree,Somewhat Agree,Neutral,Neutral,Somewhat Agree,Somewhat Agree,Somewhat Fair,Agree,Strongly Disagree,Agree,Somewhat Agree,Disagree,Disagree,Disagree,Somewhat Unfair,Somewhat Disagree,Somewhat Agree,Somewhat Disagree,Somewhat Agree,Somewhat Disagree,Agree,Somewhat Agree
1593,339,18-29,Bachelor,Male,,75000-100000,false,false,false,true,false,,ins,properties first,Fair,Strongly Agree,Agree,Strongly Disagree,Strongly Agree,Neutral,Strongly Agree,Strongly Agree,Somewhat Fair,Strongly Agree,Strongly Disagree,Somewhat Agree,Somewhat Disagree,Disagree,Strongly Agree,Strongly Agree,Unfair,Somewhat Agree,Disagree,Strongly Agree,Disagree,Strongly Disagree,Strongly Disagree,Strongly Disagree,Unfair,Somewhat Agree,Somewhat Disagree,Strongly Agree,Agree,Somewhat Agree,Somewhat Agree,Somewhat Agree,Somewhat Unfair,Strongly Agree,Strongly Agree,Strongly Agree,Agree,Somewhat Agree,Agree,Somewhat Agree,Unfair,Agree,Strongly Disagree,Strongly Agree,Agree,Strongly Agree,Agree,Agree,Unfair,Agree,Somewhat Disagree,Strongly Agree,Somewhat Agree,Somewhat Disagree,Somewhat Disagree,Somewhat Disagree,Very Fair,Disagree,Strongly Agree,Agree,Strongly Agree,Strongly Agree,Agree,Agree
1594,1973,30-39,Graduate,Male,,25000-50000,false,false,false,true,false,,ins,properties first,Neutral,Somewhat Disagree,Neutral,Somewhat Agree,Agree,Neutral,Somewhat Disagree,Somewhat Agree,Fair,Somewhat Disagree,Neutral,Somewhat Agree,Agree,Somewhat Agree,Neutral,Somewhat Disagree,Somewhat Unfair,Somewhat Disagree,Neutral,Somewhat Agree,Agree,Somewhat Agree,Somewhat Disagree,Neutral,Neutral,Somewhat Disagree,Neutral,Somewhat Agree,Neutral,Somewhat Disagree,Neutral,Somewhat Agree,Neutral,Neutral,Somewhat Disagree,Neutral,Somewhat Agree,Neutral,Somewhat Disagree,Neutral,Neutral,Somewhat Disagree,Neutral,Somewhat Agree,Agree,Somewhat Disagree,Neutral,Somewhat Agree,Somewhat Unfair,Somewhat Disagree,Neutral,Somewhat Agree,Neutral,Somewhat Disagree,Neutral,Somewhat Agree,Neutral,Somewhat Disagree,Neutral,Somewhat Agree,Neutral,Somewhat Disagree,Neutral,Somewhat Agree
1595,2566,60-69,,Female,,25000-50000,false,false,true,false,false,,ins,fairness first,Somewhat Fair,Agree,Disagree,Disagree,Somewhat Agree,Somewhat Agree,Agree,Disagree,Unfair,Somewhat Disagree,Somewhat Disagree,Somewhat Agree,Somewhat Disagree,Neutral,Somewhat Agree,Somewhat Agree,Fair,Agree,Disagree,Somewhat Agree,,Somewhat Disagree,Somewhat Agree,Somewhat Disagree,Unfair,Agree,Disagree,Somewhat Agree,Somewhat Disagree,Somewhat Disagree,Somewhat Agree,Disagree,Unfair,Somewhat Agree,Somewhat Disagree,Somewhat Agree,Agree,Somewhat Agree,Agree,Somewhat Disagree,Unfair,Agree,Disagree,,Somewhat Agree,Somewhat Agree,,Somewhat Disagree,Unfair,Somewhat Agree,Disagree,,Somewhat Agree,Somewhat Agree,Agree,,Somewhat Fair,Somewhat Agree,Somewhat Disagree,Somewhat Disagree,Agree,Somewhat Agree,Agree,Somewhat Disagree
1596,1765,30-39,Associate or Diploma,Male,,75000-100000,false,false,false,true,false,,ins,properties first,Somewhat Unfair,Agree,Somewhat Disagree,Strongly Disagree,Agree,Agree,Strongly Agree,Strongly Agree,Very Unfair,Somewhat Agree,Neutral,Somewhat Disagree,Somewhat Disagree,Agree,Strongly Agree,Strongly Agree,Unfair,Neutral,Somewhat Disagree,Somewhat Agree,Somewhat Disagree,Neutral,Somewhat Disagree,Somewhat Disagree,Somewhat Fair,Somewhat Agree,Disagree,Somewhat Agree,Neutral,Agree,Neutral,Somewhat Disagree,Somewhat Unfair,Neutral,Somewhat Agree,Somewhat Agree,Neutral,Agree,Somewhat Disagree,Somewhat Disagree,Somewhat Fair,Somewhat Agree,Disagree,Somewhat Agree,Strongly Agree,Disagree,Somewhat Disagree,Somewhat Disagree,Unfair,Somewhat Agree,Somewhat Agree,Somewhat Agree,Somewhat Agree,Neutral,Somewhat Agree,Somewhat Agree,Unfair,Somewhat Disagree,Somewhat Agree,Disagree,Strongly Agree,Agree,Strongly Agree,Strongly Agree
1597,2539,30-39,Bachelor,Female,,25000-50000,false,false,false,true,false,,ins,properties first,Somewhat Unfair,Agree,Somewhat Disagree,Strongly Disagree,Somewhat Disagree,Somewhat Agree,Strongly Agree,Neutral,Very Unfair,Somewhat Agree,Strongly Agree,Strongly Agree,Strongly Disagree,Agree,Strongly Agree,Neutral,Somewhat Unfair,Agree,Neutral,Strongly Agree,Disagree,Disagree,Strongly Agree,Strongly Agree,Somewhat Unfair,Strongly Agree,Strongly Disagree,Somewhat Disagree,Strongly Agree,Strongly Disagree,Strongly Disagree,Strongly Disagree,Somewhat Fair,Agree,Disagree,Disagree,Strongly Agree,Somewhat Disagree,Disagree,Disagree,Unfair,Strongly Agree,Somewhat Disagree,Neutral,Somewhat Agree,Somewhat Agree,Somewhat Agree,Neutral,Neutral,Strongly Agree,Disagree,Agree,Disagree,Disagree,Disagree,Somewhat Agree,Unfair,Disagree,Strongly Agree,Strongly Disagree,Somewhat Disagree,Somewhat Agree,Strongly Agree,Strongly Disagree
1598,1181,40-49,Associate or Diploma,Female,,>100000,false,false,false,true,false,,ins,fairness first,Fair,Strongly Agree,Strongly Agree,Strongly Disagree,Strongly Agree,Strongly Agree,Strongly Agree,Strongly Agree,Very Unfair,Strongly Agree,Strongly Agree,Strongly Disagree,Somewhat Agree,Strongly Agree,Strongly Agree,Strongly Agree,Very Unfair,Strongly Agree,Strongly Agree,Agree,Strongly Disagree,Strongly Agree,Strongly Disagree,Strongly Disagree,Very Unfair,Strongly Agree,Strongly Agree,Strongly Agree,Agree,Somewhat Agree,Strongly Disagree,Strongly Disagree,Very Unfair,Strongly Agree,Strongly Agree,Strongly Agree,Strongly Disagree,Strongly Agree,Strongly Disagree,Strongly Disagree,Very Unfair,Strongly Agree,Strongly Agree,Agree,Strongly Disagree,,Agree,Agree,Very Unfair,Strongly Agree,Strongly Agree,Strongly Agree,Somewhat Agree,Agree,Strongly Agree,Strongly Agree,Fair,Strongly Agree,Strongly Agree,Agree,Strongly Agree,Strongly Disagree,Strongly Disagree,Strongly Disagree
1599,1306,30-39,Associate or Diploma,Male,,25000-50000,false,true,false,false,false,,ins,fairness first,Very Fair,Strongly Agree,Disagree,Strongly Disagree,Agree,Strongly Agree,Strongly Agree,Strongly Agree,Very Unfair,Strongly Agree,Strongly Agree,Strongly Agree,Agree,Agree,Neutral,Neutral,Fair,Agree,Neutral,Strongly Agree,Agree,Agree,Strongly Agree,Agree,Very Unfair,Strongly Agree,Strongly Agree,Strongly Agree,Neutral,Strongly Agree,Strongly Disagree,Strongly Disagree,Fair,Strongly Agree,Disagree,Strongly Agree,Agree,Agree,Neutral,Neutral,Neutral,Agree,Agree,Strongly Agree,Disagree,Somewhat Agree,Agree,Agree,Unfair,Strongly Agree,Strongly Agree,Strongly Agree,Disagree,Neutral,Somewhat Disagree,Somewhat Disagree,Neutral,Agree,Strongly Agree,Disagree,Strongly Agree,Strongly Agree,Strongly Agree,Strongly Agree
1600,1825,30-39,Bachelor,Male,,75000-100000,false,false,true,false,false,,ins,fairness first,Fair,Agree,Somewhat Disagree,Disagree,Strongly Agree,Neutral,Disagree,Strongly Disagree,Very Fair,Strongly Agree,Strongly Disagree,Strongly Disagree,Somewhat Agree,Disagree,Strongly Disagree,Strongly Agree,Somewhat Fair,Strongly Agree,Strongly Disagree,Agree,Somewhat Agree,Disagree,Strongly Disagree,Strongly Disagree,Very Fair,Strongly Agree,Strongly Disagree,Strongly Agree,Strongly Agree,Somewhat Disagree,Somewhat Agree,Somewhat Agree,Very Fair,Strongly Agree,Agree,Somewhat Agree,Somewhat Agree,Neutral,Agree,Strongly Disagree,Fair,Somewhat Agree,Agree,Strongly Agree,,Strongly Disagree,Neutral,Strongly Disagree,Somewhat Unfair,Strongly Agree,Strongly Disagree,Strongly Agree,Somewhat Agree,Somewhat Disagree,Neutral,Agree,Neutral,Neutral,Strongly Agree,Strongly Disagree,Strongly Agree,Neutral,Agree,Neutral
1601,457,30-39,Bachelor,Male,,25000-50000,false,false,false,true,false,,ins,properties first,Very Fair,Strongly Agree,Strongly Disagree,Strongly Disagree,Agree,Disagree,Strongly Disagree,Strongly Disagree,Somewhat Unfair,Strongly Agree,Strongly Agree,Strongly Disagree,Somewhat Agree,Strongly Disagree,Neutral,Strongly Disagree,Fair,Strongly Agree,Disagree,Strongly Agree,Strongly Disagree,Strongly Disagree,Disagree,Disagree,Very Unfair,Neutral,Somewhat Disagree,Strongly Agree,Somewhat Agree,Neutral,Somewhat Agree,Somewhat Disagree,Somewhat Fair,Strongly Agree,Somewhat Disagree,Somewhat Agree,Neutral,Agree,Agree,Agree,Very Unfair,Neutral,Somewhat Agree,Strongly Agree,Somewhat Disagree,Agree,Strongly Agree,Strongly Agree,Unfair,Neutral,Somewhat Disagree,Somewhat Disagree,Disagree,Neutral,Agree,Agree,Fair,Neutral,Strongly Agree,Strongly Disagree,Agree,Agree,Somewhat Agree,Neutral
1602,555,50-59,High School,Female,,>100000,false,false,false,true,false,,ins,properties first,Somewhat Unfair,Agree,Agree,Neutral,Agree,Agree,Agree,Agree,Very Unfair,Strongly Disagree,Strongly Agree,Neutral,Strongly Disagree,Agree,Agree,Agree,Very Unfair,Disagree,Agree,Agree,Disagree,Agree,Somewhat Disagree,Somewhat Disagree,Unfair,Disagree,Agree,Agree,Somewhat Agree,Agree,Agree,Agree,Very Unfair,Somewhat Disagree,Strongly Disagree,Disagree,Disagree,Agree,Strongly Agree,Strongly Agree,Very Unfair,Disagree,Agree,Agree,Disagree,Agree,Agree,Agree,Unfair,Strongly Disagree,Agree,Agree,Neutral,Agree,Agree,Agree,Somewhat Unfair,Disagree,Agree,Disagree,Somewhat Agree,Agree,Agree,Agree
1603,1695,30-39,Bachelor,Female,,50000-75000,false,false,true,false,false,,ins,properties first,Unfair,Strongly Agree,Strongly Disagree,Strongly Disagree,Strongly Disagree,Neutral,Agree,Strongly Agree,Very Unfair,Strongly Agree,Strongly Disagree,Strongly Disagree,Strongly Disagree,Neutral,Agree,Neutral,Very Unfair,Strongly Disagree,Neutral,Strongly Agree,Strongly Disagree,Strongly Disagree,Strongly Disagree,Strongly Disagree,Fair,Somewhat Agree,Somewhat Disagree,Strongly Agree,Neutral,Neutral,Strongly Agree,Strongly Agree,Neutral,Strongly Agree,Strongly Disagree,Strongly Agree,Strongly Agree,Neutral,Neutral,Neutral,Very Unfair,Strongly Disagree,Strongly Agree,Strongly Agree,Somewhat Disagree,Neutral,Strongly Disagree,Strongly Disagree,Very Unfair,Strongly Agree,Strongly Disagree,Strongly Agree,Strongly Disagree,Agree,Strongly Agree,Strongly Agree,Very Unfair,Strongly Disagree,Strongly Disagree,Strongly Disagree,Neutral,Neutral,Neutral,Neutral
1604,1851,30-39,Associate or Diploma,Female,,50000-75000,false,false,true,false,false,,ins,properties first,Somewhat Unfair,Strongly Agree,Somewhat Agree,Agree,Neutral,Neutral,Somewhat Disagree,Somewhat Disagree,Somewhat Unfair,Somewhat Agree,Agree,Neutral,Somewhat Agree,Somewhat Agree,Neutral,Neutral,Somewhat Unfair,Somewhat Agree,Agree,Somewhat Agree,Neutral,Neutral,Somewhat Agree,Somewhat Disagree,Neutral,Agree,Somewhat Agree,,Neutral,Neutral,Agree,Somewhat Disagree,Neutral,Agree,Somewhat Agree,Somewhat Agree,Somewhat Agree,Somewhat Agree,Neutral,Somewhat Disagree,Neutral,Strongly Agree,Somewhat Agree,Somewhat Agree,Agree,Somewhat Agree,Agree,Neutral,Neutral,Somewhat Agree,Neutral,Agree,Somewhat Agree,Somewhat Disagree,Somewhat Agree,Agree,Unfair,Somewhat Agree,Somewhat Agree,Neutral,Neutral,Somewhat Agree,Somewhat Agree,Somewhat Disagree
1605,2015,40-49,Graduate,Female,,25000-50000,false,false,false,true,false,,ins,properties first,Fair,Strongly Agree,Disagree,Strongly Disagree,Agree,Somewhat Disagree,Agree,Strongly Agree,Neutral,Somewhat Disagree,Disagree,Somewhat Agree,Disagree,Somewhat Agree,Agree,Strongly Agree,Unfair,Agree,Disagree,Strongly Agree,Neutral,Disagree,Strongly Disagree,Strongly Disagree,Neutral,Agree,Disagree,Strongly Agree,Somewhat Agree,Neutral,Somewhat Agree,Somewhat Agree,Very Unfair,Strongly Agree,Strongly Disagree,Agree,Somewhat Disagree,Somewhat Disagree,Somewhat Disagree,Somewhat Disagree,Very Unfair,Agree,Somewhat Disagree,Somewhat Agree,Disagree,Somewhat Agree,Strongly Agree,Strongly Agree,Unfair,Strongly Agree,Disagree,Agree,Somewhat Agree,Agree,Strongly Agree,Strongly Agree,Fair,Somewhat Agree,Somewhat Disagree,Strongly Disagree,Strongly Agree,Somewhat Disagree,Agree,Agree
1606,847,40-49,Associate or Diploma,Female,,50000-75000,false,false,false,true,true,,ins,fairness first,Somewhat Fair,Somewhat Agree,Agree,Strongly Disagree,Somewhat Agree,Neutral,Neutral,Neutral,Very Unfair,Somewhat Agree,Agree,Neutral,Neutral,Agree,Agree,Neutral,Somewhat Fair,Somewhat Agree,Agree,Somewhat Agree,Neutral,Neutral,Neutral,Neutral,Somewhat Fair,Somewhat Agree,Agree,Somewhat Agree,Neutral,Neutral,Agree,Agree,Somewhat Fair,Somewhat Agree,Agree,Neutral,Neutral,Agree,Agree,Agree,Very Unfair,Neutral,Agree,Somewhat Agree,Neutral,Agree,Agree,Agree,Neutral,Somewhat Agree,Agree,Somewhat Agree,Neutral,Agree,Agree,Agree,Somewhat Fair,Somewhat Agree,Agree,Disagree,Somewhat Agree,Neutral,Neutral,Neutral
1607,1873,18-29,Associate or Diploma,Male,,<25000,false,true,false,false,false,,ins,fairness first,Fair,Somewhat Agree,Somewhat Disagree,Somewhat Agree,Somewhat Agree,Agree,Strongly Agree,Agree,Somewhat Fair,Somewhat Agree,Agree,Strongly Agree,Neutral,Agree,Agree,Strongly Agree,Fair,Strongly Agree,Somewhat Disagree,Somewhat Agree,Somewhat Agree,Agree,Strongly Agree,Somewhat Agree,Fair,Agree,Strongly Agree,Somewhat Agree,Neutral,Agree,Agree,Strongly Agree,Very Fair,Agree,Somewhat Agree,Somewhat Agree,Agree,Strongly Agree,Agree,Somewhat Agree,Very Fair,Agree,Neutral,Somewhat Agree,Somewhat Agree,Strongly Agree,Agree,Somewhat Agree,Somewhat Fair,Agree,Strongly Agree,Neutral,Somewhat Agree,Somewhat Agree,Agree,Strongly Agree,Somewhat Fair,Agree,Neutral,Somewhat Agree,Strongly Agree,Agree,Strongly Agree,Agree
1608,1385,40-49,High School,Female,,50000-75000,false,false,false,true,false,,ins,fairness first,Fair,Strongly Agree,Strongly Disagree,Strongly Disagree,Agree,Neutral,Somewhat Disagree,Somewhat Disagree,Very Unfair,Agree,Disagree,Neutral,Strongly Disagree,Neutral,Agree,Agree,Very Unfair,Disagree,Strongly Agree,Strongly Agree,Strongly Disagree,Strongly Agree,Strongly Agree,Strongly Agree,Somewhat Fair,Neutral,Agree,Agree,Disagree,Agree,Agree,Agree,Unfair,Neutral,Strongly Agree,Strongly Agree,Strongly Agree,Neutral,Neutral,Agree,Unfair,Strongly Agree,Somewhat Agree,Strongly Agree,Disagree,Disagree,Somewhat Agree,Somewhat Agree,Very Unfair,Agree,,Somewhat Agree,Strongly Agree,Somewhat Agree,Strongly Agree,Strongly Agree,Unfair,Neutral,Strongly Agree,Neutral,Somewhat Disagree,Agree,Strongly Agree,Strongly Agree
1609,2301,50-59,Graduate,Female,,50000-75000,false,false,false,true,false,,ins,fairness first,Somewhat Unfair,Somewhat Agree,Neutral,Somewhat Disagree,Neutral,Somewhat Agree,Neutral,Neutral,Very Unfair,Neutral,Somewhat Agree,Neutral,Somewhat Agree,Neutral,Somewhat Agree,Neutral,Somewhat Unfair,Neutral,Somewhat Agree,Neutral,Somewhat Agree,Neutral,Somewhat Agree,Neutral,Somewhat Fair,Neutral,Somewhat Agree,Neutral,Somewhat Disagree,Neutral,Somewhat Agree,Neutral,Somewhat Unfair,Somewhat Agree,Neutral,Somewhat Agree,Neutral,Somewhat Agree,Neutral,Somewhat Agree,Somewhat Unfair,Neutral,Somewhat Disagree,Neutral,Somewhat Agree,Neutral,Somewhat Disagree,Neutral,Very Unfair,Neutral,Somewhat Disagree,Neutral,Somewhat Disagree,Neutral,Somewhat Disagree,Neutral,Unfair,Neutral,Somewhat Agree,Neutral,Somewhat Disagree,Neutral,Somewhat Agree,Neutral
1610,540,50-59,High School,Female,,50000-75000,false,false,false,true,false,,ins,properties first,Somewhat Fair,Strongly Agree,Disagree,Strongly Disagree,Agree,Strongly Disagree,Strongly Disagree,Strongly Disagree,Somewhat Fair,Agree,Strongly Disagree,Disagree,Somewhat Agree,Somewhat Agree,Somewhat Agree,Somewhat Agree,Unfair,Somewhat Disagree,Agree,Strongly Agree,Disagree,,Disagree,Somewhat Agree,Unfair,Somewhat Disagree,Somewhat Agree,Agree,Disagree,Disagree,Disagree,Disagree,Very Unfair,Agree,Strongly Agree,,Somewhat Agree,Strongly Agree,Strongly Agree,Disagree,Unfair,Somewhat Disagree,Agree,Agree,Somewhat Disagree,Disagree,Somewhat Disagree,Somewhat Disagree,Fair,Disagree,Disagree,Somewhat Agree,Agree,Agree,Agree,Agree,Unfair,Disagree,Strongly Agree,Somewhat Disagree,Strongly Agree,Somewhat Agree,Strongly Agree,Somewhat Agree
1611,698,30-39,Less than high School,Male,,<25000,false,false,false,true,false,,ins,fairness first,Fair,Strongly Agree,Strongly Agree,Agree,Strongly Agree,Strongly Agree,Agree,Somewhat Agree,Unfair,Agree,Strongly Agree,Somewhat Agree,,Somewhat Disagree,Agree,Neutral,Fair,Strongly Agree,Strongly Agree,Somewhat Agree,Somewhat Agree,Somewhat Agree,Agree,Agree,Very Fair,Strongly Agree,Strongly Agree,Somewhat Agree,Agree,Agree,Strongly Agree,Somewhat Agree,Fair,Strongly Agree,Strongly Agree,Agree,,Somewhat Agree,Somewhat Disagree,Somewhat Disagree,Very Unfair,Strongly Agree,Strongly Agree,Agree,Somewhat Agree,Neutral,Somewhat Agree,Somewhat Agree,Somewhat Unfair,Strongly Agree,Strongly Agree,Agree,Somewhat Agree,Somewhat Agree,Neutral,Agree,Neutral,Strongly Agree,Strongly Agree,Agree,Agree,Strongly Agree,Agree,Strongly Agree
1612,1882,30-39,Bachelor,Female,,25000-50000,false,false,false,true,false,,ins,fairness first,Fair,Strongly Agree,Somewhat Agree,Strongly Disagree,Agree,Somewhat Disagree,Somewhat Agree,Strongly Disagree,Fair,Strongly Agree,Agree,Strongly Disagree,Neutral,Disagree,Agree,Strongly Agree,Fair,Strongly Agree,Somewhat Agree,Agree,Somewhat Disagree,Disagree,Strongly Disagree,Strongly Disagree,Neutral,Agree,Strongly Agree,Somewhat Agree,Somewhat Disagree,Disagree,Somewhat Disagree,Disagree,Very Unfair,Strongly Agree,Strongly Agree,Somewhat Agree,Disagree,Somewhat Agree,Somewhat Disagree,Disagree,Somewhat Fair,Somewhat Agree,Agree,Agree,Disagree,Somewhat Agree,Agree,Somewhat Agree,Unfair,Strongly Agree,Agree,Agree,Somewhat Disagree,Agree,Strongly Agree,Somewhat Agree,Fair,Somewhat Disagree,Strongly Agree,Disagree,Strongly Agree,Somewhat Agree,Agree,Disagree
1613,792,30-39,Associate or Diploma,Male,,25000-50000,false,true,false,false,false,,ins,properties first,Very Fair,Agree,Disagree,Strongly Disagree,Strongly Agree,Somewhat Disagree,Disagree,Somewhat Disagree,Fair,Strongly Agree,Strongly Disagree,Strongly Agree,Somewhat Agree,Disagree,Agree,Somewhat Agree,Very Unfair,Neutral,Somewhat Agree,Strongly Agree,Strongly Disagree,Somewhat Disagree,Disagree,Strongly Disagree,Unfair,Somewhat Agree,Neutral,Strongly Agree,Somewhat Agree,Neutral,Somewhat Agree,Somewhat Disagree,Unfair,Strongly Agree,Neutral,Disagree,Strongly Disagree,Disagree,Strongly Disagree,Strongly Disagree,Very Unfair,Somewhat Disagree,Somewhat Agree,Agree,Disagree,Neutral,Somewhat Agree,Strongly Disagree,Very Unfair,Agree,Somewhat Disagree,Strongly Agree,Neutral,Agree,Neutral,Neutral,Very Fair,Disagree,Strongly Agree,Strongly Disagree,Strongly Agree,Agree,Agree,Neutral
1614,1809,30-39,Bachelor,Male,,75000-100000,false,true,false,false,false,,ins,fairness first,Fair,Strongly Agree,Disagree,Strongly Disagree,Strongly Agree,Strongly Disagree,Somewhat Agree,Somewhat Agree,Very Unfair,Strongly Agree,Disagree,Somewhat Disagree,Somewhat Agree,Disagree,Somewhat Disagree,Disagree,Very Unfair,Strongly Agree,Somewhat Disagree,Strongly Agree,Somewhat Agree,Disagree,Disagree,Disagree,Unfair,Strongly Agree,Somewhat Disagree,Agree,Agree,Disagree,Somewhat Disagree,Somewhat Disagree,Somewhat Fair,Strongly Agree,Disagree,Agree,Somewhat Agree,Somewhat Agree,Somewhat Disagree,Disagree,Very Unfair,Disagree,Agree,Somewhat Agree,Strongly Disagree,Somewhat Agree,Agree,Agree,Somewhat Fair,Strongly Agree,Disagree,Strongly Agree,Agree,Disagree,Somewhat Disagree,Somewhat Disagree,Somewhat Fair,Strongly Disagree,Strongly Agree,Strongly Disagree,Agree,Disagree,Somewhat Agree,Disagree
1615,2043,18-29,Bachelor,Male,,25000-50000,false,true,false,false,false,,ins,properties first,Very Fair,Strongly Agree,Somewhat Agree,Agree,Neutral,Strongly Agree,Strongly Agree,Agree,Very Fair,Agree,Strongly Agree,Neutral,Somewhat Agree,Agree,Somewhat Agree,Strongly Agree,Somewhat Fair,Agree,Somewhat Agree,Strongly Agree,Agree,Neutral,Agree,Agree,Fair,Strongly Agree,Neutral,Somewhat Agree,Agree,Somewhat Agree,Strongly Agree,Agree,Fair,Somewhat Agree,Agree,Agree,Strongly Agree,Somewhat Agree,Neutral,Agree,Fair,Agree,Somewhat Agree,Strongly Agree,Agree,Strongly Agree,Agree,Somewhat Agree,Somewhat Fair,Agree,Neutral,Somewhat Agree,Somewhat Agree,Agree,Strongly Agree,Agree,Very Fair,Neutral,Agree,Somewhat Agree,Strongly Agree,Agree,Strongly Agree,Somewhat Agree
1616,479,30-39,Bachelor,Male,,75000-100000,false,false,false,false,false,native american,ins,fairness first,Somewhat Unfair,Neutral,Somewhat Agree,Agree,Agree,Strongly Agree,Strongly Agree,Agree,Fair,Somewhat Agree,Agree,Strongly Agree,Agree,Agree,Strongly Agree,Agree,Somewhat Fair,Somewhat Agree,Agree,Strongly Agree,Agree,Strongly Agree,Agree,Strongly Agree,Somewhat Fair,Somewhat Agree,Agree,Agree,Strongly Agree,Agree,Strongly Agree,Agree,Neutral,Neutral,Somewhat Agree,Agree,Somewhat Agree,Agree,Somewhat Agree,Agree,Neutral,Agree,Strongly Agree,Agree,Strongly Agree,Agree,Strongly Agree,Agree,Fair,Neutral,Somewhat Agree,Agree,Agree,Strongly Agree,Strongly Agree,Agree,Very Unfair,Somewhat Agree,Agree,Somewhat Agree,Agree,Agree,Strongly Agree,Agree
1617,472,60-69,High School,Female,,50000-75000,false,false,false,true,false,,ins,properties first,Fair,Agree,Somewhat Agree,Disagree,Agree,Somewhat Agree,Agree,Somewhat Agree,Unfair,Agree,Somewhat Agree,Disagree,Somewhat Agree,Somewhat Agree,Agree,Disagree,Unfair,Agree,Somewhat Agree,Agree,Agree,Somewhat Agree,Somewhat Agree,Somewhat Agree,Somewhat Fair,Agree,Somewhat Agree,Agree,Somewhat Agree,Somewhat Agree,Agree,Somewhat Agree,Fair,Agree,Somewhat Agree,Agree,Agree,Agree,Disagree,Disagree,Unfair,Agree,Somewhat Agree,Agree,Somewhat Agree,Somewhat Agree,Agree,Disagree,Unfair,Agree,Somewhat Agree,Agree,Somewhat Agree,Neutral,Somewhat Agree,Somewhat Agree,Fair,Somewhat Agree,Agree,Disagree,Agree,Agree,Agree,Agree
1618,1883,40-49,Bachelor,Male,,<25000,false,true,false,false,false,,ins,properties first,Somewhat Fair,Agree,Agree,Agree,Agree,Agree,Agree,Agree,Somewhat Fair,Agree,Agree,Agree,Agree,Agree,Agree,Agree,Fair,,Agree,Agree,Agree,Neutral,Neutral,Neutral,Somewhat Fair,Agree,Agree,Agree,Agree,Agree,Agree,Agree,Fair,Agree,Agree,Agree,Agree,Agree,Agree,Somewhat Agree,Very Fair,Agree,Agree,Agree,Agree,Agree,Agree,Somewhat Agree,Fair,Agree,Agree,Agree,Agree,Agree,Agree,Agree,Very Fair,Agree,Agree,Agree,Agree,Somewhat Agree,Agree,Agree
1619,1921,30-39,Bachelor,Male,,50000-75000,false,false,false,true,false,,ins,fairness first,Very Fair,Somewhat Agree,Neutral,Neutral,Somewhat Agree,Somewhat Disagree,Somewhat Disagree,Strongly Disagree,Somewhat Fair,Agree,Disagree,Somewhat Agree,Neutral,Somewhat Agree,Disagree,Disagree,Unfair,Somewhat Disagree,Somewhat Agree,Somewhat Agree,Somewhat Disagree,Somewhat Disagree,Neutral,Somewhat Agree,Fair,Agree,Disagree,Strongly Agree,Agree,Agree,Disagree,Agree,Very Fair,Agree,Disagree,Somewhat Disagree,Somewhat Agree,Somewhat Disagree,Neutral,Neutral,Somewhat Fair,Agree,Disagree,Disagree,Somewhat Agree,Somewhat Disagree,Somewhat Disagree,Somewhat Agree,Somewhat Fair,Agree,Disagree,Somewhat Agree,Somewhat Agree,Somewhat Disagree,Neutral,Somewhat Agree,Somewhat Fair,Somewhat Agree,Strongly Agree,Somewhat Disagree,Agree,Somewhat Agree,Agree,Agree
1620,300,60-69,Bachelor,Female,,25000-50000,false,false,false,true,false,,ins,properties first,Very Fair,Somewhat Agree,Somewhat Agree,Somewhat Agree,Agree,Agree,Somewhat Agree,,Fair,Somewhat Agree,Agree,Somewhat Agree,Agree,Somewhat Agree,Somewhat Agree,Agree,Fair,Somewhat Agree,Somewhat Agree,Agree,Somewhat Agree,Agree,Somewhat Agree,Agree,Very Fair,Somewhat Agree,Somewhat Agree,Somewhat Agree,Agree,Agree,Somewhat Agree,Agree,Somewhat Fair,Somewhat Agree,Somewhat Agree,Somewhat Agree,Agree,Somewhat Agree,Agree,Somewhat Agree,Very Fair,Somewhat Agree,Somewhat Agree,Agree,Agree,Somewhat Agree,Agree,Somewhat Agree,Somewhat Fair,Somewhat Agree,Agree,Somewhat Agree,Agree,Agree,Somewhat Agree,Agree,Fair,Somewhat Agree,Agree,Somewhat Agree,Agree,Agree,Somewhat Agree,Agree
1621,2238,30-39,Bachelor,Male,,25000-50000,false,true,false,true,false,,ins,properties first,Somewhat Fair,Agree,Agree,Neutral,Somewhat Agree,Somewhat Agree,Neutral,Somewhat Agree,Somewhat Fair,Somewhat Agree,Agree,Somewhat Agree,Agree,Somewhat Agree,Neutral,Neutral,Neutral,Somewhat Agree,Agree,Agree,Agree,Neutral,Neutral,Neutral,Very Fair,Agree,Somewhat Agree,Agree,Somewhat Agree,,Neutral,Somewhat Agree,Somewhat Fair,Strongly Agree,Agree,Strongly Agree,Somewhat Agree,Neutral,Neutral,Somewhat Agree,Fair,Somewhat Agree,Agree,Neutral,Somewhat Agree,Agree,Somewhat Agree,Neutral,Somewhat Fair,Neutral,Agree,Agree,Somewhat Agree,Agree,Neutral,Somewhat Agree,Fair,Somewhat Agree,Agree,Neutral,Somewhat Agree,Agree,Somewhat Agree,Neutral
1622,1421,30-39,Bachelor,Female,,50000-75000,false,false,false,true,false,,ins,properties first,Fair,Somewhat Agree,Disagree,Strongly Disagree,Strongly Agree,,Disagree,Somewhat Disagree,Fair,Somewhat Agree,Strongly Disagree,Strongly Agree,Neutral,Agree,Somewhat Disagree,Disagree,Fair,Somewhat Agree,Disagree,Strongly Agree,Disagree,Strongly Disagree,Disagree,Disagree,Somewhat Fair,Agree,Disagree,Neutral,Somewhat Agree,Disagree,Neutral,Agree,Unfair,Somewhat Agree,Agree,Neutral,Neutral,Somewhat Disagree,Strongly Disagree,Strongly Disagree,Unfair,Somewhat Disagree,Disagree,Somewhat Agree,Strongly Disagree,Neutral,Strongly Agree,Somewhat Agree,Neutral,Strongly Agree,Disagree,Agree,Somewhat Agree,Disagree,Neutral,Neutral,Very Fair,Agree,Somewhat Agree,Strongly Disagree,Strongly Agree,Disagree,Neutral,Neutral
1623,1229,30-39,High School,Male,,50000-75000,false,false,false,true,false,,ins,properties first,Fair,Somewhat Agree,Disagree,Strongly Disagree,Strongly Agree,Somewhat Agree,Agree,Somewhat Agree,Fair,Agree,Disagree,Strongly Disagree,Somewhat Agree,Somewhat Disagree,Somewhat Agree,Neutral,Neutral,Somewhat Agree,Somewhat Disagree,Somewhat Agree,Neutral,Neutral,Somewhat Agree,Somewhat Disagree,Somewhat Fair,Agree,Disagree,Somewhat Agree,Strongly Agree,Somewhat Agree,Agree,Agree,Unfair,Somewhat Agree,Agree,Somewhat Disagree,Somewhat Disagree,Somewhat Agree,Somewhat Agree,Somewhat Disagree,Neutral,Somewhat Disagree,Somewhat Disagree,Somewhat Agree,Disagree,Somewhat Disagree,Somewhat Agree,Disagree,Unfair,Agree,Somewhat Disagree,Strongly Agree,Agree,Somewhat Disagree,Somewhat Agree,Disagree,Fair,Neutral,Neutral,Disagree,Strongly Agree,Somewhat Agree,Somewhat Disagree,Somewhat Agree
1624,683,30-39,Bachelor,Male,,50000-75000,false,false,false,true,false,,ins,fairness first,Somewhat Fair,Agree,Somewhat Agree,Somewhat Disagree,Agree,Somewhat Agree,Strongly Agree,Somewhat Agree,Somewhat Unfair,Neutral,Somewhat Agree,Somewhat Disagree,Agree,Somewhat Agree,Strongly Agree,Neutral,Somewhat Fair,Somewhat Agree,Agree,Somewhat Disagree,Somewhat Agree,Neutral,Agree,Somewhat Agree,Somewhat Unfair,Agree,Neutral,Somewhat Agree,Somewhat Disagree,Agree,Somewhat Agree,Strongly Agree,Neutral,Somewhat Agree,Agree,Neutral,Somewhat Agree,Somewhat Disagree,Strongly Agree,Somewhat Agree,Very Unfair,Somewhat Agree,Agree,Neutral,Somewhat Agree,Somewhat Disagree,Somewhat Agree,Strongly Agree,Somewhat Fair,Agree,Neutral,Somewhat Agree,Neutral,Agree,Strongly Agree,Somewhat Agree,Very Unfair,Somewhat Agree,Agree,Neutral,Somewhat Agree,Agree,Strongly Agree,Somewhat Agree
1625,2211,18-29,Bachelor,Male,,>100000,false,true,false,false,false,,ins,fairness first,Fair,Agree,Neutral,Agree,Neutral,Neutral,Neutral,Agree,Unfair,Somewhat Disagree,Disagree,Somewhat Disagree,Somewhat Disagree,Disagree,Disagree,Disagree,Neutral,Agree,Agree,Agree,Somewhat Disagree,Somewhat Disagree,Somewhat Disagree,Somewhat Disagree,Fair,Agree,Somewhat Disagree,Neutral,Somewhat Agree,Neutral,Neutral,Neutral,Fair,Agree,Strongly Agree,Strongly Agree,Agree,Strongly Agree,Strongly Agree,Strongly Agree,Unfair,Agree,Somewhat Disagree,Agree,Strongly Agree,Agree,Agree,Neutral,Somewhat Fair,Agree,Strongly Agree,Agree,Agree,Agree,Agree,Agree,Unfair,Neutral,Strongly Agree,Somewhat Agree,Somewhat Disagree,Neutral,Neutral,Somewhat Disagree
1626,381,18-29,Associate or Diploma,Male,,25000-50000,false,false,false,true,false,,ins,fairness first,Fair,Agree,Somewhat Agree,Disagree,Agree,Somewhat Agree,Agree,Somewhat Disagree,Somewhat Fair,Agree,Somewhat Agree,Somewhat Disagree,Disagree,Somewhat Agree,Somewhat Agree,Disagree,Unfair,Somewhat Agree,Agree,Somewhat Agree,Somewhat Disagree,Somewhat Disagree,Somewhat Disagree,Somewhat Disagree,Somewhat Fair,Agree,Somewhat Agree,Agree,Somewhat Agree,Agree,Agree,Agree,Somewhat Fair,Somewhat Agree,Agree,Somewhat Disagree,Somewhat Agree,Somewhat Agree,Agree,Somewhat Disagree,Unfair,Agree,Agree,Somewhat Disagree,Disagree,Agree,Agree,Somewhat Disagree,Somewhat Fair,Somewhat Agree,Agree,Somewhat Agree,Somewhat Agree,Agree,Agree,Somewhat Agree,Somewhat Fair,Agree,Agree,Somewhat Agree,Agree,Somewhat Agree,Somewhat Agree,Somewhat Agree
1627,932,40-49,Bachelor,Male,,50000-75000,false,false,false,false,true,,ins,fairness first,Fair,Agree,Neutral,Disagree,Neutral,Neutral,Somewhat Agree,Neutral,Unfair,Agree,Neutral,Strongly Disagree,Disagree,Somewhat Agree,Somewhat Agree,Agree,Somewhat Unfair,Agree,Strongly Agree,Agree,Disagree,Somewhat Agree,Neutral,Somewhat Disagree,Neutral,Somewhat Agree,Neutral,Agree,Somewhat Disagree,Neutral,Neutral,Somewhat Agree,Somewhat Unfair,Agree,Agree,Agree,Disagree,Neutral,Neutral,Neutral,Somewhat Unfair,Somewhat Agree,Neutral,Agree,Somewhat Disagree,Somewhat Disagree,,Somewhat Agree,Neutral,Agree,Neutral,Somewhat Agree,Neutral,Somewhat Disagree,Neutral,Somewhat Agree,Somewhat Fair,Somewhat Agree,Agree,Disagree,Disagree,Neutral,Neutral,Somewhat Agree
1628,645,18-29,Bachelor,Male,,25000-50000,false,false,false,true,false,,ins,fairness first,Very Fair,Somewhat Agree,Strongly Agree,Agree,Agree,Agree,,Agree,Unfair,Somewhat Disagree,Neutral,Neutral,,Disagree,Disagree,Somewhat Disagree,Somewhat Unfair,Disagree,Disagree,Somewhat Disagree,Somewhat Disagree,Disagree,,Neutral,Somewhat Fair,Agree,Neutral,Agree,Somewhat Agree,Somewhat Disagree,Somewhat Agree,Agree,Fair,Agree,Strongly Agree,Agree,Somewhat Agree,Agree,Strongly Agree,Agree,Fair,Agree,Strongly Agree,Agree,Strongly Agree,Agree,Agree,Somewhat Agree,Somewhat Unfair,Somewhat Disagree,Disagree,Strongly Disagree,Disagree,Somewhat Disagree,Disagree,Disagree,Very Fair,Agree,Agree,Strongly Agree,,Agree,Agree,Agree
1629,851,18-29,Bachelor,Male,,25000-50000,false,true,false,false,false,,ins,fairness first,Somewhat Unfair,Disagree,Somewhat Disagree,Neutral,Somewhat Agree,Agree,Strongly Agree,Agree,Very Fair,Disagree,Somewhat Disagree,Neutral,Somewhat Agree,Agree,Strongly Agree,Agree,Somewhat Unfair,Disagree,,Somewhat Disagree,Neutral,Somewhat Agree,Agree,Strongly Agree,Unfair,Disagree,Disagree,Somewhat Disagree,Neutral,Somewhat Agree,Agree,Strongly Agree,Very Fair,Disagree,Somewhat Disagree,Neutral,Somewhat Agree,Agree,Strongly Agree,Agree,Fair,Disagree,Somewhat Disagree,Neutral,Somewhat Agree,Agree,Strongly Agree,Agree,Very Fair,Disagree,Somewhat Disagree,Neutral,Somewhat Agree,Neutral,Somewhat Agree,Agree,Very Unfair,Disagree,Somewhat Disagree,Neutral,Somewhat Agree,Agree,Strongly Agree,Somewhat Agree
1630,295,30-39,Bachelor,Male,,75000-100000,true,true,true,true,true,,ins,properties first,Somewhat Fair,Neutral,Somewhat Agree,Agree,Somewhat Agree,Neutral,Somewhat Agree,Agree,Very Unfair,Neutral,Somewhat Agree,Agree,Somewhat Agree,Neutral,Agree,Agree,Neutral,Neutral,Somewhat Agree,Agree,Somewhat Agree,Somewhat Agree,Neutral,Somewhat Agree,Somewhat Fair,Agree,Somewhat Agree,Agree,Strongly Agree,Agree,Somewhat Agree,Agree,Unfair,Somewhat Agree,Agree,Strongly Agree,Agree,Somewhat Agree,Agree,Strongly Agree,Somewhat Fair,Somewhat Agree,Agree,Strongly Agree,Agree,Somewhat Agree,Agree,Strongly Agree,Neutral,Neutral,Somewhat Agree,Agree,Somewhat Agree,Neutral,Somewhat Agree,Agree,Neutral,Somewhat Agree,Agree,Strongly Agree,Agree,Strongly Agree,Strongly Agree,Agree
1631,2451,40-49,Associate or Diploma,Female,,25000-50000,false,false,false,true,false,,ins,properties first,Somewhat Fair,Strongly Agree,Somewhat Disagree,Strongly Disagree,Agree,Agree,Agree,Strongly Disagree,Very Unfair,Strongly Agree,Disagree,Strongly Disagree,Somewhat Agree,Agree,Strongly Agree,Strongly Agree,Neutral,Agree,Somewhat Disagree,Strongly Agree,,,Somewhat Agree,Somewhat Agree,Neutral,Agree,Somewhat Disagree,Strongly Agree,Agree,Neutral,,Neutral,Somewhat Fair,Agree,Neutral,Agree,Strongly Agree,Neutral,Agree,Agree,Somewhat Unfair,Strongly Agree,Disagree,Strongly Agree,Strongly Agree,Strongly Agree,Strongly Agree,Strongly Agree,Somewhat Unfair,Strongly Agree,Somewhat Disagree,Somewhat Agree,Strongly Agree,Strongly Agree,Strongly Agree,Strongly Agree,Unfair,Somewhat Disagree,Strongly Agree,Neutral,Strongly Agree,Strongly Agree,Strongly Agree,Strongly Agree
1632,1420,40-49,Associate or Diploma,Female,,>100000,false,false,false,true,false,,ins,fairness first,Very Unfair,Strongly Agree,Strongly Agree,Strongly Disagree,Strongly Disagree,Strongly Disagree,Strongly Disagree,Agree,Unfair,Strongly Agree,Strongly Agree,Somewhat Agree,Strongly Disagree,Strongly Disagree,Strongly Disagree,Agree,Very Fair,Agree,Strongly Agree,Agree,Strongly Disagree,Strongly Disagree,Strongly Disagree,Strongly Disagree,Fair,Agree,Strongly Agree,Neutral,Strongly Disagree,Disagree,Disagree,Strongly Disagree,Neutral,Somewhat Agree,Strongly Agree,Strongly Agree,Strongly Disagree,Disagree,Disagree,Strongly Disagree,Unfair,Somewhat Agree,Strongly Agree,Strongly Agree,Strongly Disagree,Strongly Disagree,Strongly Disagree,Somewhat Agree,Neutral,Somewhat Agree,Strongly Agree,Agree,Strongly Disagree,Disagree,Disagree,Somewhat Agree,Fair,Agree,Strongly Agree,Neutral,Strongly Disagree,Strongly Disagree,Strongly Disagree,Strongly Disagree
1633,2338,30-39,Bachelor,Female,,50000-75000,false,false,false,true,false,,ins,properties first,Somewhat Fair,Somewhat Agree,Somewhat Disagree,Strongly Disagree,Agree,Neutral,Somewhat Agree,Somewhat Agree,Very Unfair,Somewhat Agree,Somewhat Disagree,Neutral,Somewhat Disagree,Disagree,Somewhat Agree,Somewhat Agree,Neutral,Somewhat Agree,Somewhat Disagree,Neutral,Neutral,Somewhat Disagree,Somewhat Disagree,Somewhat Disagree,Somewhat Unfair,Neutral,Somewhat Agree,Neutral,Somewhat Agree,Neutral,Agree,Agree,Somewhat Fair,Strongly Agree,Agree,Agree,Neutral,Somewhat Agree,Neutral,Somewhat Disagree,Very Unfair,Somewhat Disagree,Neutral,Somewhat Agree,Neutral,Somewhat Agree,Somewhat Agree,Somewhat Agree,Somewhat Fair,Somewhat Agree,Somewhat Disagree,Somewhat Agree,Somewhat Agree,Somewhat Agree,Agree,Agree,Unfair,Somewhat Disagree,Somewhat Agree,Disagree,Agree,Somewhat Agree,Somewhat Agree,Somewhat Agree
1634,2712,18-29,Bachelor,Male,,25000-50000,false,false,false,true,false,,ins,properties first,Somewhat Fair,Agree,Somewhat Disagree,Agree,Somewhat Disagree,Disagree,Somewhat Disagree,Agree,Fair,Agree,Somewhat Disagree,Agree,Disagree,Somewhat Disagree,Somewhat Disagree,Somewhat Disagree,Somewhat Unfair,Somewhat Disagree,Agree,Agree,Agree,Somewhat Agree,Somewhat Agree,Agree,Somewhat Fair,Disagree,Somewhat Agree,Somewhat Agree,Somewhat Agree,Agree,Agree,Somewhat Disagree,Somewhat Fair,Somewhat Disagree,Agree,Disagree,Somewhat Disagree,Somewhat Disagree,Disagree,Somewhat Agree,Somewhat Unfair,Agree,Somewhat Agree,Somewhat Disagree,Disagree,Agree,Somewhat Disagree,Somewhat Disagree,Somewhat Unfair,Agree,Disagree,Somewhat Disagree,Somewhat Disagree,Disagree,Somewhat Agree,Somewhat Disagree,Somewhat Fair,Somewhat Disagree,Agree,Somewhat Agree,Somewhat Agree,Somewhat Disagree,Somewhat Agree,Somewhat Agree
1635,2527,60-69,Associate or Diploma,Female,,<25000,false,false,false,true,false,,ins,fairness first,Somewhat Fair,Agree,Strongly Agree,Neutral,Strongly Agree,Somewhat Agree,Agree,Strongly Agree,Somewhat Fair,Strongly Agree,Strongly Agree,Somewhat Disagree,Agree,Somewhat Agree,Somewhat Agree,Disagree,Very Unfair,Agree,Strongly Agree,Somewhat Agree,Somewhat Disagree,Somewhat Disagree,Disagree,Neutral,Somewhat Unfair,Strongly Agree,Somewhat Agree,Strongly Agree,Disagree,Somewhat Disagree,Neutral,Somewhat Agree,Somewhat Fair,Somewhat Agree,Strongly Agree,Neutral,Agree,Neutral,Somewhat Agree,Somewhat Disagree,Somewhat Fair,Somewhat Agree,Agree,Neutral,Disagree,Somewhat Disagree,Neutral,Somewhat Disagree,Somewhat Fair,Disagree,Strongly Agree,Strongly Agree,Somewhat Disagree,Somewhat Disagree,Neutral,Somewhat Agree,Very Unfair,Somewhat Agree,Strongly Agree,Somewhat Agree,Somewhat Agree,Agree,Somewhat Agree,Somewhat Agree
1636,798,18-29,High School,Male,,25000-50000,false,false,false,true,false,,ins,fairness first,Fair,Agree,Somewhat Disagree,Neutral,Agree,Disagree,Agree,Agree,Neutral,Agree,Agree,Disagree,Somewhat Agree,Neutral,Neutral,Neutral,Unfair,Disagree,Disagree,Disagree,Disagree,Disagree,Disagree,Disagree,Somewhat Unfair,Disagree,Disagree,Disagree,Disagree,Disagree,Disagree,Disagree,Unfair,Disagree,Disagree,Disagree,Disagree,Disagree,Disagree,Disagree,Somewhat Unfair,Disagree,Disagree,Disagree,Disagree,Disagree,Disagree,Disagree,Unfair,Disagree,Disagree,Disagree,Disagree,Disagree,Disagree,Disagree,Fair,Disagree,Somewhat Agree,Neutral,Strongly Agree,Agree,Agree,Agree
1637,1200,60-69,Bachelor,Female,,25000-50000,false,false,false,false,true,,ins,properties first,Neutral,Agree,Strongly Agree,Agree,Strongly Agree,Agree,Strongly Agree,Agree,Neutral,Disagree,Somewhat Disagree,Neutral,Somewhat Disagree,Neutral,Somewhat Disagree,Neutral,Neutral,Agree,Strongly Agree,Agree,Strongly Agree,Agree,Strongly Agree,Agree,Neutral,Somewhat Agree,Agree,Strongly Agree,Agree,Strongly Agree,Agree,Strongly Agree,Neutral,Somewhat Disagree,Neutral,Somewhat Agree,Agree,Strongly Agree,Agree,Strongly Agree,Neutral,Agree,Strongly Agree,Agree,Strongly Agree,Agree,Strongly Agree,Agree,Neutral,Somewhat Agree,Agree,Somewhat Agree,Agree,Somewhat Agree,Agree,Somewhat Agree,Neutral,Neutral,Somewhat Agree,Agree,Somewhat Agree,Agree,Somewhat Agree,Agree
1638,496,50-59,Bachelor,Male,,>100000,false,false,false,true,true,,ins,fairness first,Somewhat Fair,Strongly Disagree,Strongly Agree,Strongly Disagree,Strongly Disagree,Somewhat Agree,Agree,Agree,Very Unfair,Disagree,Agree,Agree,Disagree,Somewhat Agree,Agree,Agree,Very Unfair,Disagree,Agree,Strongly Agree,Disagree,Somewhat Agree,Agree,Strongly Agree,Somewhat Unfair,Disagree,Agree,Strongly Agree,Disagree,Somewhat Agree,Agree,Agree,Somewhat Unfair,Disagree,Somewhat Agree,Agree,Disagree,Somewhat Agree,Agree,Strongly Agree,Somewhat Unfair,Disagree,Agree,Strongly Agree,Disagree,Somewhat Agree,Agree,Agree,Somewhat Fair,Somewhat Agree,Disagree,Somewhat Agree,Somewhat Agree,Agree,Strongly Agree,Strongly Agree,Fair,Somewhat Agree,Agree,,Somewhat Agree,Agree,Strongly Agree,Strongly Agree
1639,776,18-29,Graduate,Female,,50000-75000,false,true,false,false,false,,ins,fairness first,Neutral,Strongly Agree,Strongly Disagree,Strongly Disagree,Neutral,Somewhat Disagree,Agree,Strongly Agree,Very Unfair,Agree,Strongly Disagree,Neutral,Strongly Disagree,Neutral,Strongly Agree,Strongly Agree,Somewhat Unfair,Somewhat Agree,Somewhat Agree,Agree,Somewhat Disagree,Disagree,Disagree,Somewhat Disagree,Fair,Agree,Disagree,Agree,Agree,Neutral,Somewhat Disagree,Somewhat Disagree,Fair,Strongly Agree,Neutral,Neutral,Agree,Agree,Somewhat Disagree,Disagree,Neutral,Strongly Agree,Disagree,Somewhat Agree,Neutral,Somewhat Agree,Somewhat Agree,Somewhat Agree,Somewhat Unfair,Agree,Neutral,Somewhat Agree,Somewhat Agree,Agree,Somewhat Agree,Somewhat Agree,Unfair,Somewhat Disagree,Strongly Agree,Strongly Disagree,Somewhat Agree,Somewhat Agree,Agree,Agree
1640,1486,30-39,Bachelor,Female,,75000-100000,false,false,false,true,false,,ins,properties first,Unfair,Somewhat Disagree,Neutral,Neutral,Somewhat Disagree,Disagree,Disagree,Somewhat Disagree,Fair,Somewhat Disagree,Neutral,Somewhat Agree,Somewhat Agree,Neutral,Neutral,Somewhat Agree,Somewhat Fair,Disagree,Disagree,Somewhat Disagree,Neutral,Neutral,Neutral,Somewhat Disagree,Neutral,Somewhat Disagree,Neutral,Neutral,Somewhat Agree,Somewhat Disagree,Somewhat Disagree,Neutral,Neutral,Somewhat Disagree,Somewhat Disagree,Neutral,Somewhat Agree,Neutral,Neutral,Somewhat Disagree,Fair,Neutral,Neutral,Somewhat Disagree,Disagree,Somewhat Disagree,Somewhat Disagree,Somewhat Agree,Neutral,Somewhat Agree,Somewhat Agree,Neutral,Neutral,Neutral,Somewhat Agree,Somewhat Agree,Somewhat Unfair,Somewhat Disagree,Neutral,Neutral,Neutral,Somewhat Agree,Agree,Neutral
1641,667,18-29,Graduate,Male,,<25000,false,true,false,true,false,,ins,fairness first,Very Fair,Agree,Neutral,Strongly Disagree,Strongly Agree,Strongly Disagree,Disagree,Strongly Agree,Somewhat Fair,Somewhat Agree,Agree,Somewhat Agree,Somewhat Agree,Strongly Disagree,Somewhat Agree,Strongly Agree,Fair,Somewhat Agree,Somewhat Disagree,Strongly Agree,Neutral,Strongly Disagree,Disagree,Disagree,Fair,Somewhat Agree,Somewhat Agree,Somewhat Agree,Agree,Neutral,Somewhat Agree,Neutral,Very Fair,Somewhat Agree,Agree,Neutral,Strongly Agree,Somewhat Agree,Neutral,Somewhat Agree,Fair,Agree,Somewhat Disagree,Strongly Agree,Somewhat Agree,Somewhat Agree,Disagree,Somewhat Agree,Fair,Agree,Somewhat Agree,Agree,Agree,Neutral,Disagree,Somewhat Agree,Somewhat Fair,Neutral,Strongly Agree,Neutral,Strongly Agree,Somewhat Disagree,Disagree,Somewhat Agree
1642,675,40-49,Bachelor,Female,,75000-100000,false,false,false,true,false,,ins,fairness first,Very Unfair,Agree,Agree,Strongly Disagree,Agree,Neutral,Strongly Agree,Strongly Disagree,Very Unfair,Agree,Agree,Neutral,Neutral,Agree,Agree,Agree,Very Unfair,Agree,Agree,Strongly Agree,Somewhat Agree,Neutral,Agree,Neutral,Very Unfair,Agree,Agree,Strongly Agree,Strongly Agree,Neutral,Agree,Neutral,Very Unfair,Agree,Agree,Agree,Neutral,Neutral,Strongly Agree,Strongly Disagree,Very Unfair,Agree,Agree,Strongly Agree,Somewhat Agree,Neutral,Strongly Agree,Somewhat Agree,Very Unfair,Agree,Agree,Strongly Agree,Strongly Agree,Neutral,Strongly Agree,Neutral,Very Unfair,Agree,Agree,Neutral,Agree,Neutral,Agree,Strongly Agree
1643,1764,30-39,Associate or Diploma,Male,,25000-50000,false,false,false,true,true,,ins,fairness first,Somewhat Unfair,Somewhat Disagree,Somewhat Disagree,Somewhat Disagree,Neutral,Somewhat Disagree,Neutral,Somewhat Disagree,Somewhat Unfair,Somewhat Agree,Neutral,Somewhat Agree,Somewhat Agree,Somewhat Agree,Neutral,Somewhat Agree,Somewhat Fair,Somewhat Agree,Somewhat Agree,Somewhat Agree,Somewhat Agree,Somewhat Agree,Neutral,Neutral,Somewhat Fair,Somewhat Agree,Somewhat Agree,Neutral,Somewhat Agree,Somewhat Agree,Neutral,Somewhat Agree,Somewhat Fair,Somewhat Agree,Somewhat Agree,Somewhat Agree,Somewhat Agree,Neutral,Neutral,Somewhat Agree,Somewhat Fair,Somewhat Agree,Somewhat Agree,Somewhat Agree,Neutral,Neutral,Somewhat Agree,Somewhat Agree,Fair,Somewhat Agree,Somewhat Agree,Somewhat Agree,Somewhat Agree,Neutral,Neutral,Somewhat Agree,Neutral,Somewhat Agree,Somewhat Agree,Somewhat Agree,Somewhat Agree,Neutral,Neutral,Neutral
1644,454,18-29,Graduate,Male,,75000-100000,false,false,false,true,false,,ins,fairness first,Neutral,Strongly Agree,Neutral,Strongly Agree,Neutral,Agree,Strongly Agree,Somewhat Agree,Neutral,Somewhat Disagree,Somewhat Disagree,Neutral,Agree,Agree,Somewhat Agree,Agree,Neutral,Strongly Agree,Agree,Somewhat Agree,Agree,Strongly Agree,Agree,Strongly Agree,Neutral,Agree,Agree,Neutral,Agree,Agree,Strongly Agree,Somewhat Agree,Somewhat Unfair,Agree,Strongly Agree,Agree,Neutral,Strongly Agree,Agree,Agree,Somewhat Fair,Agree,Neutral,Somewhat Agree,Strongly Agree,Agree,Somewhat Disagree,Somewhat Agree,Neutral,Somewhat Agree,Agree,Agree,Strongly Agree,Agree,Somewhat Agree,Agree,Somewhat Unfair,Agree,Agree,Neutral,Strongly Agree,Strongly Agree,Strongly Agree,Somewhat Agree
1645,2000,60-69,Bachelor,Male,,50000-75000,false,false,false,true,false,,ins,fairness first,Fair,Agree,Disagree,Strongly Disagree,Somewhat Agree,Somewhat Disagree,Neutral,Strongly Disagree,Fair,Agree,Somewhat Disagree,Somewhat Disagree,Neutral,Somewhat Disagree,Somewhat Disagree,Neutral,Somewhat Unfair,Agree,Somewhat Disagree,Agree,,Disagree,Somewhat Disagree,Neutral,Neutral,Somewhat Agree,Disagree,Somewhat Agree,Disagree,Disagree,Somewhat Agree,Neutral,Fair,Strongly Agree,Somewhat Agree,Agree,Somewhat Agree,Disagree,Somewhat Agree,Disagree,Somewhat Fair,,Disagree,Agree,Neutral,Disagree,Somewhat Agree,Neutral,Neutral,Strongly Agree,Somewhat Disagree,Somewhat Agree,Somewhat Disagree,Disagree,Somewhat Agree,Somewhat Disagree,Somewhat Fair,Somewhat Disagree,Strongly Agree,Disagree,Agree,Neutral,Somewhat Agree,Disagree
1646,647,30-39,Bachelor,Male,,50000-75000,false,false,false,true,false,,ins,fairness first,Somewhat Fair,Agree,Disagree,Somewhat Disagree,Neutral,Somewhat Disagree,Somewhat Disagree,Neutral,Very Unfair,Strongly Agree,Strongly Disagree,Strongly Disagree,Disagree,Somewhat Agree,Agree,Agree,Unfair,Strongly Agree,Strongly Disagree,Disagree,Somewhat Agree,Neutral,Agree,Agree,Somewhat Fair,Strongly Agree,Disagree,Disagree,Somewhat Agree,Agree,Agree,Agree,Neutral,Disagree,Agree,Agree,Neutral,Disagree,Strongly Disagree,Neutral,Unfair,Agree,Somewhat Disagree,Neutral,Somewhat Agree,Agree,Strongly Agree,Agree,Somewhat Fair,Agree,Disagree,Neutral,Somewhat Disagree,Agree,Strongly Agree,Somewhat Agree,Fair,Disagree,Strongly Agree,Neutral,Agree,Somewhat Agree,Somewhat Agree,Somewhat Agree
1647,481,30-39,Graduate,Female,,>100000,false,false,false,true,false,,ins,fairness first,Somewhat Unfair,Somewhat Agree,Neutral,Strongly Disagree,Somewhat Agree,Somewhat Agree,Somewhat Agree,Agree,Unfair,Agree,Somewhat Agree,Somewhat Agree,Neutral,Somewhat Agree,Agree,Strongly Agree,Very Unfair,Somewhat Agree,Somewhat Agree,Strongly Agree,Neutral,Somewhat Agree,Neutral,Neutral,Neutral,Somewhat Agree,Somewhat Agree,Agree,Disagree,Somewhat Agree,Neutral,Neutral,Somewhat Unfair,Agree,Strongly Agree,Agree,Neutral,Somewhat Agree,Neutral,Neutral,Somewhat Fair,Neutral,Neutral,Agree,Neutral,Somewhat Agree,Neutral,Neutral,Somewhat Fair,Somewhat Agree,Somewhat Agree,Agree,Somewhat Agree,Somewhat Agree,Neutral,Neutral,Somewhat Fair,Disagree,Strongly Agree,Disagree,Agree,Agree,Somewhat Agree,Somewhat Agree
1648,781,30-39,Bachelor,Male,,75000-100000,true,false,false,false,false,,ins,fairness first,Somewhat Fair,Strongly Agree,Agree,Somewhat Disagree,Somewhat Agree,Neutral,Agree,Agree,Neutral,Agree,Agree,Somewhat Disagree,Neutral,Neutral,Agree,Strongly Agree,Somewhat Fair,Somewhat Agree,Strongly Agree,Somewhat Disagree,Somewhat Disagree,Neutral,Neutral,Somewhat Agree,Somewhat Fair,Agree,Somewhat Agree,Agree,Somewhat Agree,Neutral,Somewhat Agree,Somewhat Agree,Fair,Disagree,Strongly Agree,Strongly Agree,Agree,Somewhat Disagree,Somewhat Disagree,Neutral,Unfair,Agree,Agree,Neutral,Somewhat Agree,Neutral,Somewhat Agree,Neutral,Unfair,Strongly Agree,Strongly Agree,Agree,Somewhat Agree,Neutral,Somewhat Agree,Neutral,Somewhat Fair,Somewhat Agree,Agree,Somewhat Agree,Agree,Neutral,Neutral,Somewhat Agree
1649,801,30-39,Graduate,Male,,<25000,false,true,false,false,false,,ins,properties first,Very Fair,Agree,Strongly Disagree,Strongly Disagree,Strongly Agree,Agree,Disagree,Disagree,Somewhat Fair,Agree,Disagree,Strongly Disagree,Somewhat Agree,Somewhat Agree,Agree,Agree,Very Fair,Agree,Somewhat Disagree,Neutral,Somewhat Agree,Somewhat Agree,Agree,Agree,Somewhat Unfair,Somewhat Disagree,Disagree,Somewhat Agree,Somewhat Disagree,Somewhat Disagree,Disagree,Disagree,Fair,Neutral,Strongly Agree,Strongly Agree,Somewhat Disagree,Neutral,Somewhat Disagree,Somewhat Disagree,Unfair,Somewhat Disagree,Strongly Disagree,Somewhat Agree,Somewhat Disagree,Disagree,Somewhat Disagree,Disagree,Somewhat Fair,Disagree,Strongly Disagree,Somewhat Agree,Agree,Somewhat Agree,Agree,Agree,Very Fair,Somewhat Agree,Agree,Disagree,Agree,Somewhat Agree,Strongly Agree,Strongly Agree
1650,2225,18-29,Bachelor,Male,,75000-100000,false,false,false,true,false,,ins,properties first,Fair,Agree,Agree,Disagree,Neutral,Neutral,Agree,Neutral,Fair,Agree,Disagree,Disagree,Disagree,Disagree,Agree,Agree,Unfair,Agree,Neutral,Disagree,Somewhat Disagree,Somewhat Disagree,Somewhat Disagree,Somewhat Disagree,Neutral,Somewhat Disagree,Somewhat Disagree,Agree,Neutral,Strongly Agree,Somewhat Agree,Somewhat Agree,Neutral,Neutral,Somewhat Agree,Agree,Agree,Somewhat Agree,Neutral,Neutral,Unfair,Somewhat Agree,Disagree,Somewhat Agree,Somewhat Agree,Somewhat Disagree,Somewhat Disagree,Somewhat Disagree,Unfair,Neutral,Agree,Agree,Neutral,Neutral,Somewhat Agree,Somewhat Agree,Fair,Somewhat Disagree,Somewhat Agree,Disagree,Agree,Neutral,Agree,Agree
1651,665,40-49,Graduate,Male,,50000-75000,false,false,false,true,false,,ins,fairness first,Somewhat Fair,Strongly Agree,Somewhat Disagree,Strongly Disagree,Agree,Somewhat Disagree,Agree,Agree,Unfair,Agree,Disagree,Somewhat Disagree,Disagree,Agree,Strongly Agree,Strongly Agree,Somewhat Fair,Strongly Agree,Somewhat Disagree,Agree,Disagree,Disagree,Somewhat Disagree,Strongly Disagree,Very Fair,Agree,Disagree,Agree,Strongly Agree,Disagree,Disagree,Disagree,Very Fair,Somewhat Agree,Somewhat Agree,Agree,Strongly Agree,Somewhat Agree,Disagree,Disagree,Somewhat Fair,Somewhat Agree,Disagree,Somewhat Agree,Disagree,Somewhat Disagree,Disagree,Somewhat Disagree,Somewhat Fair,Somewhat Agree,Somewhat Disagree,Somewhat Agree,Somewhat Agree,Somewhat Disagree,Somewhat Disagree,Somewhat Disagree,Very Fair,Somewhat Disagree,Strongly Agree,Disagree,Strongly Agree,Somewhat Agree,Somewhat Agree,Somewhat Agree
1652,1468,40-49,Bachelor,Female,,50000-75000,false,false,false,true,false,,ins,fairness first,Fair,Agree,Somewhat Agree,Somewhat Agree,Somewhat Agree,Somewhat Agree,Somewhat Disagree,Somewhat Agree,Unfair,Agree,Somewhat Disagree,Agree,Agree,,Somewhat Agree,Somewhat Agree,Unfair,Agree,Somewhat Agree,Agree,Agree,Somewhat Agree,Agree,Agree,Somewhat Unfair,Agree,Agree,Strongly Agree,Strongly Agree,Strongly Agree,Strongly Agree,Strongly Agree,Fair,Agree,Neutral,Somewhat Agree,Somewhat Agree,Somewhat Disagree,Agree,Agree,Fair,Somewhat Disagree,Somewhat Disagree,,Agree,Somewhat Disagree,Somewhat Agree,Somewhat Agree,Fair,Somewhat Disagree,Agree,Agree,Agree,Somewhat Agree,Somewhat Agree,Agree,Unfair,Agree,Neutral,Somewhat Agree,Somewhat Agree,Agree,Somewhat Agree,Neutral
