Study ID,Completion Time (s),Respondent Age,Respondent Education,Respondent Gender,Respondent Gender Other,Respondent Income,Aboriginal,Asian,Black,Caucasian,Hispanic,Ethnicity Other,Domain,Question Order Version,Age,Age Reliability,Age Privacy,Age Volitionality,Age Causes Outcome,Age Causes Cycle,Age Causes Disparity,Age Caused by Group,Gender,Gender Reliability,Gender Privacy,Gender Volitionality,Gender Causes Outcome,Gender Causes Cycle,Gender Causes Disparity,Gender Caused by Group,Race,Race Reliability,Race Privacy,Race Volitionality,Race Causes Outcome,Race Causes Cycle,Race Causes Disparity,Race Caused by Group,Residence,Residence Reliability,Residence Privacy,Residence Volitionality,Residence Causes Outcome,Residence Causes Cycle,Residence Causes Disparity,Residence Caused by Group,Hospital Treated,Hospital Treated Reliability,Hospital Treated Privacy,Hospital Treated Volitionality,Hospital Treated Causes Outcome,Hospital Treated Causes Cycle,Hospital Treated Causes Disparity,Hospital Treated Caused by Group,Admission,Admission Reliability,Admission Privacy,Admission Volitionality,Admission Causes Outcome,Admission Causes Cycle,Admission Causes Disparity,Admission Caused by Group,Number of Discharges,Number of Discharges Reliability,Number of Discharges Privacy,Number of Discharges Volitionality,Number of Discharges Causes Outcome,Number of Discharges Causes Cycle,Number of Discharges Causes Disparity,Number of Discharges Caused by Group,History of Health,History of Health Reliability,History of Health Privacy,History of Health Volitionality,History of Health Causes Outcome,History of Health Causes Cycle,History of Health Causes Disparity,History of Health Caused by Group
1360,1098,30-39,Bachelor,Male,,50000-75000,false,false,false,true,false,,hos,properties first,Unfair,Strongly Agree,Somewhat Agree,Agree,Agree,Agree,Strongly Agree,Strongly Agree,Neutral,Agree,Disagree,Agree,Disagree,Agree,Agree,Agree,Very Unfair,Disagree,Agree,Agree,Agree,Strongly Agree,Strongly Agree,Strongly Agree,Very Unfair,Disagree,Agree,Somewhat Agree,Somewhat Disagree,Somewhat Agree,Agree,Agree,Very Unfair,Agree,Strongly Disagree,Somewhat Agree,Somewhat Agree,Somewhat Agree,Strongly Agree,Neutral,Somewhat Fair,Agree,Somewhat Agree,Agree,Agree,Somewhat Agree,Agree,Agree,Unfair,Somewhat Agree,Somewhat Agree,Agree,Somewhat Agree,Agree,Somewhat Agree,Strongly Agree,Very Fair,Agree,Neutral,Neutral,Somewhat Agree,Agree,Somewhat Agree,Somewhat Agree
1361,1108,18-29,Bachelor,Female,,<25000,false,false,false,false,true,,hos,properties first,Fair,Agree,Somewhat Agree,Disagree,Somewhat Agree,Somewhat Agree,Somewhat Agree,Agree,Unfair,Agree,Neutral,Somewhat Agree,Disagree,Somewhat Disagree,Neutral,Agree,Unfair,Agree,Agree,Somewhat Disagree,Somewhat Disagree,Somewhat Agree,Somewhat Agree,Agree,Unfair,Somewhat Agree,Agree,Agree,Disagree,Somewhat Disagree,Somewhat Disagree,Disagree,Somewhat Unfair,Agree,Neutral,Agree,Disagree,Disagree,Somewhat Disagree,Disagree,Somewhat Fair,Somewhat Agree,Agree,Agree,Agree,Neutral,Somewhat Agree,Somewhat Disagree,Neutral,Somewhat Agree,Agree,Somewhat Agree,Somewhat Agree,Neutral,Disagree,Disagree,Very Fair,Agree,Strongly Agree,Disagree,Agree,Agree,Somewhat Disagree,Somewhat Agree
1362,1123,18-29,Bachelor,Male,,50000-75000,false,true,false,false,false,,hos,fairness first,Somewhat Unfair,Disagree,Somewhat Disagree,Somewhat Disagree,Somewhat Agree,Neutral,Somewhat Disagree,Somewhat Disagree,Very Fair,Somewhat Disagree,Disagree,Somewhat Disagree,Somewhat Agree,Neutral,Somewhat Disagree,Neutral,Somewhat Fair,Neutral,Somewhat Disagree,Disagree,Somewhat Disagree,Neutral,Somewhat Disagree,Disagree,Somewhat Fair,Disagree,Disagree,Disagree,Neutral,Somewhat Disagree,Disagree,Somewhat Disagree,Somewhat Unfair,Disagree,Neutral,Somewhat Disagree,Neutral,Somewhat Disagree,Disagree,Somewhat Disagree,Unfair,Somewhat Disagree,Somewhat Disagree,Disagree,Somewhat Disagree,Disagree,Somewhat Disagree,Somewhat Disagree,Somewhat Unfair,Somewhat Disagree,Somewhat Disagree,Somewhat Disagree,Somewhat Disagree,Somewhat Disagree,Disagree,Disagree,Fair,Neutral,Somewhat Disagree,Somewhat Disagree,Somewhat Disagree,Disagree,Disagree,Somewhat Disagree
1363,2876,30-39,Graduate,Male,,>100000,false,false,true,true,false,,hos,fairness first,Fair,Agree,Disagree,Strongly Disagree,Strongly Agree,Strongly Disagree,Agree,Agree,Somewhat Unfair,Agree,Disagree,Strongly Disagree,Agree,Neutral,Agree,Agree,Somewhat Unfair,Disagree,Somewhat Agree,Strongly Disagree,Neutral,Strongly Agree,Strongly Agree,Strongly Agree,Unfair,Neutral,Agree,Strongly Agree,Disagree,Disagree,Somewhat Agree,Somewhat Agree,Somewhat Fair,Strongly Agree,Disagree,Somewhat Agree,Somewhat Agree,Strongly Disagree,Somewhat Disagree,Somewhat Agree,Very Fair,Strongly Agree,Strongly Disagree,Agree,Somewhat Agree,Strongly Disagree,Disagree,Somewhat Disagree,Fair,Strongly Agree,Somewhat Disagree,Strongly Disagree,Agree,Disagree,Disagree,Disagree,Very Fair,Strongly Agree,Neutral,Strongly Disagree,Strongly Agree,Strongly Disagree,Strongly Disagree,Strongly Disagree
1364,2617,18-29,Bachelor,Male,,25000-50000,false,true,false,false,false,,hos,fairness first,Somewhat Unfair,Agree,Strongly Agree,Agree,Somewhat Agree,Agree,Somewhat Agree,Agree,Unfair,Agree,Strongly Agree,Agree,Somewhat Agree,Agree,Strongly Agree,Agree,Very Unfair,Agree,Strongly Agree,Somewhat Agree,Agree,Strongly Agree,Somewhat Agree,Agree,Somewhat Unfair,Somewhat Agree,Strongly Agree,Strongly Agree,Somewhat Disagree,Agree,Agree,Strongly Agree,Very Unfair,Agree,Strongly Agree,Agree,Strongly Agree,Disagree,Strongly Disagree,Strongly Disagree,Fair,Agree,Strongly Agree,Agree,Strongly Agree,Somewhat Agree,Agree,Somewhat Agree,Fair,Agree,Strongly Agree,Somewhat Agree,Agree,Disagree,Disagree,Somewhat Disagree,Somewhat Fair,Agree,Strongly Agree,Agree,Neutral,Somewhat Disagree,Agree,Strongly Agree
1365,1517,60-69,Bachelor,Female,,25000-50000,false,false,false,true,false,,hos,fairness first,Somewhat Fair,Agree,Somewhat Agree,Strongly Disagree,Agree,Neutral,Strongly Agree,Strongly Agree,Somewhat Fair,Somewhat Agree,Somewhat Disagree,Agree,Neutral,Neutral,Somewhat Agree,Strongly Agree,Somewhat Fair,Somewhat Disagree,Neutral,Somewhat Agree,Neutral,Agree,Somewhat Agree,Strongly Agree,Neutral,Somewhat Agree,Agree,Strongly Agree,Neutral,Agree,Strongly Agree,Strongly Agree,Fair,Strongly Agree,Strongly Disagree,Strongly Disagree,Somewhat Agree,Neutral,Neutral,Neutral,Very Fair,Strongly Agree,Strongly Disagree,Disagree,Neutral,Neutral,Neutral,Somewhat Disagree,Fair,Agree,Neutral,Somewhat Disagree,Neutral,Somewhat Agree,Agree,Agree,Very Fair,Disagree,Agree,Strongly Disagree,Strongly Agree,Neutral,Strongly Agree,Strongly Agree
1366,850,40-49,Associate or Diploma,Male,,25000-50000,false,false,false,true,false,,hos,properties first,Fair,Somewhat Agree,Somewhat Agree,Strongly Disagree,Neutral,Somewhat Agree,Neutral,Disagree,Somewhat Fair,Strongly Agree,Somewhat Disagree,Neutral,Disagree,Neutral,Neutral,Disagree,Somewhat Fair,Somewhat Agree,Somewhat Disagree,Disagree,Disagree,,Neutral,Disagree,Somewhat Fair,Somewhat Agree,Agree,Agree,Somewhat Disagree,Neutral,Somewhat Disagree,Disagree,Fair,Agree,Somewhat Agree,Somewhat Agree,Somewhat Disagree,Somewhat Agree,Disagree,Somewhat Disagree,Somewhat Fair,Agree,Somewhat Agree,Somewhat Agree,Somewhat Disagree,Somewhat Agree,Disagree,Somewhat Disagree,Fair,Somewhat Agree,Agree,Somewhat Disagree,Neutral,Somewhat Agree,Disagree,Disagree,Fair,Somewhat Agree,Agree,Disagree,Neutral,Somewhat Agree,Disagree,Disagree
1367,762,30-39,High School,Female,,50000-75000,false,false,false,true,false,,hos,fairness first,Very Unfair,Agree,Strongly Agree,Strongly Agree,Strongly Agree,Strongly Agree,Strongly Agree,Strongly Agree,Neutral,Somewhat Agree,Strongly Agree,Agree,Disagree,Disagree,,Agree,Very Unfair,Strongly Agree,Strongly Agree,Agree,Neutral,Neutral,Agree,Agree,Very Unfair,Agree,Strongly Agree,Agree,Neutral,Neutral,Agree,Somewhat Disagree,Unfair,Neutral,Neutral,Agree,Strongly Agree,Agree,Strongly Agree,Agree,Unfair,Agree,Strongly Agree,Strongly Agree,Neutral,Agree,Agree,Strongly Agree,Very Unfair,Agree,Strongly Agree,Strongly Agree,Strongly Agree,Agree,Agree,Agree,Very Unfair,Strongly Agree,Strongly Agree,Strongly Agree,Strongly Agree,Strongly Agree,Agree,Agree
1368,1982,30-39,Bachelor,Female,,25000-50000,false,false,false,false,false,NATIVE AMERICAN,hos,properties first,Unfair,Somewhat Agree,Somewhat Agree,Agree,Somewhat Agree,Neutral,Somewhat Agree,Somewhat Disagree,Somewhat Fair,Somewhat Agree,Somewhat Agree,Somewhat Agree,Agree,Neutral,Somewhat Agree,Neutral,Somewhat Unfair,Agree,Agree,Somewhat Agree,Neutral,Somewhat Agree,Agree,Somewhat Agree,Unfair,Neutral,Somewhat Agree,Somewhat Agree,Agree,Somewhat Agree,Somewhat Disagree,Somewhat Agree,Somewhat Unfair,Somewhat Agree,Somewhat Agree,Agree,Neutral,Somewhat Agree,Neutral,Somewhat Agree,Fair,Somewhat Agree,Somewhat Agree,Neutral,Somewhat Agree,Agree,Somewhat Agree,Neutral,Somewhat Fair,Agree,,Neutral,Neutral,Somewhat Agree,Agree,,Neutral,Agree,Somewhat Agree,Neutral,Somewhat Agree,Neutral,Somewhat Disagree,Neutral
1369,3306,30-39,Bachelor,Male,,25000-50000,false,false,false,true,false,,hos,fairness first,Unfair,Strongly Agree,Somewhat Disagree,Strongly Disagree,Neutral,Agree,Agree,Disagree,Very Unfair,Somewhat Disagree,Agree,Somewhat Agree,Neutral,Strongly Agree,Strongly Agree,Agree,Very Unfair,Agree,Disagree,Somewhat Agree,Disagree,Strongly Agree,Agree,Neutral,Very Unfair,Somewhat Disagree,Somewhat Agree,Somewhat Agree,Disagree,Disagree,Neutral,Neutral,Very Unfair,Neutral,Disagree,Somewhat Agree,Disagree,Disagree,Disagree,Strongly Disagree,Unfair,Disagree,Somewhat Agree,Neutral,Neutral,Agree,Agree,Agree,Very Unfair,Somewhat Disagree,Somewhat Agree,Somewhat Agree,Neutral,Neutral,Disagree,Strongly Disagree,Very Unfair,Neutral,Agree,Strongly Disagree,Strongly Agree,Agree,Agree,Disagree
1370,1834,40-49,Bachelor,Female,,50000-75000,false,false,false,true,false,,hos,properties first,Neutral,Strongly Agree,Agree,Somewhat Agree,Agree,Strongly Agree,Agree,Somewhat Agree,Neutral,Strongly Agree,Agree,Somewhat Agree,Agree,Strongly Agree,Agree,Somewhat Agree,Neutral,Agree,Somewhat Agree,Agree,Strongly Agree,Agree,Somewhat Agree,Agree,Neutral,Strongly Agree,Agree,Somewhat Agree,Agree,Strongly Agree,Agree,Somewhat Agree,Neutral,Somewhat Agree,Agree,Strongly Agree,Agree,Somewhat Agree,Agree,Strongly Agree,Neutral,Strongly Agree,Agree,Somewhat Agree,Agree,Strongly Agree,Agree,Somewhat Agree,Neutral,Strongly Agree,Agree,Somewhat Agree,Agree,Strongly Agree,Agree,Somewhat Agree,Neutral,Strongly Agree,Agree,Somewhat Agree,Agree,Strongly Agree,Agree,Somewhat Agree
1371,1027,40-49,Graduate,Male,,<25000,false,false,false,true,false,,hos,properties first,Very Fair,Strongly Agree,Somewhat Disagree,Strongly Disagree,Strongly Disagree,,Strongly Disagree,Strongly Agree,Fair,Strongly Agree,Strongly Disagree,Strongly Disagree,Agree,Strongly Disagree,Strongly Disagree,Strongly Agree,Somewhat Fair,Somewhat Agree,Neutral,Strongly Disagree,Agree,Strongly Disagree,Strongly Disagree,Strongly Agree,Unfair,Agree,Agree,Strongly Agree,Disagree,Strongly Disagree,Strongly Disagree,Somewhat Agree,Fair,Strongly Agree,Somewhat Agree,Strongly Disagree,Somewhat Disagree,Strongly Disagree,Strongly Disagree,Somewhat Agree,Very Fair,Strongly Agree,Neutral,Agree,Neutral,Strongly Disagree,Strongly Disagree,Somewhat Agree,Fair,Agree,Agree,Strongly Disagree,Strongly Disagree,Strongly Disagree,Strongly Disagree,Agree,Very Fair,Strongly Agree,Strongly Agree,Strongly Disagree,Strongly Agree,Strongly Disagree,Strongly Disagree,Agree
1372,2671,30-39,Bachelor,Male,,25000-50000,false,false,false,true,false,,hos,properties first,Somewhat Fair,Agree,Disagree,Strongly Disagree,Strongly Agree,Disagree,Agree,Agree,Very Unfair,Agree,Disagree,Strongly Disagree,Agree,Disagree,Neutral,Disagree,Unfair,Agree,Disagree,Strongly Disagree,Disagree,Somewhat Agree,Agree,Agree,Somewhat Unfair,Agree,Disagree,Somewhat Agree,Neutral,Neutral,Somewhat Agree,Somewhat Agree,Unfair,Agree,Disagree,Strongly Disagree,Somewhat Agree,Neutral,Disagree,Disagree,Neutral,Agree,Disagree,Strongly Disagree,Somewhat Agree,Neutral,Disagree,Disagree,Unfair,Agree,Disagree,Strongly Disagree,Neutral,Neutral,Disagree,Disagree,Somewhat Fair,Agree,Disagree,Strongly Disagree,Strongly Agree,Agree,Somewhat Agree,Somewhat Agree
1373,1483,50-59,Bachelor,Female,,25000-50000,false,false,false,true,false,,hos,fairness first,Very Fair,Somewhat Agree,Somewhat Disagree,Strongly Disagree,Agree,Disagree,Somewhat Disagree,Disagree,Somewhat Fair,Somewhat Agree,Neutral,Somewhat Agree,Somewhat Agree,Somewhat Disagree,Somewhat Disagree,Disagree,Somewhat Fair,Neutral,Neutral,Neutral,Somewhat Agree,Neutral,Somewhat Agree,Neutral,Somewhat Fair,Somewhat Agree,Neutral,Somewhat Agree,Neutral,Neutral,Somewhat Disagree,Neutral,Neutral,Agree,Somewhat Disagree,Disagree,Somewhat Disagree,Disagree,Strongly Disagree,Strongly Disagree,Very Fair,Agree,Somewhat Disagree,Somewhat Disagree,Somewhat Agree,Somewhat Disagree,Disagree,Disagree,Very Fair,Agree,Somewhat Disagree,Disagree,Agree,Disagree,Disagree,Disagree,Very Fair,Somewhat Agree,Neutral,Strongly Disagree,Strongly Agree,Disagree,Disagree,Disagree
1374,1022,30-39,Bachelor,Female,,<25000,false,true,false,false,false,,hos,properties first,Fair,Strongly Agree,Neutral,Strongly Disagree,Somewhat Agree,Neutral,Somewhat Disagree,Somewhat Disagree,Neutral,Agree,Somewhat Agree,Neutral,Somewhat Disagree,Neutral,Neutral,Neutral,Somewhat Unfair,Agree,Agree,Disagree,Somewhat Disagree,Neutral,Somewhat Agree,Somewhat Agree,Neutral,Agree,Agree,Agree,Disagree,Somewhat Disagree,Neutral,Neutral,Neutral,Agree,Somewhat Agree,Somewhat Agree,Somewhat Agree,Neutral,Somewhat Disagree,Somewhat Disagree,Neutral,Agree,Agree,Somewhat Agree,Somewhat Agree,Somewhat Agree,Neutral,Neutral,Somewhat Fair,Agree,Agree,Disagree,Somewhat Agree,Somewhat Disagree,Somewhat Disagree,Somewhat Disagree,Very Fair,Agree,Agree,Disagree,Agree,Neutral,Somewhat Disagree,Somewhat Disagree
1375,1747,18-29,Associate or Diploma,Male,,50000-75000,false,true,false,false,false,,hos,fairness first,Very Unfair,Strongly Agree,Strongly Disagree,Strongly Disagree,Disagree,Strongly Disagree,Strongly Disagree,Neutral,Very Unfair,Agree,Disagree,Strongly Agree,Strongly Disagree,Neutral,Strongly Agree,Disagree,Very Unfair,Somewhat Agree,Strongly Disagree,Disagree,Strongly Disagree,Neutral,Agree,Strongly Agree,Unfair,Agree,Disagree,Agree,Strongly Disagree,Somewhat Agree,Somewhat Agree,Somewhat Disagree,Unfair,Disagree,Agree,Strongly Agree,Neutral,Somewhat Agree,Agree,Strongly Disagree,Fair,Disagree,Agree,Strongly Agree,Neutral,Strongly Disagree,Disagree,Disagree,Very Unfair,Disagree,Agree,Strongly Disagree,Somewhat Disagree,Disagree,Disagree,Strongly Disagree,Very Unfair,Strongly Disagree,Strongly Agree,Strongly Disagree,Somewhat Agree,Agree,,Strongly Disagree
1376,1131,60-69,High School,Female,,75000-100000,false,false,false,true,false,,hos,properties first,Somewhat Fair,Strongly Agree,Agree,Strongly Disagree,Agree,Somewhat Disagree,Disagree,Strongly Disagree,Very Unfair,Strongly Agree,Neutral,Strongly Disagree,Disagree,Somewhat Agree,Agree,Somewhat Agree,Unfair,Agree,Neutral,Strongly Disagree,Somewhat Disagree,Agree,Strongly Agree,Strongly Agree,Unfair,Agree,Somewhat Disagree,Agree,Disagree,Neutral,Strongly Agree,Agree,Unfair,Agree,Somewhat Agree,Somewhat Disagree,Neutral,Somewhat Disagree,Disagree,Somewhat Disagree,Somewhat Unfair,Strongly Agree,Agree,Somewhat Disagree,Somewhat Disagree,Disagree,Somewhat Disagree,Disagree,Somewhat Fair,Agree,Neutral,Disagree,Somewhat Agree,Neutral,Somewhat Disagree,Somewhat Disagree,Fair,Agree,Somewhat Agree,Disagree,Agree,Agree,Somewhat Agree,Somewhat Agree
1377,1107,30-39,Bachelor,Female,,<25000,false,false,false,true,false,,hos,properties first,Unfair,Neutral,Agree,Disagree,Somewhat Disagree,Somewhat Disagree,Somewhat Disagree,Neutral,Unfair,Neutral,Somewhat Agree,Disagree,Neutral,Somewhat Agree,Somewhat Agree,Neutral,Unfair,Neutral,Agree,Disagree,Disagree,Neutral,Neutral,Neutral,Unfair,Somewhat Disagree,Agree,Neutral,Somewhat Disagree,Neutral,Neutral,Neutral,Neutral,Neutral,Agree,Agree,Somewhat Disagree,Neutral,Neutral,Neutral,Somewhat Fair,Neutral,Agree,Agree,Neutral,Somewhat Disagree,Neutral,Somewhat Disagree,Fair,Neutral,Agree,Agree,Somewhat Agree,Somewhat Agree,Neutral,Neutral,Fair,Neutral,Agree,Disagree,Neutral,Neutral,Neutral,Neutral
1378,832,18-29,Bachelor,Male,,25000-50000,false,true,false,false,false,,hos,fairness first,Fair,Somewhat Agree,Agree,Somewhat Agree,Somewhat Agree,Agree,Agree,Agree,Somewhat Unfair,Somewhat Disagree,Somewhat Disagree,Somewhat Disagree,Somewhat Disagree,Somewhat Disagree,Somewhat Disagree,Somewhat Disagree,Somewhat Unfair,Somewhat Disagree,Somewhat Disagree,Somewhat Disagree,Somewhat Disagree,Somewhat Disagree,Somewhat Disagree,Somewhat Disagree,Unfair,Somewhat Disagree,Disagree,Somewhat Disagree,Somewhat Disagree,Disagree,Disagree,Somewhat Disagree,Fair,Agree,Agree,Agree,Somewhat Agree,Agree,Somewhat Agree,Agree,Fair,Somewhat Agree,Agree,Agree,Agree,Somewhat Agree,Somewhat Agree,Agree,Fair,Somewhat Agree,Agree,Somewhat Agree,Somewhat Agree,Agree,Agree,Somewhat Agree,Fair,Somewhat Agree,Agree,Agree,Agree,Agree,Agree,Neutral
1379,2915,60-69,High School,Male,,50000-75000,false,false,false,true,false,,hos,fairness first,Somewhat Fair,Somewhat Agree,Agree,Agree,Somewhat Agree,Somewhat Agree,Agree,Somewhat Agree,Unfair,Strongly Agree,Strongly Disagree,Strongly Disagree,Somewhat Disagree,Agree,Somewhat Agree,Agree,Unfair,Strongly Agree,Disagree,Strongly Disagree,Somewhat Agree,Agree,Agree,Agree,Neutral,Somewhat Agree,Disagree,Somewhat Agree,Disagree,Disagree,Disagree,Somewhat Agree,Somewhat Fair,Somewhat Agree,Somewhat Disagree,Somewhat Disagree,Somewhat Disagree,Somewhat Disagree,Disagree,Somewhat Disagree,,Somewhat Disagree,Disagree,Disagree,Somewhat Agree,Agree,Somewhat Agree,Somewhat Agree,Neutral,Disagree,Disagree,Disagree,Disagree,Disagree,Disagree,Disagree,Fair,Somewhat Agree,Strongly Agree,Agree,Somewhat Agree,Somewhat Agree,Agree,Somewhat Agree
1380,2104,30-39,Bachelor,Male,,25000-50000,false,false,true,false,false,,hos,fairness first,Neutral,Neutral,Neutral,Strongly Disagree,Somewhat Agree,Neutral,Somewhat Disagree,Neutral,Neutral,Somewhat Agree,Neutral,Strongly Disagree,Neutral,Disagree,Disagree,Neutral,Neutral,Somewhat Agree,Neutral,Strongly Disagree,Neutral,Neutral,Somewhat Disagree,Somewhat Disagree,Neutral,Somewhat Disagree,Somewhat Agree,Strongly Disagree,Neutral,Somewhat Disagree,Somewhat Disagree,Somewhat Disagree,Neutral,Somewhat Agree,Neutral,Strongly Disagree,Neutral,Neutral,Neutral,Neutral,Neutral,Neutral,Neutral,Strongly Disagree,Neutral,Neutral,Neutral,Neutral,Somewhat Fair,Somewhat Agree,Neutral,Strongly Disagree,Neutral,Neutral,Somewhat Disagree,Somewhat Disagree,Somewhat Fair,Somewhat Agree,Neutral,Strongly Disagree,Neutral,Neutral,Neutral,Neutral
1381,528,30-39,Bachelor,Male,,<25000,false,true,false,false,false,,hos,properties first,Somewhat Fair,Agree,Somewhat Agree,Agree,Somewhat Agree,Somewhat Agree,Agree,Somewhat Agree,Fair,Agree,Somewhat Agree,Somewhat Agree,Agree,Agree,Agree,Somewhat Agree,Somewhat Fair,Agree,Somewhat Agree,Somewhat Agree,Agree,Somewhat Agree,Agree,Somewhat Agree,Somewhat Fair,Agree,Somewhat Agree,Agree,Somewhat Agree,Agree,Agree,Somewhat Agree,Neutral,Somewhat Agree,Agree,Agree,Somewhat Agree,Agree,Somewhat Agree,Agree,,Agree,Somewhat Agree,Somewhat Agree,Agree,Agree,Somewhat Agree,Agree,Somewhat Fair,Somewhat Agree,Somewhat Agree,Agree,Agree,Somewhat Agree,Agree,Somewhat Agree,Neutral,Agree,Somewhat Agree,Agree,Somewhat Agree,Agree,Agree,Somewhat Agree
1382,2117,50-59,Bachelor,Male,,50000-75000,false,false,false,true,false,,hos,properties first,Fair,Agree,Somewhat Agree,Somewhat Agree,Agree,Strongly Agree,Agree,Somewhat Agree,Very Fair,Somewhat Agree,Somewhat Agree,Agree,Somewhat Agree,Neutral,Somewhat Agree,Agree,Very Fair,Somewhat Agree,Somewhat Agree,Agree,Strongly Agree,Agree,Somewhat Agree,Neutral,Very Fair,Somewhat Agree,Somewhat Agree,Agree,Agree,Somewhat Agree,Neutral,Somewhat Agree,Very Fair,Agree,Strongly Agree,Agree,Somewhat Agree,Neutral,Somewhat Agree,Agree,Fair,Agree,Strongly Agree,Strongly Agree,Agree,Somewhat Agree,Neutral,Somewhat Agree,Somewhat Fair,Somewhat Agree,Agree,Agree,Strongly Agree,Agree,Agree,Somewhat Agree,Fair,Somewhat Agree,Somewhat Agree,Agree,Strongly Agree,Agree,Agree,Somewhat Agree
1383,2420,30-39,Graduate,Male,,75000-100000,false,false,true,false,false,,hos,fairness first,Very Fair,Agree,Somewhat Disagree,Disagree,Disagree,Disagree,Disagree,Disagree,Unfair,Agree,Disagree,Disagree,Disagree,Disagree,Disagree,Disagree,Unfair,Agree,Disagree,Disagree,Disagree,Disagree,Somewhat Agree,Neutral,Very Fair,Somewhat Disagree,Agree,Agree,Neutral,Somewhat Agree,Agree,Agree,Very Fair,Agree,Strongly Disagree,Strongly Disagree,Strongly Disagree,Strongly Disagree,Strongly Disagree,Strongly Disagree,Very Fair,Agree,Neutral,Somewhat Disagree,Strongly Disagree,Strongly Disagree,Strongly Disagree,Strongly Disagree,Fair,Agree,Somewhat Disagree,Disagree,Disagree,Disagree,Disagree,Disagree,Very Fair,Strongly Agree,Strongly Disagree,Strongly Disagree,Somewhat Agree,Disagree,Disagree,Disagree
1384,2459,30-39,Bachelor,Male,,>100000,false,true,false,false,false,,hos,fairness first,Somewhat Fair,Strongly Agree,Agree,Somewhat Agree,Somewhat Disagree,Somewhat Agree,Agree,Somewhat Agree,Somewhat Unfair,Agree,Somewhat Agree,Neutral,Agree,Somewhat Agree,Neutral,Somewhat Agree,Somewhat Fair,Agree,Somewhat Agree,Somewhat Disagree,Neutral,Somewhat Agree,Agree,Somewhat Agree,Somewhat Fair,Agree,Somewhat Agree,Somewhat Disagree,Neutral,Somewhat Disagree,Somewhat Agree,Agree,Somewhat Unfair,Agree,Somewhat Agree,Neutral,Neutral,Somewhat Agree,Neutral,Somewhat Disagree,Somewhat Unfair,Somewhat Agree,Agree,Strongly Agree,Somewhat Agree,Neutral,Agree,Somewhat Agree,Somewhat Unfair,Agree,Somewhat Agree,Somewhat Disagree,Somewhat Disagree,Neutral,Somewhat Disagree,Somewhat Agree,Unfair,Somewhat Agree,Neutral,Somewhat Disagree,Agree,Somewhat Agree,Neutral,Neutral
1385,697,30-39,Bachelor,Male,,50000-75000,false,false,false,true,false,,hos,properties first,Very Fair,Somewhat Agree,Somewhat Agree,Neutral,Neutral,Somewhat Agree,Agree,Agree,Fair,Neutral,Somewhat Agree,Somewhat Agree,Somewhat Disagree,Somewhat Disagree,Somewhat Agree,Somewhat Agree,Fair,Somewhat Agree,Neutral,Somewhat Disagree,Somewhat Disagree,Neutral,Neutral,Somewhat Agree,Very Fair,Somewhat Agree,Agree,Agree,Neutral,Neutral,Somewhat Disagree,Neutral,Somewhat Fair,Somewhat Disagree,Neutral,Neutral,Neutral,Somewhat Agree,Neutral,Somewhat Agree,,Neutral,Neutral,Somewhat Disagree,Somewhat Disagree,Somewhat Agree,Neutral,Somewhat Agree,Fair,Neutral,Somewhat Disagree,Somewhat Disagree,Neutral,Somewhat Agree,Somewhat Agree,Neutral,Very Fair,Neutral,Somewhat Agree,Somewhat Agree,Somewhat Disagree,Somewhat Disagree,Neutral,Agree
1386,1491,30-39,Bachelor,Female,,<25000,false,false,false,true,false,,hos,fairness first,Somewhat Fair,Strongly Agree,Neutral,Strongly Disagree,Neutral,Somewhat Disagree,Somewhat Agree,Somewhat Agree,Unfair,Somewhat Agree,Neutral,Somewhat Agree,Strongly Disagree,Agree,Strongly Agree,Strongly Agree,Unfair,Strongly Agree,Neutral,Strongly Disagree,Strongly Disagree,Strongly Agree,Strongly Agree,Strongly Agree,Unfair,Strongly Agree,Agree,Agree,Strongly Disagree,Strongly Disagree,Strongly Disagree,Strongly Disagree,Somewhat Fair,Strongly Agree,Disagree,Agree,Disagree,Disagree,Disagree,Disagree,Very Fair,Strongly Agree,Disagree,Agree,Disagree,Disagree,Disagree,Strongly Disagree,Fair,Agree,Strongly Agree,Somewhat Disagree,Somewhat Disagree,Neutral,Neutral,Neutral,Very Fair,Agree,Agree,Somewhat Disagree,Strongly Agree,Neutral,Somewhat Disagree,Somewhat Disagree
1387,2494,18-29,Bachelor,Male,,25000-50000,false,true,false,false,false,,hos,fairness first,Very Fair,Agree,Strongly Agree,Somewhat Agree,Neutral,Neutral,Disagree,Strongly Disagree,Fair,Somewhat Agree,Agree,Somewhat Agree,Agree,Neutral,Disagree,Strongly Disagree,Unfair,Neutral,Somewhat Disagree,Disagree,Disagree,Strongly Disagree,Disagree,Strongly Disagree,Unfair,Somewhat Disagree,Neutral,Somewhat Disagree,Disagree,Disagree,Strongly Disagree,Strongly Disagree,Very Unfair,Agree,Strongly Agree,Agree,Strongly Agree,Disagree,Strongly Disagree,Strongly Disagree,Unfair,Agree,Strongly Agree,Agree,Somewhat Agree,Agree,Agree,Strongly Agree,Very Fair,,,,,,,,Very Fair,Agree,Somewhat Agree,Neutral,Agree,Agree,Strongly Disagree,Strongly Disagree
1388,2158,18-29,Bachelor,Male,,<25000,false,false,false,true,false,,hos,fairness first,Very Fair,Agree,Agree,Strongly Disagree,Agree,Disagree,Disagree,Disagree,Very Unfair,Somewhat Disagree,Somewhat Disagree,Somewhat Disagree,Somewhat Disagree,Agree,Agree,Agree,Very Unfair,Strongly Disagree,Strongly Disagree,Strongly Disagree,Strongly Disagree,Agree,Agree,Agree,Very Unfair,Neutral,Neutral,Neutral,Neutral,Somewhat Agree,Somewhat Agree,Somewhat Agree,Neutral,Neutral,Neutral,Neutral,Neutral,Neutral,Neutral,Neutral,Somewhat Fair,Neutral,Neutral,Strongly Disagree,Neutral,Neutral,Neutral,Neutral,Fair,Agree,Agree,Strongly Disagree,Agree,Disagree,Disagree,Disagree,Very Fair,Agree,Agree,Strongly Disagree,Agree,Disagree,Disagree,Disagree
1389,567,30-39,Bachelor,Male,,75000-100000,false,true,false,false,false,,hos,properties first,Very Unfair,Somewhat Agree,Neutral,Disagree,Neutral,Agree,Somewhat Agree,Neutral,Very Unfair,Agree,Strongly Agree,Agree,Disagree,Somewhat Agree,Strongly Agree,Strongly Agree,Very Unfair,Somewhat Agree,Agree,Strongly Disagree,Somewhat Disagree,Strongly Agree,Strongly Agree,Strongly Agree,Very Unfair,Disagree,Strongly Agree,Strongly Agree,Somewhat Agree,Somewhat Agree,Somewhat Agree,Disagree,Very Unfair,Agree,Disagree,Agree,Agree,Disagree,Disagree,Disagree,Very Unfair,Neutral,Strongly Agree,Strongly Agree,Neutral,Strongly Disagree,Strongly Disagree,Strongly Disagree,Very Unfair,Somewhat Agree,Neutral,Strongly Disagree,Neutral,Neutral,Strongly Disagree,Strongly Disagree,Very Unfair,Neutral,Strongly Agree,Strongly Disagree,Strongly Agree,Neutral,Neutral,Neutral
1390,362,18-29,High School,Male,,<25000,false,false,false,true,false,,hos,fairness first,Very Unfair,Strongly Agree,Agree,Strongly Disagree,Strongly Disagree,Strongly Disagree,Neutral,Neutral,Very Unfair,Disagree,Strongly Disagree,Strongly Disagree,Neutral,Strongly Disagree,Strongly Disagree,Strongly Disagree,Very Unfair,Agree,Neutral,Somewhat Disagree,Strongly Disagree,Strongly Disagree,Strongly Disagree,Strongly Disagree,Very Unfair,Disagree,Disagree,Strongly Disagree,Agree,Neutral,Neutral,Neutral,Very Unfair,Agree,Disagree,Strongly Disagree,Neutral,Neutral,Neutral,Neutral,Very Unfair,Agree,Agree,Strongly Disagree,Disagree,Neutral,Neutral,Neutral,Unfair,Neutral,Strongly Disagree,Strongly Disagree,Disagree,Neutral,Neutral,Neutral,Very Unfair,Strongly Agree,Agree,Strongly Disagree,Agree,Strongly Disagree,Neutral,Neutral
1391,2046,18-29,Bachelor,Male,,50000-75000,false,false,false,true,false,,hos,properties first,Unfair,Agree,Strongly Agree,Agree,Somewhat Agree,Somewhat Agree,Somewhat Agree,Somewhat Agree,Unfair,Somewhat Agree,Agree,Agree,Somewhat Disagree,Disagree,Somewhat Disagree,Somewhat Disagree,Unfair,Somewhat Agree,Agree,Somewhat Agree,Agree,Somewhat Agree,Somewhat Agree,Agree,Unfair,Somewhat Agree,Agree,Agree,Somewhat Disagree,Disagree,Somewhat Disagree,Somewhat Disagree,Fair,Agree,Somewhat Agree,Agree,Somewhat Agree,Somewhat Disagree,Disagree,Somewhat Disagree,Somewhat Fair,Agree,Somewhat Agree,Somewhat Agree,Agree,Strongly Disagree,Strongly Disagree,Strongly Disagree,Unfair,Agree,Somewhat Agree,Somewhat Agree,Somewhat Disagree,Disagree,Disagree,Disagree,Fair,Agree,Agree,Strongly Agree,Strongly Agree,Strongly Disagree,Strongly Disagree,Strongly Disagree
1392,1924,30-39,Bachelor,Male,,<25000,false,true,false,false,false,,hos,properties first,Somewhat Unfair,Strongly Agree,Strongly Disagree,Strongly Disagree,Disagree,Strongly Disagree,Strongly Disagree,Strongly Disagree,Somewhat Unfair,Strongly Agree,Disagree,Strongly Disagree,Strongly Disagree,Strongly Disagree,Somewhat Disagree,Somewhat Disagree,Very Unfair,Disagree,Strongly Agree,Disagree,Strongly Disagree,Agree,Somewhat Agree,Somewhat Agree,Somewhat Unfair,Somewhat Agree,Agree,Strongly Agree,Strongly Disagree,Strongly Disagree,Strongly Disagree,Strongly Disagree,Very Fair,Strongly Agree,Disagree,Strongly Agree,Agree,Strongly Disagree,Somewhat Agree,Disagree,Somewhat Fair,Strongly Agree,Disagree,Strongly Agree,Somewhat Agree,Disagree,Somewhat Agree,Strongly Disagree,Very Fair,Strongly Agree,Disagree,Strongly Disagree,Disagree,Strongly Disagree,Disagree,Disagree,Very Fair,Agree,Somewhat Agree,Strongly Agree,Somewhat Agree,Disagree,Strongly Disagree,Strongly Disagree
1393,1244,50-59,Associate or Diploma,Female,,25000-50000,false,false,false,true,false,,hos,fairness first,Very Fair,Strongly Agree,Strongly Agree,Strongly Disagree,Strongly Agree,Strongly Agree,Strongly Disagree,,Very Fair,Strongly Agree,Strongly Agree,Strongly Disagree,Strongly Disagree,Strongly Disagree,Strongly Disagree,Strongly Disagree,Very Unfair,Strongly Agree,Strongly Agree,Strongly Disagree,Strongly Disagree,Strongly Disagree,Strongly Disagree,Strongly Disagree,Very Fair,Strongly Agree,Strongly Agree,Strongly Agree,Strongly Agree,Strongly Agree,Disagree,Disagree,Neutral,Strongly Agree,Strongly Agree,Strongly Agree,Strongly Agree,Strongly Disagree,Strongly Disagree,Strongly Disagree,Very Fair,Strongly Agree,Strongly Agree,Strongly Agree,Strongly Agree,Strongly Disagree,Somewhat Disagree,Somewhat Disagree,Very Unfair,Strongly Agree,Strongly Agree,Disagree,Agree,Strongly Agree,Somewhat Disagree,Somewhat Disagree,Very Fair,Strongly Agree,Strongly Agree,Strongly Disagree,Strongly Agree,Strongly Agree,Strongly Disagree,Strongly Disagree
1394,1694,30-39,High School,Female,,50000-75000,false,false,false,true,false,,hos,fairness first,Somewhat Fair,Strongly Agree,Somewhat Disagree,Strongly Disagree,Strongly Agree,Disagree,Strongly Disagree,Strongly Disagree,Unfair,Strongly Agree,Somewhat Disagree,Somewhat Disagree,Strongly Disagree,Disagree,Strongly Agree,Strongly Disagree,Very Unfair,Agree,Disagree,Strongly Disagree,Strongly Disagree,Neutral,Strongly Agree,Strongly Disagree,Very Unfair,Somewhat Agree,Somewhat Agree,Somewhat Agree,Somewhat Agree,Somewhat Agree,Strongly Agree,Strongly Agree,Somewhat Unfair,Strongly Agree,Strongly Disagree,Somewhat Disagree,Strongly Agree,Strongly Agree,Strongly Agree,Strongly Agree,Fair,Strongly Agree,Agree,Strongly Disagree,Neutral,Disagree,Neutral,Neutral,Fair,Strongly Agree,Disagree,Somewhat Agree,Disagree,Strongly Disagree,Strongly Disagree,Strongly Disagree,Very Fair,Somewhat Agree,Strongly Agree,Strongly Disagree,Strongly Agree,Disagree,Strongly Agree,Strongly Disagree
1395,2224,18-29,Bachelor,Male,,<25000,false,true,false,false,false,,hos,properties first,Neutral,Agree,Agree,Somewhat Agree,Agree,Strongly Agree,Somewhat Agree,Agree,Neutral,Strongly Agree,Strongly Agree,Strongly Agree,Agree,Agree,Strongly Agree,Somewhat Agree,Somewhat Fair,Agree,Agree,Somewhat Agree,Somewhat Agree,Somewhat Agree,Agree,Agree,Fair,Agree,Agree,Somewhat Agree,Neutral,Somewhat Agree,Agree,Agree,Somewhat Fair,Agree,Agree,Somewhat Agree,Agree,Somewhat Agree,Agree,Agree,Somewhat Fair,Agree,Somewhat Agree,Somewhat Agree,Somewhat Agree,Agree,Agree,Somewhat Agree,Somewhat Fair,Agree,Somewhat Agree,Agree,Agree,Agree,Somewhat Agree,Somewhat Agree,Somewhat Fair,Agree,Somewhat Agree,Neutral,Somewhat Agree,Agree,Somewhat Agree,Somewhat Agree
1396,369,40-49,Bachelor,Male,,<25000,false,true,false,false,false,,hos,properties first,Fair,Agree,Agree,Agree,Agree,Disagree,Disagree,Disagree,Fair,Agree,Agree,Somewhat Agree,Agree,Disagree,Disagree,Disagree,Unfair,Agree,Agree,Agree,Agree,Disagree,Disagree,Disagree,Neutral,Neutral,Agree,Agree,Agree,Disagree,,Disagree,Fair,Agree,Agree,Agree,Agree,Disagree,Disagree,Disagree,Fair,Agree,Agree,Agree,Agree,Disagree,Disagree,Somewhat Disagree,Neutral,Agree,Agree,Strongly Agree,Agree,Disagree,Disagree,Disagree,Neutral,Strongly Agree,Strongly Agree,Strongly Agree,Somewhat Agree,Disagree,Disagree,Disagree
1397,482,30-39,Associate or Diploma,Male,,75000-100000,false,false,false,true,false,,hos,properties first,Fair,Agree,Agree,Agree,Agree,Agree,Agree,Agree,Somewhat Unfair,Agree,Agree,Agree,Somewhat Agree,Somewhat Agree,Agree,Agree,Unfair,Agree,Agree,Somewhat Agree,Somewhat Agree,Somewhat Agree,Somewhat Agree,Somewhat Agree,Somewhat Unfair,Agree,Agree,Somewhat Agree,Somewhat Agree,Disagree,Disagree,Disagree,Unfair,Agree,Agree,Agree,Somewhat Agree,Disagree,Disagree,Disagree,Fair,Agree,,Somewhat Agree,Somewhat Agree,Disagree,Disagree,Disagree,Fair,Agree,Agree,Agree,Somewhat Agree,Disagree,Disagree,Disagree,Fair,Agree,Agree,Somewhat Agree,Somewhat Agree,Neutral,Disagree,Somewhat Agree
1398,483,30-39,Graduate,Female,,50000-75000,false,false,false,true,false,,hos,fairness first,Very Fair,Agree,Strongly Agree,Strongly Agree,Strongly Agree,Agree,Strongly Agree,Strongly Agree,Very Fair,Agree,Strongly Agree,Strongly Agree,Agree,Strongly Agree,Agree,Agree,Fair,Agree,Strongly Agree,Agree,Strongly Agree,Agree,Strongly Agree,Agree,Very Fair,Agree,Strongly Agree,Agree,Somewhat Agree,Agree,Strongly Agree,Agree,Fair,Agree,Strongly Agree,Agree,Strongly Agree,Agree,Agree,Strongly Agree,Very Fair,Agree,Strongly Agree,Strongly Agree,Agree,Strongly Agree,Agree,Strongly Agree,Fair,Agree,Strongly Agree,Agree,Agree,Strongly Agree,Agree,Agree,Fair,Agree,Strongly Agree,Agree,Strongly Agree,Agree,Agree,Agree
1399,692,18-29,Bachelor,Male,,25000-50000,false,false,false,true,false,,hos,properties first,Very Fair,Agree,Agree,Agree,Agree,Disagree,Somewhat Disagree,Disagree,Somewhat Fair,Strongly Agree,Strongly Disagree,Agree,Somewhat Agree,Agree,Somewhat Agree,Disagree,Unfair,Agree,Neutral,Somewhat Agree,Agree,Agree,Somewhat Agree,Disagree,Somewhat Fair,Agree,Strongly Agree,Agree,Agree,Agree,Somewhat Agree,Neutral,Fair,Agree,Agree,Somewhat Agree,Somewhat Agree,Somewhat Agree,Somewhat Disagree,Somewhat Disagree,Fair,Agree,Agree,Agree,Somewhat Disagree,Somewhat Disagree,Disagree,Somewhat Agree,Very Fair,Agree,Agree,Agree,Neutral,Somewhat Disagree,Disagree,Somewhat Disagree,Very Fair,Agree,Agree,Somewhat Agree,Somewhat Agree,Somewhat Agree,Somewhat Agree,Somewhat Disagree
1400,1007,30-39,High School,Male,,<25000,false,false,false,true,false,,hos,fairness first,Very Fair,Strongly Agree,Strongly Agree,Strongly Disagree,Agree,Neutral,Neutral,Neutral,Somewhat Fair,Strongly Agree,Neutral,Strongly Disagree,Neutral,Strongly Disagree,Strongly Disagree,Neutral,Neutral,Strongly Agree,Neutral,Strongly Disagree,Strongly Disagree,Strongly Disagree,Strongly Disagree,Neutral,Neutral,Strongly Agree,Strongly Agree,Strongly Agree,Strongly Disagree,Strongly Disagree,Strongly Disagree,Strongly Disagree,Neutral,Strongly Agree,Strongly Agree,Somewhat Agree,Neutral,Strongly Disagree,Strongly Disagree,Strongly Disagree,Very Fair,Strongly Agree,Strongly Agree,Somewhat Agree,Neutral,Strongly Disagree,Strongly Disagree,Strongly Disagree,Neutral,Strongly Agree,Strongly Agree,Neutral,Strongly Agree,Somewhat Agree,Neutral,Neutral,Very Fair,Strongly Agree,Strongly Agree,Agree,Neutral,Disagree,Disagree,Disagree
1401,367,30-39,Bachelor,Male,,50000-75000,false,false,false,true,false,,hos,fairness first,Somewhat Fair,Agree,Disagree,Disagree,Somewhat Agree,Somewhat Disagree,Agree,Agree,Somewhat Unfair,Agree,Disagree,,Disagree,Neutral,Somewhat Agree,Somewhat Agree,Unfair,Agree,Somewhat Disagree,Strongly Disagree,Disagree,Neutral,Agree,Agree,Neutral,Agree,Somewhat Agree,Strongly Agree,Disagree,Neutral,Somewhat Agree,Somewhat Agree,Neutral,Agree,Somewhat Disagree,Agree,Disagree,,Disagree,Disagree,Somewhat Fair,Agree,Neutral,Agree,Disagree,Neutral,Disagree,Disagree,Neutral,Agree,Disagree,Somewhat Agree,Somewhat Disagree,Neutral,Somewhat Disagree,Somewhat Disagree,Somewhat Unfair,Somewhat Agree,Somewhat Disagree,Disagree,Somewhat Agree,Somewhat Agree,Agree,Somewhat Agree
1402,2331,18-29,Bachelor,Male,,<25000,false,true,false,false,false,,hos,properties first,Neutral,Agree,Somewhat Agree,Strongly Agree,Agree,Somewhat Agree,Agree,Somewhat Agree,Neutral,Somewhat Agree,Agree,Strongly Disagree,Strongly Agree,Somewhat Agree,Somewhat Disagree,Neutral,Unfair,Somewhat Agree,Somewhat Disagree,Disagree,Somewhat Agree,Somewhat Agree,Agree,Somewhat Agree,Somewhat Unfair,Neutral,Somewhat Agree,Agree,Agree,Somewhat Disagree,Neutral,Somewhat Agree,Fair,Strongly Agree,Somewhat Agree,Agree,Agree,Somewhat Agree,Somewhat Agree,Agree,Very Fair,Somewhat Disagree,Somewhat Agree,Neutral,Somewhat Agree,Neutral,Somewhat Agree,Neutral,Somewhat Unfair,Somewhat Agree,Somewhat Agree,Agree,Neutral,Strongly Agree,Agree,Somewhat Agree,Very Fair,Somewhat Agree,Agree,Somewhat Agree,Strongly Agree,Agree,Somewhat Agree,Agree
1403,2552,40-49,Bachelor,Male,,50000-75000,false,false,false,true,false,,hos,properties first,Fair,Somewhat Agree,Somewhat Agree,Strongly Agree,Neutral,Somewhat Agree,Strongly Agree,Agree,Neutral,Neutral,Neutral,Strongly Agree,Strongly Agree,Somewhat Agree,Somewhat Agree,Agree,Neutral,Agree,Strongly Agree,Somewhat Agree,Neutral,Neutral,Agree,Agree,Very Fair,Agree,Neutral,Agree,Strongly Agree,Somewhat Agree,Neutral,Somewhat Agree,Neutral,Somewhat Agree,Neutral,Neutral,Agree,Somewhat Agree,Neutral,Neutral,Somewhat Fair,Somewhat Agree,Somewhat Agree,Strongly Agree,Strongly Agree,Neutral,Neutral,Somewhat Agree,Very Fair,Somewhat Agree,Somewhat Agree,Strongly Agree,Somewhat Agree,Agree,Agree,Neutral,Neutral,Somewhat Agree,Somewhat Agree,Strongly Agree,Agree,Neutral,Agree,Agree
1404,1936,50-59,Bachelor,Male,,50000-75000,false,false,false,true,false,,hos,properties first,Neutral,Strongly Agree,Agree,Strongly Agree,Agree,Somewhat Agree,Agree,Agree,Neutral,Strongly Agree,Agree,Somewhat Agree,Agree,Somewhat Agree,Agree,Strongly Agree,Very Fair,Strongly Agree,Agree,Somewhat Agree,Agree,Somewhat Agree,Neutral,Somewhat Agree,Very Fair,Strongly Agree,Agree,Somewhat Agree,Agree,Somewhat Agree,Agree,Strongly Agree,Somewhat Fair,Strongly Agree,Agree,Somewhat Agree,Agree,Strongly Agree,Agree,Somewhat Agree,Fair,Agree,Strongly Agree,Agree,Somewhat Agree,Strongly Agree,Agree,Agree,Very Fair,Neutral,Agree,Somewhat Agree,Strongly Agree,Agree,Somewhat Agree,Agree,Very Fair,Somewhat Agree,Strongly Agree,Agree,Strongly Agree,Agree,Somewhat Agree,Agree
1405,2249,18-29,High School,Male,,25000-50000,false,false,false,true,false,,hos,fairness first,Unfair,Somewhat Agree,Somewhat Disagree,Strongly Disagree,Somewhat Disagree,Disagree,Disagree,Disagree,Unfair,Neutral,Somewhat Agree,Agree,Somewhat Disagree,Somewhat Disagree,Somewhat Disagree,Somewhat Disagree,Very Unfair,Agree,Disagree,Disagree,Strongly Disagree,Strongly Disagree,Strongly Disagree,Strongly Disagree,Unfair,Disagree,Strongly Agree,Agree,Strongly Disagree,Disagree,Disagree,Disagree,Neutral,Agree,Disagree,Strongly Agree,Neutral,Disagree,Disagree,Somewhat Disagree,Fair,Agree,Disagree,Agree,Neutral,Somewhat Disagree,Somewhat Disagree,Disagree,Somewhat Fair,Somewhat Agree,Disagree,Somewhat Agree,Neutral,Neutral,Somewhat Disagree,Somewhat Disagree,Somewhat Fair,Somewhat Disagree,Agree,Disagree,Strongly Agree,Somewhat Disagree,Somewhat Disagree,Somewhat Disagree
1406,757,30-39,Associate or Diploma,Male,,25000-50000,false,false,false,true,false,,hos,fairness first,Somewhat Fair,Neutral,Neutral,Strongly Disagree,Disagree,Disagree,Somewhat Disagree,Neutral,Somewhat Unfair,Neutral,Somewhat Disagree,Disagree,Disagree,Disagree,Somewhat Disagree,Disagree,Unfair,Neutral,Neutral,Disagree,Somewhat Disagree,Disagree,Disagree,Somewhat Disagree,Neutral,Agree,Strongly Agree,Somewhat Agree,Disagree,Somewhat Disagree,Somewhat Disagree,Neutral,Very Fair,Agree,Strongly Agree,Agree,Somewhat Disagree,Somewhat Disagree,Disagree,Somewhat Disagree,Fair,Strongly Agree,Strongly Agree,Agree,Strongly Agree,Somewhat Disagree,Disagree,Disagree,Fair,Agree,Agree,Somewhat Disagree,Neutral,Neutral,Somewhat Disagree,Somewhat Disagree,Fair,Strongly Agree,Strongly Agree,Agree,Strongly Agree,Agree,Neutral,Somewhat Disagree
1407,1900,18-29,Graduate,Male,,75000-100000,false,false,false,false,true,,hos,fairness first,Very Fair,Strongly Agree,Agree,Agree,Strongly Agree,Strongly Agree,Agree,Agree,Very Fair,Strongly Agree,Agree,Agree,Strongly Agree,Agree,Agree,Strongly Agree,Very Fair,Strongly Agree,Agree,Agree,Strongly Agree,Agree,Agree,Strongly Agree,Very Fair,Strongly Agree,Agree,Agree,Strongly Agree,Strongly Agree,Agree,Agree,Very Fair,Strongly Agree,Agree,Agree,Strongly Agree,Strongly Agree,Agree,Agree,Very Fair,Strongly Agree,Agree,Agree,Strongly Agree,Strongly Agree,Agree,Agree,Very Fair,Strongly Agree,Strongly Agree,Agree,Agree,Strongly Agree,Agree,Strongly Agree,Very Fair,Strongly Agree,Strongly Agree,Agree,Agree,Strongly Agree,Agree,Agree
1408,2794,18-29,Associate or Diploma,Female,,25000-50000,false,false,false,true,false,,hos,properties first,Somewhat Unfair,Agree,Somewhat Disagree,Strongly Disagree,Agree,Agree,Agree,Somewhat Agree,Very Unfair,Agree,Somewhat Disagree,Strongly Disagree,Somewhat Disagree,Agree,Agree,Neutral,Unfair,Agree,Neutral,Strongly Disagree,Neutral,Agree,Agree,Neutral,Somewhat Unfair,Agree,Somewhat Disagree,Agree,Somewhat Agree,Agree,Agree,Agree,Somewhat Fair,Agree,Somewhat Disagree,Agree,Somewhat Agree,Agree,Somewhat Agree,Somewhat Agree,Very Fair,Agree,Somewhat Disagree,Agree,Somewhat Agree,Somewhat Agree,Somewhat Agree,Somewhat Agree,Somewhat Fair,Agree,Somewhat Disagree,Somewhat Agree,Somewhat Agree,Agree,Agree,Somewhat Disagree,Fair,Agree,Somewhat Disagree,Disagree,Agree,Somewhat Agree,Somewhat Disagree,Somewhat Agree
1409,556,18-29,Bachelor,Female,,25000-50000,false,false,false,false,false,mixed race,hos,properties first,Somewhat Fair,Strongly Agree,Neutral,Somewhat Disagree,Somewhat Agree,Disagree,Disagree,Disagree,Neutral,Strongly Agree,Neutral,Agree,Neutral,Neutral,Agree,Agree,Somewhat Unfair,Strongly Agree,Neutral,Neutral,Somewhat Agree,Agree,Agree,Agree,Fair,Strongly Agree,Somewhat Agree,Agree,Neutral,Neutral,Agree,Agree,Fair,Strongly Agree,Somewhat Agree,Agree,Neutral,Somewhat Agree,Somewhat Agree,Somewhat Agree,Fair,Strongly Agree,Somewhat Agree,Agree,Neutral,Disagree,Neutral,Neutral,Neutral,Strongly Agree,Somewhat Agree,Disagree,Somewhat Agree,Somewhat Agree,Agree,Agree,Very Fair,Strongly Agree,Somewhat Agree,Somewhat Agree,Agree,Somewhat Agree,Somewhat Agree,Somewhat Agree
1410,1253,30-39,Bachelor,Male,,<25000,false,true,false,false,false,,hos,properties first,Unfair,Agree,Somewhat Agree,Neutral,Somewhat Disagree,Neutral,Somewhat Agree,Agree,Fair,Agree,Somewhat Agree,Neutral,Somewhat Disagree,Neutral,Somewhat Agree,Agree,Neutral,Neutral,Somewhat Disagree,Agree,Somewhat Agree,Somewhat Agree,Neutral,Neutral,Neutral,Agree,Somewhat Agree,Neutral,Somewhat Agree,Agree,Somewhat Agree,Neutral,Somewhat Fair,Agree,Somewhat Agree,Neutral,Somewhat Disagree,Neutral,Somewhat Agree,Agree,Neutral,Agree,Somewhat Agree,Neutral,Neutral,Somewhat Agree,Somewhat Agree,Neutral,Very Fair,Agree,Somewhat Agree,Neutral,Somewhat Agree,Agree,Somewhat Agree,Neutral,Fair,Somewhat Agree,Agree,Somewhat Agree,Neutral,Somewhat Disagree,Neutral,
1411,2666,40-49,Bachelor,Female,,25000-50000,false,true,false,true,false,,hos,properties first,Very Fair,Strongly Agree,Strongly Agree,Strongly Disagree,Strongly Agree,Strongly Disagree,Strongly Disagree,Strongly Agree,Very Fair,Strongly Agree,Strongly Agree,Strongly Agree,Strongly Disagree,Strongly Disagree,Strongly Agree,Strongly Agree,Very Unfair,Strongly Agree,Strongly Agree,Strongly Agree,Strongly Agree,Strongly Agree,Strongly Agree,Strongly Agree,Very Unfair,Strongly Agree,Strongly Agree,Strongly Disagree,Strongly Disagree,Strongly Disagree,Strongly Disagree,Strongly Disagree,Very Unfair,Strongly Agree,Strongly Agree,Strongly Disagree,Strongly Disagree,Strongly Disagree,,Strongly Disagree,Very Fair,Strongly Agree,Strongly Agree,Strongly Disagree,Strongly Agree,Strongly Agree,Strongly Disagree,Strongly Disagree,Very Fair,Strongly Agree,Strongly Agree,Strongly Disagree,Strongly Agree,Strongly Disagree,Strongly Disagree,Strongly Disagree,Very Fair,Strongly Agree,Strongly Agree,Strongly Disagree,Strongly Agree,Strongly Disagree,Strongly Disagree,Strongly Disagree
1412,1086,50-59,Graduate,Male,,50000-75000,false,false,false,true,false,,hos,properties first,Fair,Strongly Agree,Strongly Agree,Agree,Agree,Agree,Strongly Agree,Agree,Very Fair,Agree,Agree,Strongly Agree,Strongly Agree,Agree,Strongly Agree,Agree,Fair,Agree,Agree,Strongly Agree,Strongly Agree,Agree,Agree,Strongly Agree,Very Fair,Agree,Strongly Agree,Strongly Agree,Agree,Agree,Strongly Agree,Strongly Agree,Fair,Agree,Strongly Agree,Strongly Agree,Agree,Strongly Agree,Agree,Strongly Agree,Fair,Agree,Agree,Strongly Agree,Strongly Agree,Strongly Agree,Somewhat Agree,Agree,Very Fair,Agree,Strongly Agree,Strongly Agree,Agree,Agree,Strongly Agree,Strongly Agree,Somewhat Fair,Agree,Agree,Strongly Agree,Strongly Agree,Agree,Agree,Strongly Agree
1413,1272,18-29,Graduate,Female,,75000-100000,false,false,false,true,false,,hos,fairness first,Neutral,Strongly Agree,Agree,Agree,,Somewhat Agree,Agree,Somewhat Agree,Somewhat Unfair,Neutral,Somewhat Disagree,Somewhat Agree,Agree,Somewhat Agree,Neutral,Somewhat Disagree,Fair,Disagree,Somewhat Disagree,Somewhat Agree,Neutral,Somewhat Disagree,Neutral,Somewhat Agree,Fair,Strongly Agree,Agree,Somewhat Agree,Neutral,Disagree,Agree,Neutral,Unfair,Somewhat Disagree,Strongly Agree,Somewhat Agree,Neutral,Disagree,Somewhat Agree,Neutral,Somewhat Unfair,Neutral,Agree,Somewhat Agree,Somewhat Disagree,Neutral,Somewhat Agree,Neutral,Fair,Somewhat Disagree,Agree,Neutral,Somewhat Disagree,Somewhat Agree,Neutral,Somewhat Disagree,Somewhat Fair,Somewhat Disagree,Disagree,Neutral,Agree,Somewhat Agree,Neutral,Somewhat Disagree
1414,279,50-59,Bachelor,Male,,<25000,false,false,true,false,false,,hos,properties first,Very Fair,Strongly Agree,Agree,Strongly Agree,Strongly Agree,Agree,Strongly Agree,Agree,Very Fair,Strongly Agree,Agree,Agree,Strongly Agree,Strongly Agree,Agree,Agree,Very Fair,Agree,Strongly Agree,Strongly Agree,Strongly Agree,Agree,Agree,Agree,Very Fair,Agree,Agree,Strongly Agree,Strongly Agree,Strongly Agree,Agree,Strongly Agree,Very Fair,Strongly Agree,Strongly Agree,Agree,Agree,Strongly Agree,Agree,Agree,Fair,Strongly Agree,Strongly Agree,Agree,Strongly Agree,Strongly Agree,Agree,Agree,Fair,Strongly Agree,Agree,Strongly Agree,Agree,Agree,Strongly Agree,Strongly Agree,Very Fair,Strongly Agree,Agree,Strongly Agree,Strongly Agree,Agree,Agree,Agree
1415,3094,30-39,Bachelor,Male,,25000-50000,false,true,false,false,false,,hos,properties first,Somewhat Fair,Agree,Somewhat Agree,Neutral,Somewhat Agree,Agree,Somewhat Agree,Agree,Somewhat Fair,Agree,Somewhat Agree,Neutral,Somewhat Agree,Agree,Agree,Somewhat Agree,Neutral,Agree,Somewhat Agree,Neutral,Somewhat Agree,Agree,Agree,Somewhat Agree,Neutral,Agree,Somewhat Agree,Neutral,Somewhat Agree,Agree,Agree,Somewhat Agree,Somewhat Fair,Agree,Somewhat Agree,Neutral,Somewhat Agree,Agree,Agree,Somewhat Agree,Somewhat Fair,Agree,Somewhat Agree,Neutral,Somewhat Agree,Agree,Somewhat Agree,Agree,Somewhat Fair,Agree,Agree,Somewhat Agree,Neutral,Somewhat Agree,Somewhat Agree,Agree,Somewhat Fair,Agree,Somewhat Agree,Neutral,Somewhat Agree,Agree,Agree,Somewhat Agree
1416,755,30-39,Associate or Diploma,Male,,25000-50000,false,false,false,true,false,,hos,properties first,Somewhat Unfair,Disagree,Somewhat Disagree,Disagree,Somewhat Disagree,Somewhat Disagree,Somewhat Disagree,Disagree,Somewhat Unfair,Neutral,Neutral,Somewhat Disagree,Somewhat Disagree,Neutral,Somewhat Disagree,Neutral,Somewhat Fair,Neutral,Somewhat Disagree,Neutral,Somewhat Disagree,Somewhat Disagree,Neutral,Somewhat Disagree,Fair,Somewhat Disagree,Somewhat Disagree,Somewhat Disagree,Somewhat Disagree,Disagree,Somewhat Disagree,Somewhat Disagree,Somewhat Unfair,Neutral,Somewhat Disagree,Somewhat Disagree,Neutral,Somewhat Disagree,Neutral,Somewhat Disagree,Somewhat Unfair,Somewhat Disagree,Neutral,Somewhat Disagree,Somewhat Disagree,Somewhat Disagree,Somewhat Disagree,Disagree,Unfair,Somewhat Disagree,Neutral,Somewhat Disagree,Somewhat Disagree,Neutral,Somewhat Disagree,Disagree,Somewhat Unfair,Neutral,Somewhat Disagree,Neutral,Somewhat Disagree,Neutral,Somewhat Disagree,Neutral
1417,2193,30-39,Bachelor,Female,,<25000,false,true,false,false,false,,hos,properties first,Neutral,Agree,Somewhat Agree,Neutral,Somewhat Agree,Agree,Somewhat Agree,Agree,Neutral,Agree,Somewhat Agree,Neutral,Somewhat Agree,Agree,Somewhat Agree,Agree,Somewhat Fair,Agree,Somewhat Agree,Neutral,Somewhat Agree,Agree,Somewhat Agree,Agree,Neutral,Agree,Somewhat Agree,Neutral,Somewhat Agree,Agree,Somewhat Agree,Somewhat Agree,Fair,Somewhat Agree,Neutral,Somewhat Agree,Agree,Somewhat Agree,Neutral,Somewhat Agree,Fair,Agree,Somewhat Agree,Agree,Strongly Agree,Agree,Somewhat Agree,Agree,Fair,Agree,Somewhat Agree,Neutral,Somewhat Agree,Agree,Somewhat Agree,Somewhat Agree,Neutral,Somewhat Agree,Agree,Somewhat Agree,Neutral,Somewhat Agree,Agree,Somewhat Agree
1418,1537,40-49,Bachelor,Female,,75000-100000,false,false,false,true,false,,hos,fairness first,Somewhat Unfair,Strongly Agree,Neutral,Strongly Disagree,Neutral,Somewhat Agree,Strongly Agree,Strongly Agree,Neutral,Strongly Agree,Neutral,Strongly Agree,Neutral,Neutral,Somewhat Agree,Strongly Agree,Very Unfair,Strongly Agree,Neutral,Strongly Agree,Neutral,Neutral,Strongly Agree,Strongly Agree,Somewhat Fair,Strongly Agree,Neutral,Strongly Agree,Neutral,Neutral,Neutral,Neutral,Neutral,Neutral,Neutral,Strongly Agree,Neutral,Neutral,Neutral,Neutral,Neutral,Strongly Agree,Strongly Agree,Neutral,Agree,Strongly Agree,Neutral,Neutral,Very Unfair,Agree,Agree,Neutral,Somewhat Disagree,Neutral,Neutral,Neutral,Very Unfair,Agree,Neutral,Neutral,Strongly Agree,Strongly Agree,Neutral,Agree
1419,475,18-29,High School,Male,,<25000,false,true,false,false,false,,hos,properties first,Fair,Strongly Agree,Somewhat Disagree,Strongly Disagree,Agree,Neutral,Disagree,Disagree,Fair,Strongly Agree,Disagree,Disagree,Neutral,Somewhat Disagree,Disagree,Disagree,Very Unfair,Somewhat Agree,Somewhat Disagree,Neutral,Strongly Disagree,Agree,Strongly Agree,Somewhat Agree,Unfair,Neutral,Strongly Agree,Neutral,Somewhat Disagree,Disagree,Strongly Disagree,Strongly Disagree,Very Fair,Strongly Agree,Disagree,Neutral,Somewhat Agree,Somewhat Disagree,Strongly Disagree,Strongly Disagree,Very Fair,Agree,Disagree,Somewhat Agree,Neutral,Neutral,Strongly Disagree,Strongly Disagree,Very Fair,Agree,Somewhat Disagree,Disagree,Somewhat Agree,Neutral,Strongly Disagree,Strongly Disagree,Very Fair,Strongly Agree,Disagree,Disagree,Strongly Agree,Somewhat Agree,Strongly Disagree,Strongly Disagree
1420,1902,50-59,Associate or Diploma,Male,,<25000,false,false,false,true,false,,hos,properties first,Somewhat Fair,Agree,Neutral,Disagree,Somewhat Disagree,Neutral,Somewhat Agree,Disagree,Somewhat Unfair,Somewhat Agree,Somewhat Disagree,Somewhat Agree,Disagree,Disagree,Somewhat Agree,Somewhat Disagree,Somewhat Unfair,Neutral,Somewhat Disagree,Disagree,Disagree,Somewhat Agree,Somewhat Agree,Somewhat Disagree,Somewhat Unfair,Somewhat Agree,Somewhat Agree,Agree,Disagree,Neutral,Somewhat Disagree,Neutral,Neutral,Agree,Neutral,Agree,Neutral,Somewhat Agree,Disagree,Disagree,Somewhat Fair,Agree,Somewhat Agree,Agree,Neutral,Neutral,Disagree,Disagree,Fair,Agree,Somewhat Agree,Disagree,Agree,Neutral,Disagree,Disagree,Very Fair,Agree,Somewhat Agree,Somewhat Disagree,Agree,Somewhat Agree,Somewhat Disagree,Disagree
1421,2147,30-39,Bachelor,Female,,25000-50000,false,false,false,true,false,,hos,fairness first,Neutral,Somewhat Agree,Agree,Somewhat Agree,Neutral,Somewhat Agree,Agree,Neutral,Fair,Agree,Somewhat Agree,Neutral,,Agree,Neutral,Agree,Neutral,Neutral,Somewhat Agree,Agree,Somewhat Agree,Neutral,Somewhat Agree,Agree,Somewhat Fair,Somewhat Agree,Agree,Somewhat Agree,Neutral,Agree,Somewhat Agree,Neutral,Somewhat Unfair,Somewhat Agree,Agree,Somewhat Agree,Neutral,Somewhat Agree,Agree,Somewhat Agree,Somewhat Fair,Somewhat Agree,Agree,,Somewhat Disagree,Neutral,Somewhat Agree,Agree,Somewhat Fair,Neutral,Somewhat Agree,Neutral,Somewhat Agree,Agree,Agree,Neutral,Neutral,Somewhat Agree,Agree,Neutral,Somewhat Agree,Agree,Neutral,Agree
1422,1055,18-29,High School,Male,,25000-50000,false,false,false,true,false,,hos,fairness first,Fair,Somewhat Agree,Strongly Disagree,Strongly Disagree,Agree,Somewhat Agree,Somewhat Agree,Strongly Agree,Unfair,Neutral,Disagree,Strongly Disagree,Disagree,Agree,Agree,Agree,Very Unfair,Disagree,Strongly Disagree,Strongly Disagree,Strongly Disagree,Strongly Agree,Strongly Agree,Strongly Agree,Somewhat Fair,Somewhat Agree,Strongly Disagree,Strongly Agree,Strongly Disagree,Neutral,Somewhat Agree,Neutral,Somewhat Unfair,Somewhat Disagree,Somewhat Agree,Somewhat Agree,Disagree,Disagree,Disagree,Disagree,Very Fair,Strongly Agree,Strongly Agree,Disagree,Strongly Agree,Strongly Disagree,Strongly Disagree,Strongly Disagree,Very Fair,Strongly Agree,Neutral,Somewhat Agree,Strongly Agree,Disagree,Disagree,Disagree,Very Fair,Strongly Agree,Strongly Agree,Disagree,Strongly Agree,Strongly Disagree,Strongly Disagree,Strongly Disagree
1423,613,50-59,Associate or Diploma,Male,,25000-50000,false,false,false,true,false,,hos,properties first,Somewhat Fair,Agree,Somewhat Disagree,Disagree,Somewhat Agree,Disagree,Agree,Somewhat Agree,Unfair,Agree,Disagree,Somewhat Agree,Neutral,Somewhat Agree,Agree,Agree,Unfair,Somewhat Disagree,Somewhat Disagree,Somewhat Agree,Somewhat Agree,Somewhat Agree,Agree,Agree,Somewhat Unfair,Agree,Somewhat Disagree,Strongly Agree,Neutral,Disagree,Somewhat Agree,Somewhat Agree,Somewhat Unfair,Agree,Somewhat Disagree,Somewhat Agree,Somewhat Agree,Somewhat Disagree,Somewhat Agree,Somewhat Agree,Fair,Agree,Somewhat Agree,Somewhat Disagree,Somewhat Disagree,Somewhat Disagree,Neutral,Somewhat Agree,Somewhat Fair,Somewhat Agree,Agree,Somewhat Agree,Agree,Somewhat Disagree,Somewhat Disagree,Neutral,Very Fair,Somewhat Agree,Strongly Agree,Somewhat Agree,Agree,Neutral,Somewhat Agree,Somewhat Agree
1424,1974,18-29,Graduate,Male,,>100000,false,true,false,false,false,,hos,fairness first,Fair,Agree,Strongly Agree,Strongly Disagree,Strongly Agree,Agree,Strongly Agree,Strongly Agree,Somewhat Unfair,Strongly Agree,Somewhat Agree,Neutral,Strongly Agree,Agree,Strongly Agree,Strongly Agree,Neutral,Strongly Agree,Strongly Agree,Strongly Disagree,Strongly Agree,Strongly Agree,Strongly Agree,Strongly Agree,Very Unfair,Strongly Agree,Strongly Agree,Strongly Agree,Strongly Disagree,Strongly Disagree,Agree,Agree,Very Fair,Strongly Agree,Strongly Agree,Strongly Disagree,Somewhat Agree,Agree,Strongly Agree,Strongly Agree,Very Fair,Strongly Agree,Strongly Agree,Agree,Somewhat Agree,Agree,Strongly Agree,Strongly Agree,Fair,Agree,Agree,Somewhat Agree,Agree,Agree,Strongly Agree,Strongly Agree,Fair,Strongly Agree,Agree,Strongly Disagree,Agree,Somewhat Disagree,Somewhat Agree,Agree
1425,1056,30-39,Associate or Diploma,Female,,25000-50000,false,false,false,true,false,,hos,fairness first,Very Fair,Strongly Agree,,Disagree,Neutral,Strongly Disagree,Strongly Disagree,Strongly Agree,Somewhat Unfair,Strongly Agree,Somewhat Disagree,Strongly Disagree,Strongly Disagree,Neutral,Strongly Agree,Strongly Agree,Neutral,Strongly Agree,Somewhat Disagree,Strongly Disagree,Strongly Disagree,Somewhat Agree,Strongly Agree,Strongly Agree,Somewhat Unfair,Strongly Agree,Somewhat Agree,Somewhat Agree,Strongly Disagree,Strongly Disagree,Strongly Disagree,Strongly Disagree,Fair,Agree,Somewhat Agree,Strongly Agree,Neutral,Disagree,Strongly Disagree,Strongly Disagree,Very Fair,Strongly Agree,Agree,Strongly Agree,Neutral,Strongly Disagree,Strongly Disagree,Strongly Disagree,Very Fair,Strongly Agree,Somewhat Agree,Somewhat Agree,Somewhat Disagree,Disagree,Strongly Agree,Strongly Agree,Fair,Agree,Strongly Agree,Disagree,Agree,Strongly Disagree,Strongly Disagree,Strongly Disagree
1426,1742,30-39,Bachelor,Female,,<25000,false,true,false,false,false,,hos,properties first,Fair,Agree,Somewhat Agree,Neutral,Somewhat Agree,Somewhat Agree,Agree,Agree,Somewhat Unfair,Agree,Somewhat Agree,Neutral,Somewhat Agree,Agree,Agree,Somewhat Agree,Somewhat Unfair,Agree,Somewhat Agree,Somewhat Agree,Neutral,Somewhat Agree,Agree,Somewhat Agree,Fair,Agree,Somewhat Agree,Neutral,Somewhat Agree,Agree,Somewhat Agree,Agree,Neutral,Agree,Somewhat Agree,Neutral,Somewhat Agree,Agree,Agree,Strongly Agree,Somewhat Fair,Agree,Somewhat Agree,Neutral,Somewhat Agree,Agree,Somewhat Agree,Agree,Neutral,Neutral,Somewhat Agree,Agree,Somewhat Agree,Neutral,Somewhat Agree,Agree,Somewhat Fair,Agree,Somewhat Agree,Neutral,Somewhat Agree,Agree,Somewhat Agree,Neutral
1427,360,18-29,Bachelor,Male,,<25000,false,false,false,true,false,,hos,fairness first,Fair,Agree,Somewhat Disagree,Disagree,Agree,Disagree,Disagree,Disagree,Somewhat Fair,Agree,Disagree,Neutral,Disagree,Disagree,Disagree,Agree,Unfair,Agree,Disagree,Disagree,Disagree,Neutral,Neutral,Agree,Somewhat Unfair,Somewhat Agree,Somewhat Agree,Agree,Disagree,Disagree,Disagree,Disagree,Somewhat Fair,Agree,Somewhat Agree,Somewhat Agree,Neutral,Disagree,Disagree,Disagree,Somewhat Fair,Agree,Somewhat Agree,Somewhat Agree,Neutral,Disagree,Disagree,Disagree,Fair,Somewhat Agree,Somewhat Agree,Neutral,Somewhat Agree,Disagree,Disagree,Disagree,Very Fair,Neutral,Agree,Somewhat Agree,Somewhat Agree,Somewhat Agree,Neutral,Somewhat Disagree
1428,1532,40-49,High School,Male,,<25000,false,false,false,true,false,,hos,fairness first,Very Fair,Strongly Agree,Somewhat Disagree,Strongly Disagree,Disagree,Somewhat Agree,Somewhat Agree,Strongly Disagree,Very Unfair,Strongly Agree,Somewhat Disagree,Somewhat Agree,Strongly Disagree,Somewhat Disagree,Agree,Strongly Disagree,Very Unfair,Strongly Agree,Somewhat Disagree,Strongly Disagree,Strongly Disagree,Strongly Agree,Strongly Agree,Strongly Disagree,Unfair,Agree,Agree,Strongly Agree,Disagree,Agree,Strongly Agree,Strongly Agree,Fair,Strongly Agree,Somewhat Agree,Agree,,Somewhat Agree,Disagree,Somewhat Disagree,Fair,Strongly Agree,Somewhat Disagree,Somewhat Disagree,Strongly Disagree,Agree,Disagree,Somewhat Agree,Fair,Strongly Agree,Neutral,Disagree,Neutral,Neutral,Disagree,Somewhat Agree,Very Fair,Somewhat Agree,Agree,Strongly Disagree,Strongly Agree,Somewhat Disagree,Disagree,Strongly Disagree
1429,867,30-39,Bachelor,Male,,>100000,false,false,false,true,false,,hos,properties first,Fair,Strongly Agree,Agree,Strongly Disagree,Somewhat Agree,Strongly Disagree,Neutral,Neutral,Fair,Agree,Somewhat Agree,Somewhat Agree,Agree,Somewhat Agree,Somewhat Agree,Neutral,Fair,Strongly Agree,Strongly Agree,Strongly Disagree,Somewhat Agree,Neutral,Somewhat Agree,Somewhat Agree,Fair,Agree,Strongly Agree,Strongly Agree,Strongly Agree,Neutral,Somewhat Agree,Neutral,Somewhat Fair,Strongly Agree,Strongly Agree,Somewhat Agree,Neutral,Neutral,Somewhat Agree,,Very Fair,Strongly Agree,,Somewhat Disagree,Neutral,Neutral,Somewhat Agree,Neutral,Fair,Strongly Agree,Strongly Agree,Strongly Disagree,Agree,Somewhat Agree,Somewhat Agree,Somewhat Agree,Very Fair,Strongly Agree,Strongly Agree,Strongly Disagree,Agree,Agree,Somewhat Agree,Somewhat Agree
1430,2923,30-39,Bachelor,Male,,50000-75000,false,false,false,true,false,,hos,properties first,Fair,Somewhat Agree,Agree,Neutral,Neutral,Somewhat Agree,Neutral,,Somewhat Fair,Somewhat Agree,Agree,Somewhat Agree,Somewhat Agree,Agree,Neutral,Neutral,Fair,Somewhat Agree,Agree,Somewhat Agree,Neutral,Neutral,Neutral,Somewhat Agree,Fair,Neutral,Somewhat Agree,Neutral,Neutral,Neutral,Neutral,,Very Fair,Agree,Somewhat Agree,Somewhat Agree,Neutral,Neutral,Neutral,Neutral,Somewhat Fair,Somewhat Agree,Neutral,Somewhat Agree,Neutral,Neutral,Neutral,Neutral,Fair,Agree,Somewhat Agree,Agree,Somewhat Agree,Agree,Somewhat Agree,Somewhat Agree,Fair,Somewhat Agree,Agree,Somewhat Agree,Neutral,Neutral,Neutral,Neutral
1431,1903,40-49,Bachelor,Male,,25000-50000,false,false,false,false,false,NATIVE AMERICAN,hos,fairness first,Neutral,Agree,Agree,Somewhat Agree,Neutral,Somewhat Agree,Agree,Somewhat Agree,Neutral,Agree,Somewhat Agree,Neutral,Somewhat Agree,Agree,Neutral,Somewhat Agree,Somewhat Fair,Somewhat Agree,Neutral,Somewhat Agree,Agree,Agree,Neutral,Somewhat Agree,Somewhat Fair,Agree,Agree,Somewhat Agree,Neutral,Somewhat Agree,Agree,Somewhat Agree,Neutral,Agree,,Somewhat Agree,Neutral,Somewhat Agree,Agree,Somewhat Agree,Somewhat Unfair,Agree,Agree,Neutral,Somewhat Agree,Agree,Somewhat Agree,Neutral,Unfair,Somewhat Agree,Neutral,Somewhat Agree,Agree,Agree,Somewhat Agree,Neutral,Somewhat Fair,Somewhat Agree,Neutral,Somewhat Agree,Agree,Agree,Somewhat Agree,Neutral
1432,730,18-29,Bachelor,Male,,75000-100000,false,false,false,true,false,,hos,properties first,Fair,Agree,Somewhat Agree,Somewhat Agree,Somewhat Agree,Somewhat Agree,Somewhat Agree,Somewhat Agree,Fair,Neutral,Somewhat Disagree,Neutral,Neutral,Somewhat Agree,Somewhat Agree,Agree,Somewhat Fair,Agree,Agree,Somewhat Agree,Somewhat Agree,Somewhat Agree,Neutral,Neutral,Somewhat Fair,Somewhat Agree,Agree,Agree,Agree,Somewhat Agree,Agree,Somewhat Agree,Somewhat Fair,Agree,Somewhat Agree,Agree,Agree,Somewhat Agree,Somewhat Agree,Agree,Fair,Somewhat Agree,Neutral,Somewhat Agree,Somewhat Agree,Somewhat Agree,Somewhat Agree,Somewhat Agree,Somewhat Fair,Agree,Somewhat Agree,Neutral,Neutral,Neutral,Neutral,Neutral,Fair,Agree,Somewhat Agree,Neutral,Somewhat Agree,Somewhat Agree,Agree,Somewhat Agree
1433,575,40-49,Associate or Diploma,Male,,75000-100000,false,false,false,true,false,,hos,properties first,Fair,Strongly Agree,Somewhat Agree,Strongly Disagree,Agree,Somewhat Disagree,Agree,Strongly Agree,Unfair,Strongly Agree,Somewhat Disagree,Somewhat Agree,Disagree,Strongly Disagree,Somewhat Agree,Agree,Very Unfair,Agree,Disagree,Disagree,Somewhat Disagree,Somewhat Agree,Agree,Strongly Agree,Somewhat Fair,Somewhat Agree,Agree,Strongly Agree,Somewhat Agree,Disagree,Neutral,Somewhat Disagree,,,,,,,,,Very Fair,Strongly Agree,Agree,Somewhat Disagree,Agree,Somewhat Agree,Disagree,Disagree,Fair,Agree,Somewhat Agree,Disagree,Somewhat Disagree,Somewhat Agree,Disagree,Disagree,Very Fair,Agree,Strongly Agree,Strongly Disagree,Strongly Agree,Somewhat Disagree,Disagree,Somewhat Agree
1434,3385,18-29,Associate or Diploma,Male,,>100000,false,false,false,true,true,,hos,properties first,Unfair,Agree,Disagree,Strongly Disagree,Agree,Strongly Disagree,Strongly Disagree,Strongly Disagree,Very Unfair,Strongly Agree,Somewhat Disagree,Strongly Disagree,Strongly Disagree,Strongly Disagree,Strongly Disagree,Strongly Disagree,Very Unfair,Neutral,Somewhat Agree,Strongly Disagree,Strongly Disagree,Strongly Disagree,Strongly Disagree,Strongly Disagree,Very Unfair,Disagree,Strongly Agree,Agree,Strongly Disagree,Strongly Disagree,Strongly Disagree,Strongly Disagree,Unfair,Agree,Somewhat Agree,Agree,Somewhat Agree,Disagree,Strongly Disagree,Strongly Disagree,Unfair,Agree,Strongly Agree,Somewhat Agree,Somewhat Agree,Strongly Disagree,Strongly Disagree,Strongly Disagree,Very Unfair,Somewhat Agree,Strongly Agree,Agree,Disagree,Strongly Disagree,Strongly Disagree,Strongly Disagree,Somewhat Unfair,Somewhat Disagree,Agree,Somewhat Disagree,Agree,Neutral,Strongly Disagree,Strongly Disagree
1435,906,70 up,Associate or Diploma,Female,,75000-100000,false,false,false,true,false,,hos,fairness first,Fair,Somewhat Agree,Somewhat Agree,Disagree,Agree,Somewhat Agree,Somewhat Agree,Somewhat Agree,Fair,Agree,Somewhat Disagree,Somewhat Agree,Somewhat Disagree,Somewhat Disagree,Somewhat Disagree,Somewhat Disagree,Somewhat Fair,Somewhat Disagree,Agree,Disagree,Somewhat Disagree,Somewhat Agree,Somewhat Agree,Somewhat Agree,Somewhat Fair,Somewhat Disagree,Somewhat Agree,Somewhat Agree,Somewhat Disagree,,Somewhat Agree,Somewhat Disagree,Fair,Somewhat Agree,Somewhat Agree,Agree,Somewhat Disagree,Somewhat Disagree,Somewhat Disagree,Somewhat Disagree,Very Fair,Agree,Somewhat Agree,Somewhat Agree,Somewhat Disagree,Somewhat Disagree,Somewhat Disagree,Somewhat Disagree,Fair,Somewhat Agree,Somewhat Disagree,Disagree,Disagree,Disagree,Somewhat Agree,Somewhat Agree,Very Fair,Somewhat Agree,Agree,Somewhat Disagree,Agree,Somewhat Agree,Somewhat Agree,Somewhat Agree
1436,974,30-39,High School,Female,,25000-50000,false,false,false,true,false,,hos,properties first,Very Unfair,Agree,Somewhat Disagree,Strongly Disagree,Somewhat Agree,Strongly Disagree,Disagree,Disagree,Very Unfair,Strongly Agree,Strongly Disagree,Disagree,Neutral,Neutral,Somewhat Agree,Somewhat Agree,Unfair,Agree,Strongly Disagree,Strongly Disagree,Neutral,Somewhat Agree,Somewhat Agree,Somewhat Agree,Unfair,Strongly Agree,Agree,Strongly Agree,Strongly Disagree,Strongly Disagree,Strongly Disagree,Somewhat Agree,Somewhat Unfair,Strongly Agree,Strongly Disagree,Strongly Agree,Neutral,Somewhat Disagree,Disagree,Somewhat Disagree,Fair,Agree,Strongly Disagree,Strongly Agree,Agree,Agree,Somewhat Agree,Somewhat Agree,Fair,Strongly Agree,Somewhat Agree,Somewhat Agree,Agree,Disagree,Somewhat Agree,Somewhat Disagree,Somewhat Fair,Agree,Agree,Agree,Somewhat Agree,Agree,Disagree,Somewhat Agree
1437,1013,30-39,Less than high School,Male,,25000-50000,false,false,false,true,false,,hos,properties first,Somewhat Fair,Agree,Agree,Strongly Disagree,Agree,Somewhat Disagree,Disagree,Neutral,Somewhat Unfair,Somewhat Agree,Agree,Strongly Agree,Neutral,Neutral,Somewhat Agree,Neutral,Somewhat Unfair,Somewhat Agree,Somewhat Agree,Strongly Disagree,Somewhat Disagree,Somewhat Agree,Somewhat Agree,Strongly Agree,Neutral,Agree,Agree,Agree,Neutral,Neutral,Somewhat Agree,Somewhat Agree,Neutral,Agree,Agree,Agree,Neutral,Disagree,Somewhat Disagree,Disagree,Neutral,Agree,Somewhat Agree,Neutral,Somewhat Disagree,Somewhat Disagree,Disagree,Somewhat Disagree,Somewhat Fair,Agree,Agree,Strongly Disagree,Neutral,Somewhat Disagree,Disagree,Disagree,Fair,Agree,Agree,Strongly Disagree,Strongly Agree,Disagree,Disagree,Disagree
1438,640,50-59,Bachelor,Female,,>100000,false,false,false,true,false,,hos,properties first,Very Fair,Agree,Disagree,Disagree,Somewhat Agree,Somewhat Agree,Neutral,Agree,Neutral,Agree,Disagree,Somewhat Agree,Somewhat Disagree,Neutral,Neutral,Agree,Neutral,Somewhat Agree,Disagree,Somewhat Disagree,Neutral,Somewhat Agree,Agree,Agree,Neutral,Somewhat Agree,Somewhat Disagree,Agree,Somewhat Disagree,Neutral,Neutral,Neutral,Neutral,Somewhat Agree,Somewhat Disagree,Disagree,Neutral,Somewhat Agree,Neutral,Somewhat Agree,Neutral,Agree,Somewhat Disagree,Somewhat Agree,Somewhat Agree,Somewhat Agree,Neutral,Somewhat Agree,Very Fair,Somewhat Agree,Somewhat Disagree,Disagree,Agree,Somewhat Agree,Somewhat Agree,Agree,Very Fair,Somewhat Agree,Neutral,Disagree,Somewhat Agree,Neutral,Neutral,Somewhat Agree
1439,2174,30-39,Bachelor,Male,,25000-50000,false,false,false,false,true,,hos,fairness first,Somewhat Fair,Somewhat Agree,Agree,Somewhat Agree,Agree,Somewhat Agree,Agree,Somewhat Agree,Somewhat Fair,Somewhat Agree,Agree,Somewhat Agree,Agree,Somewhat Agree,Agree,Somewhat Agree,Somewhat Fair,Somewhat Agree,Agree,Somewhat Agree,Somewhat Agree,Agree,Somewhat Agree,Agree,Somewhat Fair,Somewhat Agree,Agree,Somewhat Agree,Agree,Somewhat Agree,Agree,Somewhat Agree,Neutral,Somewhat Agree,Agree,Somewhat Agree,Agree,Somewhat Agree,Agree,Somewhat Agree,Neutral,Somewhat Agree,Agree,Somewhat Agree,Agree,Somewhat Agree,Agree,Somewhat Agree,Neutral,Somewhat Agree,Agree,Somewhat Agree,Neutral,Somewhat Agree,Agree,Somewhat Agree,Neutral,Somewhat Agree,Agree,Somewhat Agree,Agree,Somewhat Agree,Agree,Somewhat Agree
1440,487,30-39,Bachelor,Female,,50000-75000,false,false,false,true,false,,hos,fairness first,Very Fair,Strongly Agree,Disagree,Strongly Disagree,Somewhat Agree,Somewhat Disagree,Somewhat Agree,Strongly Agree,Very Fair,Strongly Agree,Disagree,Strongly Disagree,Disagree,Somewhat Agree,Somewhat Agree,Strongly Agree,Fair,Strongly Agree,Disagree,Strongly Disagree,Neutral,Agree,Agree,Strongly Agree,Somewhat Fair,Strongly Agree,Somewhat Disagree,Strongly Agree,Disagree,Neutral,Somewhat Agree,Disagree,Somewhat Fair,Strongly Agree,Disagree,Strongly Disagree,Somewhat Agree,Disagree,Somewhat Disagree,Strongly Disagree,Very Fair,Strongly Agree,Strongly Disagree,Agree,Neutral,Strongly Disagree,Strongly Disagree,Strongly Disagree,Somewhat Fair,Strongly Agree,Somewhat Disagree,Strongly Disagree,Somewhat Agree,Neutral,Disagree,Strongly Disagree,Very Fair,Agree,Strongly Agree,Strongly Disagree,Strongly Agree,Disagree,Neutral,Disagree
1441,1629,18-29,Graduate,Male,,>100000,false,true,false,false,false,,hos,properties first,Fair,Agree,Somewhat Agree,Disagree,Somewhat Disagree,Somewhat Agree,Somewhat Agree,Agree,Somewhat Unfair,Somewhat Agree,Somewhat Agree,Agree,Somewhat Disagree,Agree,Agree,Agree,Somewhat Unfair,Somewhat Agree,Somewhat Disagree,Disagree,Agree,Agree,Agree,Agree,Very Unfair,Somewhat Agree,Agree,Agree,Disagree,Somewhat Agree,Somewhat Agree,Somewhat Agree,Somewhat Unfair,Agree,Neutral,Agree,Somewhat Disagree,Somewhat Disagree,Somewhat Disagree,Disagree,Somewhat Fair,Agree,Somewhat Agree,,Disagree,Disagree,Disagree,Disagree,Somewhat Fair,Somewhat Agree,Agree,Disagree,Somewhat Disagree,Agree,Somewhat Disagree,Disagree,Very Fair,Agree,Somewhat Agree,Disagree,Agree,Somewhat Agree,Somewhat Disagree,Somewhat Disagree
1442,677,30-39,High School,Female,,<25000,false,false,false,true,false,,hos,fairness first,Very Fair,Agree,Strongly Disagree,Strongly Disagree,Strongly Agree,Strongly Disagree,Strongly Agree,Neutral,Very Fair,Somewhat Agree,Strongly Agree,Neutral,Somewhat Agree,Strongly Agree,Strongly Agree,Strongly Agree,Very Fair,Somewhat Agree,Strongly Disagree,Strongly Disagree,Somewhat Agree,Strongly Agree,Strongly Agree,Strongly Agree,Very Unfair,Somewhat Disagree,Strongly Agree,Somewhat Agree,Strongly Disagree,Somewhat Agree,Somewhat Agree,Somewhat Agree,Very Fair,Agree,Strongly Disagree,Strongly Disagree,Somewhat Agree,Strongly Disagree,Strongly Disagree,Strongly Disagree,Very Fair,Agree,Strongly Agree,Somewhat Agree,Strongly Agree,Strongly Disagree,Strongly Disagree,Strongly Disagree,Very Fair,Somewhat Agree,Strongly Disagree,Strongly Disagree,Somewhat Agree,Strongly Disagree,Strongly Disagree,Strongly Disagree,Very Fair,Agree,Strongly Agree,Strongly Disagree,Strongly Agree,Strongly Disagree,Strongly Agree,Strongly Agree
1443,695,18-29,Bachelor,Female,,>100000,false,true,false,true,false,,hos,fairness first,Fair,Somewhat Agree,Somewhat Agree,Strongly Disagree,Agree,Disagree,Disagree,Strongly Disagree,Fair,Agree,Somewhat Agree,Agree,Somewhat Agree,Disagree,Disagree,Strongly Disagree,Somewhat Fair,Somewhat Agree,Disagree,Somewhat Disagree,Somewhat Disagree,Neutral,Somewhat Disagree,Agree,Somewhat Fair,Somewhat Agree,Somewhat Agree,Strongly Agree,Neutral,Somewhat Disagree,Somewhat Disagree,Agree,Fair,Agree,Agree,Disagree,Agree,Disagree,Somewhat Disagree,Agree,Fair,Agree,Agree,Somewhat Agree,Somewhat Agree,Somewhat Disagree,Disagree,Somewhat Agree,Fair,Agree,Agree,Somewhat Agree,Somewhat Disagree,Disagree,Disagree,Somewhat Agree,Very Fair,Somewhat Agree,Agree,Somewhat Disagree,Somewhat Disagree,Disagree,Somewhat Agree,Agree
1444,2193,18-29,Bachelor,Male,,<25000,false,true,false,false,false,,hos,properties first,Somewhat Unfair,Somewhat Agree,Agree,Agree,Somewhat Agree,Neutral,Somewhat Agree,Agree,Somewhat Fair,Somewhat Agree,Agree,Strongly Agree,Agree,Somewhat Agree,Neutral,Somewhat Agree,Somewhat Fair,Agree,Somewhat Agree,Neutral,Somewhat Agree,Agree,Somewhat Agree,Neutral,Fair,Somewhat Agree,Neutral,Somewhat Agree,Agree,Somewhat Agree,Agree,Somewhat Agree,Neutral,Agree,Somewhat Agree,Neutral,Somewhat Agree,Agree,Somewhat Agree,Neutral,Somewhat Unfair,Somewhat Agree,Agree,Somewhat Agree,Neutral,Somewhat Agree,Agree,Somewhat Agree,Neutral,Somewhat Agree,Neutral,Somewhat Agree,Agree,Somewhat Agree,Neutral,Somewhat Agree,Somewhat Unfair,Agree,Somewhat Agree,Neutral,Agree,Somewhat Agree,Agree,Somewhat Agree
1445,409,18-29,Bachelor,Male,,75000-100000,false,false,false,true,false,,hos,properties first,Somewhat Fair,Strongly Agree,Agree,Somewhat Agree,Agree,Strongly Agree,Agree,Strongly Agree,Very Fair,Agree,Strongly Agree,Somewhat Agree,Agree,Strongly Agree,Agree,Somewhat Agree,Fair,Agree,Strongly Agree,Somewhat Agree,Strongly Agree,Agree,Somewhat Agree,Agree,Somewhat Fair,Agree,Somewhat Agree,Strongly Agree,Agree,Strongly Agree,Agree,Somewhat Agree,Fair,Agree,Somewhat Agree,Agree,Strongly Agree,Agree,Somewhat Agree,Agree,,Agree,Strongly Agree,Somewhat Agree,Agree,Somewhat Agree,Agree,Strongly Agree,Very Fair,Agree,Strongly Agree,Agree,Somewhat Agree,Agree,Strongly Agree,Strongly Agree,Fair,Somewhat Agree,Agree,Strongly Agree,Agree,Somewhat Agree,Agree,Somewhat Agree
1446,602,40-49,Bachelor,Male,,75000-100000,false,false,false,true,false,,hos,properties first,Very Fair,,,,,,,,Very Fair,Somewhat Agree,Neutral,Somewhat Agree,Neutral,Somewhat Agree,Neutral,Somewhat Agree,Fair,Somewhat Agree,Neutral,Somewhat Agree,Neutral,Somewhat Agree,Somewhat Agree,Somewhat Agree,Fair,Somewhat Agree,Neutral,Somewhat Agree,Neutral,Somewhat Agree,Agree,Somewhat Agree,Fair,Somewhat Agree,Neutral,Somewhat Agree,Neutral,Somewhat Agree,Neutral,Somewhat Agree,Fair,Agree,Somewhat Agree,Agree,Somewhat Agree,Agree,Somewhat Agree,Neutral,Fair,Somewhat Agree,Neutral,Somewhat Agree,Neutral,Somewhat Agree,Neutral,Somewhat Disagree,Very Fair,Neutral,Somewhat Agree,Neutral,Neutral,Somewhat Agree,Neutral,Somewhat Agree
1447,1566,50-59,Associate or Diploma,Female,,75000-100000,false,true,false,false,false,,hos,fairness first,Very Fair,Agree,Disagree,Disagree,Somewhat Agree,Somewhat Agree,Somewhat Agree,Agree,Somewhat Fair,Strongly Agree,Strongly Disagree,,Somewhat Agree,Somewhat Disagree,Disagree,Disagree,Neutral,Somewhat Agree,Somewhat Agree,Agree,Agree,Agree,Agree,Agree,Very Fair,Agree,Disagree,Disagree,Strongly Disagree,Disagree,Disagree,Disagree,Neutral,Strongly Agree,Strongly Disagree,Strongly Disagree,Neutral,Strongly Disagree,Strongly Disagree,Strongly Disagree,Fair,Strongly Agree,Strongly Disagree,Strongly Disagree,Neutral,Disagree,Disagree,Disagree,Very Fair,Strongly Agree,Strongly Disagree,Strongly Disagree,Neutral,Disagree,Disagree,Disagree,Very Fair,Agree,Disagree,Disagree,Agree,Disagree,Disagree,Disagree
1448,1017,40-49,Bachelor,Female,,25000-50000,false,false,false,true,false,,hos,properties first,Very Fair,Strongly Agree,Agree,Neutral,Somewhat Agree,Agree,Strongly Agree,Strongly Agree,Very Fair,Strongly Agree,Somewhat Agree,Agree,Neutral,Somewhat Agree,Agree,Strongly Agree,Fair,Strongly Agree,Agree,Somewhat Agree,Agree,Strongly Agree,Neutral,Agree,Fair,Strongly Agree,Agree,Somewhat Agree,Agree,Strongly Agree,Neutral,Strongly Agree,Very Fair,Strongly Agree,Agree,Somewhat Agree,Agree,Strongly Agree,Strongly Agree,Agree,Fair,Strongly Agree,Agree,Somewhat Agree,Neutral,Agree,Strongly Agree,Strongly Agree,Fair,Strongly Agree,Agree,Somewhat Agree,Agree,Neutral,Agree,Strongly Agree,Very Fair,Strongly Agree,Agree,Somewhat Agree,Somewhat Agree,Agree,Strongly Agree,Strongly Agree
1449,827,30-39,Bachelor,Male,,50000-75000,false,false,true,false,false,,hos,properties first,Very Fair,Agree,Strongly Agree,Neutral,Neutral,Agree,Somewhat Agree,Somewhat Disagree,Neutral,Somewhat Disagree,Somewhat Agree,Strongly Agree,Neutral,Agree,Somewhat Agree,Strongly Agree,Very Unfair,Neutral,Strongly Agree,Strongly Agree,Agree,Somewhat Disagree,Somewhat Agree,Agree,Somewhat Unfair,Neutral,Strongly Agree,Agree,Strongly Disagree,Neutral,Somewhat Agree,Neutral,Somewhat Fair,Somewhat Agree,Strongly Agree,Agree,Neutral,Strongly Agree,Somewhat Disagree,Somewhat Agree,Fair,Agree,Neutral,Strongly Agree,Somewhat Agree,Disagree,Agree,Somewhat Agree,Fair,Strongly Agree,Strongly Agree,Agree,Neutral,Agree,Somewhat Agree,Somewhat Agree,Very Fair,Agree,Strongly Agree,Somewhat Agree,Neutral,Neutral,Agree,Somewhat Agree
1450,1830,18-29,High School,Male,,>100000,false,false,false,true,false,,hos,properties first,Somewhat Fair,Agree,Agree,Agree,Agree,Neutral,Neutral,Neutral,Very Unfair,Somewhat Agree,Agree,Somewhat Agree,Agree,Agree,Agree,Somewhat Agree,Very Unfair,Somewhat Agree,Somewhat Agree,Somewhat Agree,Neutral,Neutral,Neutral,Neutral,Somewhat Unfair,Somewhat Disagree,Somewhat Agree,Strongly Agree,Neutral,Neutral,Neutral,Neutral,Neutral,Strongly Agree,Strongly Agree,Strongly Agree,Somewhat Disagree,Somewhat Disagree,Somewhat Disagree,Somewhat Disagree,Fair,Neutral,Agree,Agree,Agree,Agree,Agree,Agree,Unfair,Neutral,Neutral,Neutral,Neutral,Neutral,Neutral,Neutral,Fair,Strongly Agree,Strongly Agree,Strongly Agree,Somewhat Disagree,Strongly Agree,Somewhat Disagree,Somewhat Disagree
1451,1692,40-49,High School,Male,,<25000,false,false,false,true,false,,hos,fairness first,Somewhat Fair,Somewhat Agree,Neutral,Strongly Disagree,Agree,Somewhat Agree,Somewhat Agree,Strongly Disagree,Unfair,Strongly Agree,Disagree,Somewhat Agree,Neutral,Neutral,Somewhat Agree,Strongly Disagree,Unfair,Somewhat Agree,Disagree,Somewhat Disagree,Disagree,Somewhat Agree,Somewhat Agree,Strongly Disagree,Unfair,Neutral,Somewhat Disagree,Strongly Agree,Disagree,Neutral,Somewhat Disagree,Somewhat Agree,Somewhat Fair,Somewhat Agree,Neutral,Somewhat Agree,Agree,Neutral,Neutral,Neutral,Very Fair,Agree,Agree,Neutral,Agree,Somewhat Agree,Neutral,Disagree,Neutral,Somewhat Agree,Somewhat Agree,Somewhat Disagree,Agree,Somewhat Agree,Somewhat Disagree,Somewhat Disagree,Fair,Somewhat Agree,Strongly Agree,Strongly Disagree,Agree,Neutral,Disagree,Somewhat Disagree
1452,866,40-49,Associate or Diploma,Female,,25000-50000,false,false,false,true,false,,hos,fairness first,Very Fair,Agree,Agree,Strongly Disagree,Somewhat Agree,Agree,Somewhat Agree,Strongly Disagree,Very Fair,Agree,Agree,Agree,Neutral,Somewhat Agree,Somewhat Agree,Somewhat Disagree,Very Fair,Neutral,Somewhat Disagree,Strongly Disagree,Somewhat Disagree,Somewhat Agree,Somewhat Agree,Somewhat Disagree,Very Fair,Somewhat Agree,Agree,Agree,Somewhat Disagree,Agree,Agree,Agree,Very Fair,Agree,Agree,Strongly Agree,Agree,Neutral,Neutral,Agree,Very Fair,Somewhat Agree,Agree,Agree,Agree,Agree,Somewhat Agree,Somewhat Agree,Very Fair,Agree,Agree,Strongly Disagree,Strongly Agree,Strongly Agree,Agree,Somewhat Agree,Very Fair,Somewhat Agree,Somewhat Agree,Somewhat Agree,Agree,Agree,Agree,Neutral
1453,985,30-39,Graduate,Male,,50000-75000,false,false,false,true,false,,hos,fairness first,Fair,Agree,Agree,Strongly Disagree,Agree,Disagree,Somewhat Agree,Somewhat Agree,Unfair,Strongly Agree,Disagree,Strongly Disagree,Somewhat Disagree,Disagree,Somewhat Agree,Somewhat Agree,Very Unfair,Strongly Agree,Disagree,Strongly Disagree,Somewhat Disagree,Somewhat Agree,Strongly Agree,Strongly Agree,Very Unfair,Somewhat Agree,Agree,Agree,Somewhat Disagree,Neutral,Agree,Agree,Fair,Agree,Disagree,Disagree,Somewhat Disagree,Somewhat Disagree,Somewhat Disagree,Somewhat Disagree,Very Fair,Strongly Agree,Disagree,Disagree,Somewhat Agree,Disagree,Strongly Disagree,Strongly Disagree,Somewhat Unfair,Agree,Agree,Strongly Disagree,Disagree,Disagree,Somewhat Disagree,Disagree,Very Fair,Agree,Somewhat Agree,Strongly Disagree,Strongly Agree,Disagree,Strongly Disagree,Strongly Disagree
1454,654,30-39,Bachelor,Female,,25000-50000,false,false,false,true,false,,hos,fairness first,Fair,Strongly Agree,Somewhat Agree,Neutral,Somewhat Disagree,Neutral,Somewhat Agree,Strongly Disagree,Neutral,Agree,Somewhat Agree,Somewhat Agree,Neutral,Somewhat Disagree,Neutral,Agree,Very Unfair,Disagree,Disagree,Somewhat Agree,Somewhat Agree,Strongly Agree,Agree,Agree,Unfair,Agree,Agree,Somewhat Agree,Disagree,Somewhat Disagree,Disagree,Strongly Disagree,Somewhat Fair,Strongly Agree,Somewhat Agree,Neutral,Neutral,Somewhat Disagree,Somewhat Disagree,Disagree,Somewhat Fair,Somewhat Agree,Strongly Agree,Agree,Somewhat Disagree,Somewhat Disagree,Neutral,Somewhat Disagree,Somewhat Unfair,Agree,Agree,Somewhat Agree,Somewhat Agree,Agree,Somewhat Agree,Neutral,Somewhat Fair,Somewhat Agree,Agree,Agree,Somewhat Agree,Strongly Agree,Neutral,Somewhat Agree
1455,654,30-39,High School,Female,,25000-50000,false,false,false,true,false,,hos,fairness first,Somewhat Fair,Agree,Somewhat Disagree,Strongly Disagree,Agree,Somewhat Agree,Neutral,Neutral,Fair,Agree,Somewhat Agree,Neutral,Somewhat Agree,Somewhat Agree,Somewhat Agree,Somewhat Agree,Somewhat Fair,Agree,Somewhat Agree,Strongly Disagree,Somewhat Agree,Neutral,Neutral,Agree,Unfair,Agree,Somewhat Agree,Neutral,Somewhat Disagree,Disagree,Disagree,Somewhat Disagree,Unfair,Somewhat Agree,Neutral,Neutral,Disagree,Disagree,Disagree,Somewhat Disagree,Somewhat Fair,Agree,Somewhat Agree,Somewhat Agree,Neutral,Neutral,Somewhat Disagree,Somewhat Disagree,Fair,Agree,Agree,Somewhat Agree,Neutral,Somewhat Agree,Disagree,Somewhat Disagree,Somewhat Fair,Somewhat Agree,Agree,Disagree,Agree,Neutral,Neutral,Somewhat Disagree
1456,1156,30-39,Associate or Diploma,Male,,50000-75000,false,false,true,false,false,,hos,properties first,Fair,Strongly Agree,Strongly Agree,Strongly Disagree,Somewhat Agree,Disagree,Neutral,Neutral,Unfair,Strongly Agree,Somewhat Agree,Strongly Disagree,Disagree,Disagree,Neutral,Neutral,Very Unfair,Agree,Somewhat Agree,Strongly Disagree,Disagree,Neutral,Strongly Agree,Strongly Agree,Very Unfair,Disagree,Neutral,Strongly Disagree,Neutral,Strongly Disagree,Somewhat Agree,Somewhat Agree,Neutral,Agree,Somewhat Agree,Strongly Agree,Neutral,Agree,Somewhat Disagree,Somewhat Disagree,Fair,Agree,Somewhat Agree,Strongly Agree,Somewhat Agree,Disagree,Agree,Agree,Somewhat Fair,Strongly Agree,Strongly Agree,Somewhat Disagree,Somewhat Agree,Disagree,Agree,Somewhat Agree,Very Fair,Strongly Agree,Agree,Somewhat Disagree,Strongly Agree,Somewhat Agree,Agree,Agree
1457,2588,30-39,Bachelor,Male,,25000-50000,false,false,false,false,true,,hos,fairness first,Very Fair,Agree,Somewhat Agree,Strongly Agree,Somewhat Agree,Somewhat Disagree,Neutral,Somewhat Agree,Fair,Somewhat Agree,Somewhat Disagree,Disagree,Somewhat Agree,Agree,Somewhat Agree,Strongly Agree,Very Fair,Agree,Strongly Agree,Neutral,Somewhat Disagree,Disagree,Agree,Somewhat Agree,Fair,Somewhat Agree,Agree,Strongly Agree,Somewhat Agree,Somewhat Disagree,Disagree,Neutral,Somewhat Unfair,Agree,Somewhat Disagree,Agree,Strongly Agree,Somewhat Agree,Somewhat Disagree,Disagree,Very Fair,Somewhat Agree,Agree,Somewhat Disagree,Disagree,Somewhat Agree,Agree,Somewhat Agree,Somewhat Unfair,Strongly Agree,Neutral,Somewhat Disagree,Somewhat Agree,Agree,Strongly Agree,Agree,Fair,Somewhat Agree,Strongly Agree,Agree,Neutral,Somewhat Disagree,Disagree,Somewhat Agree
1458,709,30-39,Graduate,Male,,>100000,false,false,false,true,false,,hos,fairness first,Fair,Strongly Agree,Strongly Disagree,Strongly Disagree,Strongly Agree,Strongly Disagree,Strongly Disagree,Strongly Disagree,Very Unfair,Disagree,,Somewhat Agree,Disagree,Disagree,Somewhat Agree,Somewhat Agree,Very Unfair,Strongly Agree,Strongly Disagree,Strongly Disagree,Strongly Disagree,Somewhat Agree,Strongly Agree,Somewhat Agree,Somewhat Fair,Somewhat Agree,Somewhat Agree,Strongly Agree,Strongly Agree,Strongly Agree,,Somewhat Agree,Very Fair,Somewhat Agree,Strongly Agree,Somewhat Agree,Somewhat Disagree,Somewhat Agree,Somewhat Disagree,Somewhat Agree,Neutral,Strongly Agree,Strongly Agree,Strongly Agree,Somewhat Agree,Agree,Agree,Strongly Disagree,Very Fair,Somewhat Agree,Strongly Agree,Strongly Disagree,Agree,Agree,Strongly Disagree,Strongly Disagree,Very Fair,Strongly Agree,Strongly Agree,Strongly Disagree,Strongly Agree,Somewhat Agree,Somewhat Disagree,Somewhat Disagree
