Study ID,Completion Time (s),Respondent Age,Respondent Education,Respondent Gender,Respondent Gender Other,Respondent Income,Aboriginal,Asian,Black,Caucasian,Hispanic,Ethnicity Other,Domain,Question Order Version,Child Demographics,Child Demographics Reliability,Child Demographics Accuracy,Child Demographics Privacy,Child Demographics Volitionality,Child Demographics Causes Outcome,Child Demographics Causes Cycle,Child Demographics Causes Disparity,Child Demographics Caused by Group,Child CPS,Child CPS Reliability,Child CPS Accuracy,Child CPS Privacy,Child CPS Volitionality,Child CPS Causes Outcome,Child CPS Causes Cycle,Child CPS Causes Disparity,Child CPS Caused by Group,Child Justice,Child Justice Reliability,Child Justice Accuracy,Child Justice Privacy,Child Justice Volitionality,Child Justice Causes Outcome,Child Justice Causes Cycle,Child Justice Causes Disparity,Child Justice Caused by Group,Child Welfare,Child Welfare Reliability,Child Welfare Accuracy,Child Welfare Privacy,Child Welfare Volitionality,Child Welfare Causes Outcome,Child Welfare Causes Cycle,Child Welfare Causes Disparity,Child Welfare Caused by Group,Parent Demographics,Parent Demographics Reliability,Parent Demographics Accuracy,Parent Demographics Privacy,Parent Demographics Volitionality,Parent Demographics Causes Outcome,Parent Demographics Causes Cycle,Parent Demographics Causes Disparity,Parent Demographics Caused by Group,Parent Welfare,Parent Welfare Reliability,Parent Welfare Accuracy,Parent Welfare Privacy,Parent Welfare Volitionality,Parent Welfare Causes Outcome,Parent Welfare Causes Cycle,Parent Welfare Causes Disparity,Parent Welfare Caused by Group,Perp Demographics,Perp Demographics Reliability,Perp Demographics Accuracy,Perp Demographics Privacy,Perp Demographics Volitionality,Perp Demographics Causes Outcome,Perp Demographics Causes Cycle,Perp Demographics Causes Disparity,Perp Demographics Caused by Group,Perp Welfare,Perp Welfare Reliability,Perp Welfare Accuracy,Perp Welfare Privacy,Perp Welfare Volitionality,Perp Welfare Causes Outcome,Perp Welfare Causes Cycle,Perp Welfare Causes Disparity,Perp Welfare Caused by Group,All CPS,All CPS Reliability,All CPS Accuracy,All CPS Privacy,All CPS Volitionality,All CPS Causes Outcome,All CPS Causes Cycle,All CPS Causes Disparity,All CPS Caused by Group,All Health,All Health Reliability,All Health Accuracy,All Health Privacy,All Health Volitionality,All Health Causes Outcome,All Health Causes Cycle,All Health Causes Disparity,All Health Caused by Group
1861,1283,40-49,Bachelor,Female,,50000-75000,false,false,false,true,false,,cps,properties first,Fair,Somewhat Agree,Somewhat Disagree,Neutral,Agree,Somewhat Agree,Neutral,Disagree,Somewhat Agree,Somewhat Fair,Somewhat Agree,Neutral,Somewhat Disagree,Neutral,Disagree,Somewhat Disagree,Neutral,Somewhat Agree,Fair,Neutral,Somewhat Disagree,Somewhat Agree,Agree,Strongly Agree,Agree,Somewhat Agree,Neutral,Somewhat Fair,Neutral,Somewhat Disagree,Somewhat Agree,Neutral,,Somewhat Agree,Agree,Strongly Agree,Neutral,Agree,Neutral,Somewhat Agree,Agree,Strongly Agree,Somewhat Disagree,Somewhat Agree,Neutral,Very Fair,Agree,Somewhat Disagree,Somewhat Agree,Neutral,Somewhat Agree,Strongly Agree,Agree,Somewhat Agree,Fair,Somewhat Agree,Somewhat Disagree,Neutral,Agree,Agree,Somewhat Agree,Neutral,Somewhat Agree,Somewhat Fair,Somewhat Agree,Somewhat Disagree,Neutral,Somewhat Agree,Agree,Strongly Agree,Somewhat Agree,Neutral,Somewhat Unfair,Neutral,Somewhat Disagree,Somewhat Agree,Neutral,Somewhat Agree,Neutral,Somewhat Disagree,Neutral,Somewhat Fair,Neutral,Somewhat Disagree,Agree,Somewhat Agree,Neutral,Somewhat Disagree,Somewhat Agree,Agree
1862,307,30-39,Bachelor,Female,,<25000,false,true,false,false,false,,cps,fairness first,Neutral,Agree,Agree,Strongly Agree,Agree,Somewhat Agree,Agree,Agree,Strongly Agree,Fair,Agree,Agree,Strongly Agree,Strongly Agree,Agree,Agree,Somewhat Agree,Agree,Neutral,Agree,Somewhat Agree,Agree,Agree,Somewhat Agree,Agree,Agree,Somewhat Agree,Somewhat Fair,Agree,Somewhat Agree,Agree,Strongly Agree,Strongly Agree,Agree,Agree,,Fair,Somewhat Agree,Agree,Agree,Agree,Somewhat Agree,Agree,Agree,Strongly Agree,Somewhat Unfair,Somewhat Agree,Agree,Agree,Somewhat Agree,Agree,Agree,Somewhat Agree,Agree,Somewhat Fair,Agree,Somewhat Agree,Agree,Strongly Agree,Strongly Agree,Agree,Somewhat Agree,Agree,Somewhat Fair,Agree,Agree,Somewhat Agree,Agree,Agree,Somewhat Agree,Agree,Somewhat Agree,Neutral,Agree,Somewhat Agree,Agree,Agree,Somewhat Agree,Agree,Agree,,Neutral,Somewhat Agree,Agree,Agree,Somewhat Agree,Agree,Agree,Somewhat Agree,Agree
1863,3127,30-39,Associate or Diploma,Female,,25000-50000,false,false,false,true,false,,cps,properties first,Somewhat Unfair,Somewhat Agree,Somewhat Agree,Disagree,Somewhat Disagree,Neutral,Somewhat Agree,Somewhat Agree,Neutral,Somewhat Fair,Neutral,Neutral,Agree,Neutral,Somewhat Agree,Neutral,Neutral,Neutral,Somewhat Fair,Neutral,Neutral,Somewhat Agree,Neutral,Somewhat Agree,Somewhat Agree,Somewhat Agree,Neutral,Somewhat Fair,Neutral,Neutral,Neutral,Neutral,Somewhat Agree,Neutral,Neutral,Neutral,Somewhat Unfair,Somewhat Agree,Somewhat Agree,Somewhat Disagree,Disagree,Somewhat Disagree,Agree,Agree,Somewhat Agree,Somewhat Fair,Neutral,Neutral,Somewhat Agree,Neutral,Somewhat Agree,Neutral,Neutral,Somewhat Disagree,Somewhat Unfair,Somewhat Agree,Somewhat Agree,Neutral,Disagree,Disagree,Somewhat Agree,Somewhat Agree,Somewhat Agree,Somewhat Fair,Neutral,Neutral,Neutral,Neutral,Neutral,Somewhat Agree,Somewhat Agree,Neutral,Somewhat Fair,Neutral,Neutral,Somewhat Agree,Neutral,Somewhat Agree,Somewhat Agree,Somewhat Agree,Neutral,Somewhat Fair,Neutral,Neutral,Agree,Neutral,Somewhat Disagree,Somewhat Agree,Somewhat Agree,Neutral
1864,712,18-29,High School,,transfemale,25000-50000,false,false,false,true,false,,cps,fairness first,Somewhat Unfair,Strongly Agree,Agree,Strongly Agree,Strongly Agree,Agree,Strongly Agree,Agree,Strongly Agree,Somewhat Fair,Agree,Strongly Agree,Agree,Agree,Strongly Agree,Strongly Agree,Agree,Strongly Agree,Somewhat Fair,Agree,Agree,Strongly Agree,Strongly Agree,Agree,Strongly Agree,Agree,Strongly Agree,Somewhat Unfair,Somewhat Agree,Somewhat Agree,Agree,,Somewhat Agree,Agree,Strongly Agree,Agree,Fair,Strongly Agree,Strongly Agree,Agree,Strongly Agree,Strongly Agree,Agree,Strongly Agree,Agree,Fair,Strongly Agree,Agree,Strongly Agree,Agree,Strongly Agree,Strongly Agree,Strongly Agree,Strongly Agree,Somewhat Fair,Agree,,Strongly Agree,Strongly Agree,Agree,Strongly Agree,Strongly Agree,Agree,Fair,Agree,Strongly Agree,Strongly Agree,Agree,Strongly Agree,,Strongly Agree,Agree,Somewhat Fair,Strongly Agree,Strongly Agree,Strongly Agree,Agree,Strongly Agree,Strongly Agree,Strongly Agree,Agree,Somewhat Fair,Somewhat Agree,Agree,Agree,Agree,Strongly Agree,Strongly Agree,Agree,Strongly Agree
1866,2460,40-49,Bachelor,Female,,25000-50000,false,false,false,true,false,,cps,fairness first,Fair,Disagree,Somewhat Disagree,Somewhat Disagree,Somewhat Disagree,Neutral,Neutral,Somewhat Agree,Somewhat Agree,Somewhat Fair,Disagree,Disagree,Somewhat Disagree,Neutral,Somewhat Agree,Somewhat Agree,Neutral,Neutral,Neutral,Somewhat Disagree,Neutral,Somewhat Agree,Neutral,Somewhat Disagree,Neutral,Somewhat Agree,Somewhat Agree,Somewhat Unfair,Somewhat Agree,Neutral,Somewhat Disagree,Somewhat Disagree,Neutral,Neutral,Neutral,Somewhat Disagree,Unfair,Somewhat Disagree,Neutral,Somewhat Agree,Agree,Somewhat Agree,Neutral,Somewhat Disagree,Neutral,Unfair,Somewhat Agree,Neutral,Somewhat Disagree,Somewhat Disagree,Somewhat Disagree,Somewhat Agree,Somewhat Agree,Strongly Agree,Neutral,Somewhat Disagree,Neutral,Somewhat Agree,Neutral,Somewhat Disagree,Disagree,Neutral,Somewhat Agree,Unfair,Disagree,Somewhat Disagree,Neutral,Somewhat Agree,Agree,Somewhat Agree,Neutral,Somewhat Disagree,Neutral,Disagree,Somewhat Disagree,Neutral,Somewhat Agree,Neutral,Somewhat Agree,Somewhat Agree,Neutral,Fair,Somewhat Disagree,Neutral,Somewhat Disagree,Neutral,Somewhat Disagree,Neutral,Somewhat Agree,Somewhat Disagree
1871,1379,18-29,High School,Female,,25000-50000,false,false,false,true,false,,cps,fairness first,Somewhat Unfair,Agree,Disagree,Somewhat Disagree,Disagree,Disagree,Somewhat Agree,Somewhat Agree,Somewhat Agree,Fair,Agree,Somewhat Agree,Agree,Disagree,Somewhat Disagree,Somewhat Disagree,Disagree,Disagree,Somewhat Fair,Agree,Neutral,Disagree,Somewhat Disagree,Disagree,Somewhat Disagree,Disagree,Disagree,Somewhat Unfair,Agree,Disagree,Agree,Somewhat Agree,Disagree,Disagree,Disagree,Disagree,Somewhat Unfair,Somewhat Agree,Disagree,Somewhat Agree,Disagree,Disagree,Somewhat Agree,Somewhat Agree,Somewhat Agree,Somewhat Unfair,Agree,Disagree,Somewhat Disagree,Somewhat Agree,Disagree,Somewhat Agree,Neutral,Somewhat Disagree,Somewhat Unfair,Agree,Disagree,Somewhat Disagree,Disagree,Disagree,Agree,Somewhat Agree,Agree,Somewhat Unfair,Agree,Disagree,Agree,Somewhat Agree,Disagree,Somewhat Agree,Somewhat Agree,Neutral,Somewhat Fair,Agree,Somewhat Agree,Neutral,Somewhat Disagree,Disagree,Somewhat Disagree,Disagree,Disagree,Somewhat Fair,Agree,Somewhat Agree,Agree,Somewhat Disagree,Neutral,Somewhat Disagree,Disagree,Disagree
1875,2193,18-29,Bachelor,Female,,50000-75000,false,false,false,true,true,,cps,fairness first,Fair,Agree,Somewhat Disagree,Neutral,Disagree,Disagree,Neutral,Agree,Agree,Fair,Somewhat Agree,Agree,Agree,Disagree,Somewhat Agree,Neutral,Neutral,Neutral,Unfair,Neutral,Neutral,Agree,Disagree,Neutral,Neutral,Somewhat Agree,Neutral,Unfair,Agree,Neutral,Agree,Disagree,Somewhat Disagree,Neutral,Agree,Neutral,Somewhat Unfair,Agree,Somewhat Disagree,Neutral,Somewhat Disagree,Somewhat Disagree,Neutral,Agree,Agree,Unfair,Somewhat Agree,Somewhat Disagree,Agree,Neutral,Somewhat Disagree,Somewhat Agree,Agree,Agree,Unfair,Agree,Somewhat Disagree,Neutral,Disagree,Disagree,Neutral,Agree,Agree,Unfair,Agree,Neutral,Agree,Disagree,Disagree,Neutral,Agree,Neutral,Fair,Somewhat Agree,Agree,Agree,Neutral,Neutral,Neutral,Somewhat Disagree,Somewhat Disagree,Fair,Somewhat Agree,Agree,Agree,Disagree,Neutral,Somewhat Disagree,Agree,Agree
1880,586,50-59,Bachelor,Female,,75000-100000,false,false,false,true,false,,cps,fairness first,Fair,Agree,Agree,Disagree,Disagree,Somewhat Disagree,Disagree,Disagree,Disagree,Very Fair,Agree,Agree,Somewhat Agree,Disagree,Agree,Neutral,Somewhat Agree,Somewhat Agree,Fair,Agree,,Neutral,Disagree,Disagree,,Somewhat Agree,Somewhat Agree,Fair,Somewhat Agree,Agree,Somewhat Agree,Disagree,Somewhat Agree,Neutral,Somewhat Agree,Somewhat Agree,Somewhat Fair,Agree,Agree,Disagree,Disagree,Somewhat Disagree,Disagree,Disagree,,Very Fair,Somewhat Agree,Agree,Somewhat Agree,Disagree,Somewhat Agree,Somewhat Disagree,Somewhat Agree,Somewhat Agree,Very Fair,Agree,Agree,Disagree,Disagree,Somewhat Disagree,Disagree,Disagree,Disagree,Fair,Agree,Strongly Agree,Somewhat Disagree,Disagree,Neutral,Somewhat Disagree,Neutral,Neutral,Very Fair,Agree,Strongly Agree,Somewhat Agree,Disagree,Agree,Neutral,Somewhat Agree,Somewhat Agree,Very Fair,Somewhat Agree,Agree,Somewhat Agree,Disagree,Somewhat Agree,Neutral,Somewhat Disagree,Somewhat Disagree
1885,1608,30-39,Graduate,Female,,25000-50000,false,false,false,true,false,,cps,fairness first,Unfair,Somewhat Agree,Neutral,Somewhat Agree,Somewhat Agree,Disagree,Agree,Strongly Agree,Strongly Agree,Very Fair,Agree,Agree,Strongly Agree,Somewhat Agree,Strongly Agree,Agree,Disagree,Disagree,Neutral,Agree,Neutral,Strongly Agree,Somewhat Agree,Somewhat Disagree,Agree,Somewhat Agree,Strongly Agree,Fair,Somewhat Agree,Somewhat Agree,Strongly Agree,Somewhat Agree,Somewhat Agree,Somewhat Agree,Somewhat Disagree,Somewhat Disagree,Unfair,Somewhat Agree,Disagree,Somewhat Agree,Somewhat Agree,Disagree,Agree,Strongly Agree,Strongly Agree,Fair,Somewhat Agree,Somewhat Agree,Strongly Agree,Somewhat Agree,Somewhat Agree,Agree,Somewhat Disagree,Somewhat Disagree,Somewhat Unfair,Somewhat Agree,Disagree,Somewhat Agree,Somewhat Agree,Disagree,Agree,Strongly Agree,Strongly Agree,Fair,Somewhat Agree,Somewhat Disagree,Strongly Agree,Somewhat Agree,Somewhat Disagree,Somewhat Agree,Somewhat Disagree,Somewhat Disagree,Fair,Somewhat Agree,Somewhat Agree,Strongly Agree,Somewhat Agree,Somewhat Agree,Agree,Somewhat Agree,Somewhat Agree,Fair,Agree,Somewhat Agree,Strongly Agree,Somewhat Agree,Somewhat Agree,Somewhat Agree,Agree,Agree
1886,1178,50-59,Bachelor,Female,,50000-75000,false,false,false,true,false,,cps,properties first,Very Fair,Strongly Agree,Strongly Agree,Somewhat Agree,Somewhat Disagree,Somewhat Disagree,Neutral,Somewhat Agree,Somewhat Agree,Very Fair,Strongly Agree,Strongly Agree,Disagree,Neutral,Agree,Neutral,Somewhat Disagree,Somewhat Agree,Neutral,Strongly Agree,Agree,Agree,Neutral,Neutral,Somewhat Agree,Agree,Agree,Very Fair,Strongly Agree,Strongly Agree,Neutral,Neutral,Somewhat Agree,Somewhat Disagree,Somewhat Agree,Somewhat Agree,Neutral,Agree,Somewhat Agree,Somewhat Disagree,Somewhat Disagree,Somewhat Disagree,Neutral,Agree,Neutral,Somewhat Fair,Somewhat Agree,Somewhat Agree,Neutral,Somewhat Disagree,Somewhat Agree,Neutral,Somewhat Agree,Somewhat Disagree,Somewhat Unfair,Strongly Agree,Strongly Agree,Somewhat Disagree,Neutral,Agree,Neutral,Somewhat Agree,Somewhat Agree,Somewhat Unfair,Agree,Agree,Somewhat Disagree,Neutral,Somewhat Agree,Somewhat Agree,Agree,Agree,Very Fair,Strongly Agree,Strongly Agree,Somewhat Disagree,Neutral,Somewhat Agree,Neutral,Somewhat Disagree,Somewhat Agree,Very Fair,Strongly Agree,Strongly Agree,Neutral,Disagree,Somewhat Agree,Neutral,Somewhat Disagree,Neutral
1887,2576,30-39,Associate or Diploma,Female,,50000-75000,false,false,false,true,false,,cps,properties first,Somewhat Fair,Agree,Somewhat Disagree,Agree,Strongly Disagree,Disagree,Somewhat Agree,Somewhat Agree,Somewhat Agree,Very Fair,Agree,Strongly Agree,Somewhat Disagree,Disagree,Strongly Agree,Somewhat Disagree,Disagree,Disagree,Fair,Strongly Agree,Agree,Agree,Strongly Disagree,Agree,Agree,Agree,Agree,Very Unfair,Agree,Disagree,Disagree,Strongly Disagree,Strongly Disagree,Strongly Agree,Strongly Agree,Disagree,Very Unfair,Strongly Agree,Disagree,Disagree,Strongly Disagree,Strongly Disagree,Agree,Strongly Agree,Strongly Agree,Very Unfair,Agree,Agree,Disagree,Disagree,Strongly Agree,Somewhat Agree,Disagree,Disagree,Very Unfair,Strongly Agree,Somewhat Disagree,Strongly Disagree,Strongly Disagree,Strongly Disagree,Somewhat Agree,Somewhat Agree,Somewhat Agree,Very Unfair,Disagree,Strongly Disagree,Agree,Disagree,Disagree,Agree,Strongly Agree,Somewhat Agree,Very Fair,Agree,Strongly Agree,Agree,Strongly Disagree,Somewhat Agree,Agree,Disagree,Disagree,Unfair,Strongly Disagree,Strongly Disagree,Strongly Agree,Strongly Disagree,Strongly Disagree,Strongly Agree,Strongly Agree,Somewhat Agree
1890,1308,18-29,Bachelor,Female,,75000-100000,false,false,false,false,true,,cps,fairness first,Very Unfair,Strongly Agree,Agree,Disagree,Strongly Disagree,Agree,Somewhat Agree,Somewhat Agree,Strongly Agree,Very Fair,Strongly Agree,Agree,Strongly Disagree,Somewhat Agree,Strongly Agree,Agree,Agree,Neutral,Somewhat Fair,Somewhat Agree,Somewhat Agree,Neutral,Neutral,Agree,Somewhat Agree,Strongly Agree,Somewhat Agree,Somewhat Fair,Neutral,Somewhat Agree,Neutral,Neutral,Agree,Somewhat Agree,Agree,Agree,Fair,Agree,Neutral,Strongly Disagree,Somewhat Disagree,Somewhat Agree,Somewhat Agree,Somewhat Agree,Strongly Agree,Somewhat Fair,Neutral,Somewhat Disagree,Agree,Neutral,Strongly Agree,Somewhat Agree,Agree,Agree,Fair,Strongly Agree,Neutral,Strongly Disagree,Disagree,Somewhat Agree,Neutral,Somewhat Agree,Strongly Agree,Somewhat Fair,Neutral,Neutral,Disagree,Somewhat Disagree,Agree,Agree,Agree,Strongly Agree,Very Fair,Strongly Agree,Agree,Strongly Disagree,Somewhat Agree,Strongly Agree,Agree,Agree,Neutral,Very Fair,Somewhat Disagree,Neutral,Neutral,Neutral,Strongly Agree,Somewhat Agree,Somewhat Agree,Somewhat Disagree
1892,2852,18-29,Bachelor,Female,,75000-100000,false,true,false,true,false,,cps,properties first,Neutral,Somewhat Agree,Neutral,Somewhat Agree,Somewhat Disagree,Somewhat Disagree,Neutral,Neutral,Neutral,Somewhat Fair,Somewhat Agree,Somewhat Agree,Agree,Neutral,Somewhat Agree,Somewhat Agree,Neutral,Neutral,Neutral,Somewhat Agree,Somewhat Agree,Agree,Somewhat Agree,Somewhat Agree,Somewhat Agree,Somewhat Agree,Somewhat Agree,Somewhat Fair,Somewhat Agree,Somewhat Agree,Agree,Somewhat Agree,Somewhat Agree,Somewhat Agree,Somewhat Agree,Somewhat Agree,Neutral,Somewhat Agree,Neutral,Somewhat Agree,Somewhat Disagree,Neutral,Neutral,Somewhat Agree,Somewhat Agree,Somewhat Fair,Somewhat Agree,Somewhat Agree,Agree,Neutral,Somewhat Agree,Neutral,Neutral,Neutral,Somewhat Unfair,Somewhat Agree,Somewhat Agree,Agree,Somewhat Agree,Somewhat Agree,Somewhat Agree,Somewhat Agree,Neutral,Somewhat Fair,Somewhat Agree,Somewhat Agree,Agree,Neutral,Somewhat Agree,Somewhat Agree,Somewhat Agree,Somewhat Agree,Somewhat Fair,Somewhat Agree,Somewhat Agree,Agree,Neutral,Somewhat Agree,Somewhat Agree,Somewhat Agree,Somewhat Agree,Somewhat Fair,Somewhat Agree,Somewhat Agree,Agree,Somewhat Agree,Somewhat Agree,Somewhat Agree,Somewhat Agree,Somewhat Agree
1895,1701,18-29,Bachelor,Female,,<25000,false,true,false,false,false,,cps,properties first,Neutral,Agree,Strongly Agree,Agree,Somewhat Agree,,Agree,Strongly Agree,Agree,Unfair,Somewhat Agree,Agree,Somewhat Agree,Agree,Agree,Somewhat Agree,Agree,Somewhat Agree,Somewhat Unfair,Strongly Agree,Somewhat Agree,Agree,Agree,Strongly Agree,Somewhat Agree,Agree,Agree,Somewhat Fair,Agree,Strongly Agree,Somewhat Agree,Strongly Agree,Agree,Agree,Strongly Agree,Agree,Somewhat Fair,Neutral,Agree,Somewhat Agree,Somewhat Agree,Strongly Agree,Agree,Agree,Somewhat Agree,Neutral,Agree,Somewhat Agree,Agree,Strongly Agree,Agree,Somewhat Agree,Strongly Agree,Agree,Unfair,Agree,Strongly Agree,Neutral,Agree,Strongly Agree,Somewhat Agree,Agree,Somewhat Agree,Somewhat Unfair,Agree,Strongly Agree,Agree,Somewhat Agree,Agree,Agree,Somewhat Agree,Strongly Agree,Somewhat Unfair,Agree,Strongly Agree,Somewhat Agree,Agree,Agree,Strongly Agree,Agree,Somewhat Agree,Fair,Somewhat Agree,Agree,Agree,Somewhat Agree,Agree,Somewhat Agree,Strongly Agree,Agree
1897,558,40-49,High School,Female,,25000-50000,false,false,false,true,true,,cps,properties first,Neutral,Agree,Agree,Disagree,Disagree,Neutral,Somewhat Agree,Agree,Agree,Fair,Agree,Agree,Disagree,Disagree,Agree,Somewhat Agree,Agree,Somewhat Disagree,Somewhat Unfair,Somewhat Agree,Agree,Somewhat Disagree,Disagree,Agree,Somewhat Agree,Agree,Somewhat Agree,Fair,Somewhat Agree,Agree,Somewhat Disagree,Somewhat Disagree,Agree,Somewhat Agree,Somewhat Agree,Disagree,Unfair,Agree,Agree,Disagree,Disagree,Somewhat Agree,Somewhat Agree,Agree,Somewhat Agree,Unfair,Somewhat Agree,Neutral,Disagree,Disagree,Somewhat Agree,Somewhat Agree,Agree,Somewhat Agree,Unfair,Somewhat Agree,Neutral,Disagree,Disagree,Somewhat Agree,Somewhat Agree,Agree,Agree,Unfair,Agree,Somewhat Disagree,Disagree,Disagree,Somewhat Agree,Agree,Agree,Agree,Somewhat Fair,Somewhat Agree,Somewhat Agree,Disagree,Disagree,Somewhat Agree,Somewhat Agree,Somewhat Agree,Neutral,Somewhat Fair,Neutral,Somewhat Agree,Disagree,Disagree,Somewhat Agree,Somewhat Agree,Agree,Somewhat Agree
1898,1248,18-29,Graduate,Female,,<25000,false,false,false,true,false,,cps,properties first,Very Unfair,Agree,Disagree,Neutral,Strongly Disagree,Strongly Disagree,Agree,Agree,Agree,Very Fair,Agree,Strongly Agree,Somewhat Disagree,Strongly Disagree,Strongly Agree,Disagree,Disagree,Disagree,Very Unfair,Agree,Neutral,Neutral,Strongly Disagree,Somewhat Agree,Agree,Agree,Somewhat Agree,Very Fair,Somewhat Agree,Agree,Somewhat Disagree,Strongly Agree,Strongly Agree,Disagree,Disagree,Agree,Very Unfair,Agree,Disagree,Neutral,Strongly Disagree,Strongly Disagree,Strongly Agree,Strongly Agree,Agree,Fair,Agree,Somewhat Disagree,Neutral,Strongly Disagree,,Agree,Somewhat Agree,Agree,Very Unfair,Agree,Disagree,Disagree,Strongly Disagree,Strongly Disagree,Strongly Agree,Strongly Agree,Strongly Agree,Fair,Somewhat Agree,Agree,Neutral,Strongly Disagree,Agree,Disagree,Disagree,Somewhat Agree,Neutral,Agree,Neutral,Neutral,Strongly Disagree,Somewhat Agree,Agree,Agree,Agree,Unfair,Agree,Somewhat Disagree,Neutral,Strongly Disagree,Somewhat Agree,Somewhat Agree,Somewhat Agree,Neutral
1903,2505,30-39,Bachelor,Female,,25000-50000,true,false,false,false,false,,cps,fairness first,Somewhat Unfair,Agree,Somewhat Agree,Somewhat Disagree,Neutral,Somewhat Disagree,Disagree,Somewhat Disagree,Somewhat Disagree,Very Fair,Strongly Agree,Strongly Agree,Agree,Agree,Agree,Neutral,Somewhat Disagree,Somewhat Disagree,Fair,Agree,Agree,Agree,Somewhat Agree,Agree,Disagree,Somewhat Disagree,Neutral,Fair,Somewhat Agree,Agree,Agree,Agree,Strongly Agree,Somewhat Disagree,Neutral,Somewhat Disagree,Somewhat Unfair,Somewhat Agree,Neutral,Disagree,Disagree,Neutral,Disagree,Somewhat Disagree,Somewhat Disagree,Very Fair,Agree,Strongly Agree,Somewhat Agree,Somewhat Agree,Agree,Neutral,Somewhat Disagree,Somewhat Disagree,Somewhat Unfair,Agree,Somewhat Disagree,Somewhat Disagree,Disagree,Somewhat Disagree,Strongly Disagree,Somewhat Agree,Neutral,Fair,Agree,Strongly Agree,Neutral,Somewhat Agree,Agree,Somewhat Disagree,Neutral,Neutral,Fair,Neutral,Somewhat Agree,Somewhat Disagree,Neutral,Agree,Somewhat Disagree,Neutral,Neutral,Somewhat Fair,Somewhat Agree,Somewhat Agree,Agree,Somewhat Agree,Agree,Somewhat Disagree,Neutral,Neutral
1905,2118,18-29,High School,Female,,<25000,false,false,false,false,true,,cps,fairness first,Fair,Somewhat Agree,Somewhat Agree,Neutral,Neutral,Neutral,Somewhat Disagree,Somewhat Disagree,Somewhat Disagree,Fair,Agree,Agree,Disagree,Somewhat Disagree,Neutral,Neutral,Somewhat Disagree,Somewhat Disagree,Somewhat Unfair,Disagree,Disagree,Agree,Agree,Agree,Agree,Agree,Agree,Unfair,Disagree,Disagree,Neutral,Somewhat Agree,Somewhat Agree,Somewhat Agree,Strongly Agree,Strongly Agree,Fair,Somewhat Agree,Somewhat Agree,Neutral,Neutral,Neutral,Somewhat Disagree,Somewhat Disagree,Somewhat Disagree,Fair,Somewhat Agree,Agree,Somewhat Disagree,Somewhat Disagree,Neutral,Somewhat Disagree,Somewhat Disagree,Somewhat Disagree,Fair,Somewhat Agree,Somewhat Agree,Neutral,Neutral,Neutral,Somewhat Disagree,Somewhat Disagree,Somewhat Disagree,Fair,Agree,Agree,Somewhat Disagree,Neutral,Neutral,Disagree,Somewhat Disagree,Somewhat Disagree,Unfair,Disagree,Somewhat Disagree,Somewhat Agree,Somewhat Agree,Agree,Somewhat Agree,Agree,Agree,Unfair,Disagree,Disagree,Neutral,Somewhat Agree,Agree,Agree,Agree,Agree
1910,1359,18-29,Bachelor,Nonbinary,,<25000,false,false,false,true,false,,cps,fairness first,Very Unfair,Neutral,Strongly Disagree,Agree,Neutral,Strongly Disagree,Strongly Agree,Strongly Agree,Strongly Agree,Somewhat Fair,Somewhat Agree,Agree,Strongly Agree,Somewhat Agree,Disagree,Agree,Strongly Agree,Strongly Agree,Unfair,Neutral,Strongly Disagree,Agree,Strongly Agree,Disagree,Strongly Agree,Strongly Agree,Strongly Agree,Unfair,Somewhat Agree,Strongly Disagree,Agree,Somewhat Agree,Disagree,Strongly Agree,Strongly Agree,Strongly Agree,Very Unfair,Neutral,Strongly Disagree,Agree,Neutral,Strongly Disagree,Strongly Agree,Strongly Agree,Strongly Agree,Unfair,Somewhat Agree,Strongly Disagree,Agree,Somewhat Agree,Strongly Disagree,Agree,Strongly Agree,Strongly Agree,Very Unfair,Neutral,Strongly Disagree,Agree,Neutral,Strongly Disagree,Strongly Agree,Strongly Agree,Strongly Agree,Unfair,Somewhat Agree,Disagree,Agree,Somewhat Agree,Strongly Disagree,Agree,Strongly Agree,Strongly Agree,Somewhat Fair,Somewhat Agree,Agree,Strongly Agree,Somewhat Agree,Somewhat Disagree,Agree,Somewhat Agree,Agree,Somewhat Unfair,Somewhat Disagree,Disagree,Strongly Agree,Agree,Disagree,Strongly Agree,Strongly Agree,Strongly Agree
1911,910,50-59,Associate or Diploma,Female,,<25000,false,false,false,true,false,,cps,fairness first,Neutral,Agree,Somewhat Agree,Somewhat Disagree,Disagree,Somewhat Disagree,Somewhat Disagree,Neutral,Somewhat Disagree,Fair,Somewhat Agree,Agree,Somewhat Agree,Somewhat Disagree,Agree,Neutral,Somewhat Disagree,Somewhat Disagree,Somewhat Fair,Agree,Agree,Somewhat Agree,Somewhat Disagree,Somewhat Disagree,Disagree,Somewhat Disagree,Somewhat Disagree,Very Fair,Agree,Somewhat Agree,Agree,,Somewhat Agree,Somewhat Disagree,Somewhat Disagree,Disagree,Somewhat Fair,Agree,Somewhat Agree,Somewhat Disagree,Somewhat Disagree,Somewhat Agree,Somewhat Disagree,Neutral,Somewhat Disagree,Very Fair,Agree,Agree,Somewhat Agree,Somewhat Disagree,Agree,Somewhat Disagree,Somewhat Disagree,Somewhat Disagree,Somewhat Fair,Somewhat Agree,Somewhat Agree,Somewhat Disagree,Neutral,Somewhat Disagree,Somewhat Disagree,Somewhat Disagree,Disagree,Very Fair,Agree,Somewhat Agree,Somewhat Disagree,Somewhat Disagree,Somewhat Agree,Disagree,Somewhat Disagree,Somewhat Agree,Somewhat Fair,Somewhat Agree,Agree,Somewhat Agree,Somewhat Disagree,Somewhat Agree,Somewhat Disagree,Somewhat Disagree,Somewhat Disagree,Somewhat Fair,Agree,Agree,Somewhat Agree,Somewhat Disagree,Somewhat Agree,Somewhat Disagree,Neutral,Somewhat Disagree
1913,1195,30-39,High School,Female,,<25000,false,true,false,true,false,,cps,properties first,Very Fair,Strongly Agree,Somewhat Agree,Somewhat Disagree,Strongly Disagree,Somewhat Agree,Neutral,Neutral,Neutral,Very Fair,Agree,Strongly Agree,Neutral,Agree,Strongly Agree,Neutral,Somewhat Agree,Somewhat Disagree,Very Fair,Strongly Agree,Strongly Agree,Agree,Disagree,Strongly Agree,Somewhat Agree,Somewhat Agree,Agree,Very Fair,Somewhat Agree,Agree,Strongly Agree,Strongly Disagree,Strongly Agree,Agree,Somewhat Agree,Somewhat Agree,Somewhat Unfair,Strongly Agree,Agree,Somewhat Disagree,Strongly Disagree,Agree,Neutral,Agree,Agree,Very Fair,Agree,Agree,Strongly Agree,Strongly Disagree,Strongly Agree,Neutral,Agree,Strongly Agree,Very Fair,Strongly Agree,Strongly Agree,Disagree,Strongly Disagree,Agree,Neutral,Neutral,Neutral,Very Fair,Agree,Strongly Agree,Agree,Strongly Disagree,Strongly Agree,Agree,Agree,Agree,Neutral,Agree,Agree,Somewhat Agree,Strongly Disagree,Strongly Agree,Agree,Somewhat Agree,Agree,Neutral,Somewhat Disagree,Neutral,Agree,Somewhat Agree,Strongly Agree,Disagree,Agree,Somewhat Disagree
1916,2815,18-29,Bachelor,Female,,<25000,false,true,false,false,false,,cps,properties first,Very Unfair,Somewhat Agree,Neutral,Somewhat Disagree,Strongly Disagree,Disagree,Somewhat Disagree,Disagree,Somewhat Disagree,Neutral,Somewhat Disagree,Strongly Disagree,Somewhat Disagree,Neutral,Somewhat Disagree,Agree,Disagree,Strongly Disagree,Very Unfair,Somewhat Agree,Neutral,Somewhat Disagree,Disagree,Somewhat Disagree,Disagree,Somewhat Disagree,Neutral,Unfair,Somewhat Agree,Neutral,Somewhat Disagree,Disagree,Somewhat Disagree,Neutral,Somewhat Disagree,Neutral,Neutral,Neutral,Somewhat Disagree,Disagree,Somewhat Disagree,Neutral,Disagree,Somewhat Disagree,Disagree,Somewhat Unfair,Neutral,Somewhat Disagree,Disagree,Somewhat Disagree,Neutral,Somewhat Agree,Neutral,Agree,Very Unfair,Agree,Neutral,Somewhat Disagree,Neutral,Somewhat Disagree,Somewhat Agree,Somewhat Disagree,Disagree,Unfair,Disagree,Somewhat Disagree,Neutral,Somewhat Agree,Neutral,Somewhat Disagree,Disagree,Somewhat Disagree,Somewhat Fair,Neutral,Somewhat Agree,Disagree,Somewhat Agree,Somewhat Disagree,Neutral,Somewhat Disagree,Disagree,Somewhat Unfair,Neutral,Somewhat Disagree,Disagree,Somewhat Disagree,Disagree,Somewhat Disagree,Disagree,Somewhat Disagree
1920,1802,18-29,Bachelor,,,25000-50000,false,true,false,false,false,,cps,fairness first,Somewhat Fair,Somewhat Agree,Agree,Neutral,Somewhat Agree,Agree,Neutral,Somewhat Agree,Agree,Somewhat Fair,Somewhat Agree,Neutral,Agree,Neutral,Somewhat Agree,Agree,Neutral,Somewhat Agree,Fair,Somewhat Disagree,Neutral,Somewhat Agree,Agree,Neutral,Agree,Somewhat Agree,Somewhat Disagree,Somewhat Fair,Somewhat Agree,Somewhat Disagree,Somewhat Agree,Strongly Agree,Neutral,Somewhat Agree,Somewhat Disagree,Somewhat Agree,Somewhat Fair,Somewhat Agree,Neutral,Agree,Somewhat Agree,Neutral,Agree,Somewhat Agree,Neutral,Fair,Neutral,Somewhat Disagree,Neutral,Agree,Somewhat Agree,Neutral,Somewhat Agree,Neutral,Fair,Somewhat Agree,Neutral,Agree,Somewhat Agree,Neutral,Somewhat Agree,Neutral,Agree,Somewhat Fair,Neutral,Somewhat Agree,Agree,Somewhat Agree,Agree,Somewhat Agree,Neutral,Somewhat Agree,Somewhat Fair,Somewhat Agree,Neutral,Agree,Somewhat Agree,Somewhat Agree,Agree,Neutral,Somewhat Agree,Somewhat Fair,Neutral,Somewhat Agree,Neutral,Agree,Neutral,Agree,Neutral,Somewhat Agree
1922,934,70 up,Associate or Diploma,Female,,75000-100000,false,false,false,true,false,,cps,properties first,Somewhat Fair,Neutral,Somewhat Agree,Agree,Somewhat Agree,Agree,Neutral,Agree,Somewhat Agree,Very Fair,Neutral,Somewhat Agree,Agree,Somewhat Agree,Agree,Neutral,Agree,Somewhat Agree,Somewhat Fair,Agree,Strongly Agree,Strongly Agree,Neutral,Agree,Neutral,Neutral,Neutral,Neutral,Somewhat Agree,Neutral,Strongly Agree,Somewhat Agree,Agree,Agree,Agree,Somewhat Agree,Fair,Somewhat Agree,Agree,Strongly Agree,Neutral,Agree,Agree,Somewhat Agree,Somewhat Agree,Very Fair,Agree,Somewhat Agree,Strongly Agree,Somewhat Agree,Agree,Somewhat Agree,Somewhat Agree,Somewhat Agree,Neutral,Somewhat Agree,Neutral,Strongly Agree,Neutral,Agree,Somewhat Agree,Somewhat Agree,Somewhat Agree,Neutral,Somewhat Agree,Agree,Agree,Neutral,Agree,Somewhat Agree,Neutral,Neutral,Very Fair,Neutral,Somewhat Disagree,Agree,Neutral,Somewhat Disagree,Somewhat Disagree,Neutral,Neutral,Somewhat Fair,Agree,Agree,Strongly Agree,Somewhat Agree,Agree,Somewhat Agree,Somewhat Agree,Somewhat Agree
1923,313,18-29,High School,Female,,25000-50000,false,false,false,true,false,,cps,properties first,Somewhat Fair,Strongly Agree,Strongly Agree,Strongly Agree,Agree,Agree,Somewhat Agree,Somewhat Agree,Somewhat Agree,Somewhat Fair,Strongly Agree,Strongly Agree,Strongly Agree,Strongly Agree,Strongly Agree,Somewhat Agree,Somewhat Agree,Somewhat Agree,Fair,Agree,Agree,Agree,Agree,Agree,Strongly Agree,Agree,Agree,Somewhat Fair,Strongly Agree,Strongly Agree,Strongly Agree,Agree,Agree,Agree,Somewhat Agree,Somewhat Agree,Very Fair,Agree,Agree,Agree,Agree,Agree,Agree,Strongly Agree,Strongly Agree,Very Fair,Agree,Agree,Strongly Agree,Agree,Agree,Agree,Strongly Agree,Strongly Agree,Very Fair,Strongly Agree,Strongly Agree,Strongly Agree,Agree,Agree,Agree,Strongly Agree,Strongly Agree,Somewhat Fair,Agree,Agree,Agree,Agree,Agree,Agree,Strongly Agree,Strongly Agree,Very Fair,Agree,Agree,Agree,Somewhat Agree,Somewhat Agree,Somewhat Agree,Somewhat Agree,Somewhat Agree,Somewhat Fair,Agree,Agree,Agree,Agree,Agree,Agree,Strongly Agree,Strongly Agree
1926,2475,18-29,Bachelor,Female,,<25000,false,true,false,false,false,,cps,properties first,Unfair,Somewhat Agree,Neutral,Somewhat Disagree,Disagree,Somewhat Disagree,Agree,Disagree,Somewhat Disagree,Unfair,Neutral,Somewhat Disagree,Disagree,Somewhat Disagree,Neutral,Somewhat Agree,Somewhat Disagree,Neutral,Very Unfair,Neutral,Somewhat Disagree,Disagree,Somewhat Disagree,Disagree,Somewhat Disagree,Disagree,Somewhat Disagree,Unfair,Neutral,Somewhat Disagree,Somewhat Agree,Neutral,Somewhat Disagree,Neutral,Somewhat Disagree,Disagree,Very Unfair,Somewhat Agree,Somewhat Disagree,Disagree,Somewhat Disagree,Neutral,Agree,Somewhat Agree,Neutral,Fair,Neutral,Somewhat Disagree,Somewhat Agree,Disagree,Strongly Disagree,Somewhat Disagree,Somewhat Agree,Somewhat Disagree,Somewhat Unfair,Somewhat Agree,Strongly Agree,Somewhat Disagree,Disagree,Somewhat Disagree,Disagree,Somewhat Disagree,Disagree,Somewhat Unfair,Agree,Somewhat Disagree,Disagree,Strongly Disagree,Neutral,Somewhat Agree,Somewhat Disagree,Disagree,Somewhat Unfair,Somewhat Disagree,Disagree,Somewhat Disagree,Neutral,Somewhat Disagree,Neutral,Disagree,Somewhat Disagree,Unfair,Strongly Disagree,Somewhat Disagree,Disagree,Somewhat Agree,Neutral,Somewhat Disagree,Somewhat Agree,Neutral
1929,574,30-39,Bachelor,Female,,25000-50000,false,false,false,true,false,,cps,properties first,Neutral,Disagree,Neutral,Disagree,Somewhat Disagree,Disagree,Somewhat Disagree,Somewhat Disagree,Neutral,Neutral,Neutral,Somewhat Disagree,Somewhat Disagree,Neutral,Somewhat Disagree,Neutral,Somewhat Disagree,Somewhat Disagree,Somewhat Fair,Disagree,Neutral,Disagree,Disagree,Neutral,Somewhat Disagree,Somewhat Disagree,Somewhat Disagree,Neutral,Neutral,Somewhat Disagree,Disagree,Somewhat Disagree,Disagree,Somewhat Disagree,Somewhat Disagree,Neutral,Somewhat Fair,Disagree,Neutral,Somewhat Disagree,Disagree,Somewhat Disagree,Disagree,Neutral,Somewhat Disagree,Neutral,Somewhat Disagree,Neutral,Somewhat Disagree,Disagree,Somewhat Disagree,Somewhat Disagree,Neutral,Disagree,Neutral,Somewhat Disagree,Somewhat Disagree,Somewhat Disagree,Somewhat Disagree,Somewhat Disagree,Somewhat Disagree,Somewhat Disagree,Neutral,Somewhat Fair,Disagree,Neutral,Disagree,Somewhat Disagree,Disagree,Somewhat Disagree,Disagree,Somewhat Disagree,Neutral,Disagree,Neutral,Somewhat Disagree,Disagree,Somewhat Disagree,Disagree,Disagree,Somewhat Disagree,Neutral,Somewhat Disagree,Neutral,Disagree,Somewhat Disagree,Somewhat Disagree,Somewhat Disagree,Somewhat Disagree,Neutral
1931,1828,30-39,Bachelor,Female,,25000-50000,false,true,false,false,false,,cps,properties first,Neutral,Strongly Agree,Strongly Agree,Strongly Agree,Strongly Agree,Strongly Agree,Strongly Agree,Somewhat Agree,Strongly Agree,Somewhat Fair,Strongly Agree,Strongly Agree,Agree,Strongly Agree,Strongly Agree,Agree,Somewhat Agree,Strongly Agree,Somewhat Fair,Agree,Strongly Agree,Strongly Agree,Strongly Agree,Agree,Strongly Agree,Agree,Strongly Agree,Very Fair,Strongly Agree,Strongly Agree,Strongly Agree,Strongly Agree,,Somewhat Agree,Strongly Agree,Strongly Agree,Fair,Strongly Agree,Strongly Agree,Strongly Agree,Strongly Agree,Strongly Agree,Strongly Agree,Somewhat Agree,Strongly Agree,Neutral,Agree,Agree,Strongly Agree,Agree,,Agree,Somewhat Agree,Agree,Fair,Agree,Strongly Agree,Strongly Agree,,Agree,Agree,Strongly Agree,Strongly Agree,Fair,Strongly Agree,Strongly Agree,Strongly Agree,Strongly Agree,Strongly Agree,Strongly Agree,Agree,Strongly Agree,Neutral,Strongly Agree,Strongly Agree,Strongly Agree,Strongly Agree,Strongly Agree,Strongly Agree,Agree,Strongly Agree,Fair,Strongly Agree,Strongly Agree,Strongly Agree,Strongly Agree,Strongly Agree,Somewhat Agree,Neutral,Strongly Agree
1943,2639,50-59,Bachelor,Female,,<25000,false,false,false,true,false,,cps,properties first,Somewhat Fair,Agree,Neutral,Somewhat Agree,Neutral,Disagree,Agree,Agree,Somewhat Agree,Fair,Agree,Agree,Agree,Neutral,Neutral,Agree,Somewhat Agree,Somewhat Agree,Fair,Agree,Agree,Agree,Neutral,Neutral,Somewhat Agree,Somewhat Agree,Somewhat Agree,Fair,Agree,Agree,Agree,Neutral,Neutral,Somewhat Agree,Somewhat Agree,Somewhat Agree,Somewhat Fair,Agree,Agree,Agree,Neutral,Somewhat Disagree,Agree,Agree,Somewhat Agree,Fair,Agree,Somewhat Agree,Agree,Neutral,Somewhat Disagree,Agree,Somewhat Agree,Somewhat Agree,Fair,Agree,Neutral,Somewhat Agree,Neutral,Neutral,Agree,Agree,Somewhat Agree,Fair,Agree,Agree,Somewhat Agree,Neutral,Neutral,Somewhat Agree,Somewhat Agree,Neutral,Fair,Agree,Agree,Agree,Neutral,Neutral,Agree,Somewhat Agree,Somewhat Agree,Fair,Agree,Agree,Agree,Somewhat Agree,Neutral,Somewhat Agree,Somewhat Agree,Somewhat Agree
1944,604,40-49,Associate or Diploma,Female,,50000-75000,false,false,false,true,false,,cps,properties first,Somewhat Unfair,Strongly Agree,Strongly Agree,Somewhat Disagree,Somewhat Agree,Strongly Agree,Somewhat Disagree,Somewhat Disagree,Somewhat Agree,Very Fair,Strongly Agree,Strongly Agree,Somewhat Disagree,Somewhat Agree,Strongly Agree,Somewhat Disagree,Somewhat Disagree,Somewhat Agree,Very Fair,Strongly Agree,Strongly Agree,Somewhat Disagree,Agree,Strongly Agree,Somewhat Disagree,Somewhat Disagree,Somewhat Agree,Very Fair,Strongly Agree,Strongly Agree,Somewhat Disagree,Strongly Agree,Strongly Agree,Somewhat Disagree,Somewhat Agree,Somewhat Agree,Somewhat Unfair,Strongly Agree,Strongly Agree,Somewhat Disagree,Somewhat Agree,Strongly Agree,Somewhat Disagree,Somewhat Disagree,Somewhat Agree,Very Fair,Strongly Agree,Strongly Agree,Somewhat Disagree,Somewhat Agree,Strongly Agree,Somewhat Disagree,Somewhat Disagree,Somewhat Agree,Somewhat Unfair,Strongly Agree,Strongly Agree,Somewhat Disagree,Somewhat Agree,Strongly Agree,Somewhat Disagree,Somewhat Disagree,Somewhat Agree,Very Fair,Strongly Agree,Strongly Agree,Somewhat Disagree,Somewhat Agree,Strongly Agree,Somewhat Disagree,Somewhat Disagree,Somewhat Agree,Very Fair,Somewhat Agree,Strongly Agree,Somewhat Disagree,Somewhat Disagree,Strongly Agree,Somewhat Disagree,Somewhat Disagree,Somewhat Agree,Very Fair,Strongly Agree,Strongly Agree,Somewhat Disagree,Somewhat Agree,Strongly Agree,Somewhat Disagree,Somewhat Disagree,Somewhat Agree
1951,673,40-49,Bachelor,Female,,75000-100000,false,false,false,true,false,,cps,fairness first,Fair,Somewhat Agree,Agree,Somewhat Disagree,Disagree,Somewhat Agree,Somewhat Disagree,Somewhat Disagree,Somewhat Agree,Very Fair,Agree,Agree,Disagree,Somewhat Agree,Agree,Neutral,Somewhat Agree,Somewhat Agree,Somewhat Fair,Somewhat Agree,Somewhat Agree,Somewhat Disagree,Disagree,Somewhat Agree,Somewhat Disagree,Somewhat Disagree,Somewhat Agree,Fair,Somewhat Agree,Agree,Disagree,Agree,Agree,Somewhat Agree,Somewhat Agree,Somewhat Agree,Somewhat Fair,Somewhat Agree,Neutral,Disagree,Disagree,Neutral,Somewhat Disagree,Disagree,Somewhat Disagree,Fair,Somewhat Agree,Agree,,Neutral,Agree,Somewhat Disagree,Somewhat Agree,Somewhat Agree,Somewhat Unfair,Somewhat Agree,Strongly Agree,,Disagree,Agree,Disagree,Somewhat Disagree,Somewhat Disagree,Fair,Somewhat Agree,Agree,Disagree,Somewhat Agree,Agree,Neutral,Neutral,Somewhat Agree,Fair,Neutral,Somewhat Agree,Somewhat Disagree,Neutral,Agree,Somewhat Agree,Somewhat Agree,Somewhat Agree,Somewhat Fair,Somewhat Agree,Somewhat Agree,Somewhat Disagree,Somewhat Agree,Agree,Somewhat Agree,Somewhat Agree,Agree
1953,2087,50-59,High School,Female,,50000-75000,false,false,false,true,false,,cps,fairness first,Fair,Agree,Agree,Agree,Agree,Agree,Agree,Agree,Agree,Fair,Agree,Agree,Agree,Agree,Agree,Somewhat Agree,Somewhat Agree,Somewhat Agree,Fair,Agree,Agree,Agree,Agree,Agree,Agree,Agree,Agree,Fair,Somewhat Agree,Somewhat Agree,Agree,Agree,Agree,Agree,Somewhat Agree,Somewhat Agree,Fair,Agree,Agree,Agree,Strongly Agree,Agree,Somewhat Agree,Agree,Agree,Fair,Agree,Agree,Strongly Agree,Strongly Agree,Agree,Agree,Agree,Agree,Fair,Agree,Agree,Agree,Agree,Agree,Agree,Agree,Agree,Fair,Agree,Agree,Agree,Agree,Agree,Agree,Agree,Agree,Fair,Agree,Agree,Agree,Agree,Agree,Agree,Agree,Agree,Somewhat Fair,Agree,Agree,Strongly Agree,Strongly Agree,Agree,Neutral,Neutral,Somewhat Agree
1954,2069,18-29,High School,Female,,<25000,false,false,true,false,false,,cps,fairness first,Somewhat Fair,Neutral,Neutral,Somewhat Agree,Somewhat Disagree,Neutral,Somewhat Agree,Somewhat Agree,Neutral,Fair,Somewhat Agree,Strongly Agree,Neutral,Neutral,Agree,Somewhat Agree,Somewhat Agree,Neutral,Fair,Neutral,Somewhat Agree,Neutral,Somewhat Disagree,Somewhat Agree,Agree,Agree,Neutral,Fair,Somewhat Agree,Somewhat Agree,Neutral,Somewhat Disagree,Agree,Somewhat Agree,Somewhat Agree,Neutral,Somewhat Fair,Agree,Somewhat Agree,Somewhat Disagree,Neutral,Agree,Somewhat Agree,Somewhat Agree,Somewhat Agree,Very Fair,Agree,Somewhat Agree,Somewhat Disagree,Somewhat Disagree,Somewhat Agree,Neutral,Somewhat Agree,Neutral,Somewhat Fair,Somewhat Agree,Agree,Somewhat Disagree,Neutral,Agree,Somewhat Agree,Somewhat Agree,Neutral,Very Fair,Agree,Somewhat Agree,Neutral,Somewhat Disagree,Agree,Somewhat Agree,Somewhat Agree,Neutral,Fair,Somewhat Agree,Strongly Agree,Neutral,Neutral,Agree,Somewhat Agree,Somewhat Agree,Neutral,Neutral,Somewhat Disagree,Neutral,Somewhat Agree,Somewhat Disagree,Agree,Agree,Agree,Somewhat Agree
1955,1804,30-39,Associate or Diploma,Female,,25000-50000,false,false,false,true,false,,cps,properties first,Somewhat Fair,Somewhat Agree,Agree,Strongly Agree,Strongly Agree,Agree,Somewhat Agree,Disagree,Somewhat Agree,Fair,Strongly Agree,Strongly Agree,Agree,Somewhat Agree,Agree,Somewhat Agree,Somewhat Disagree,Agree,Somewhat Fair,Strongly Agree,Strongly Agree,Agree,Somewhat Agree,Agree,,Somewhat Disagree,Agree,Very Fair,Somewhat Agree,Somewhat Agree,Strongly Agree,Agree,Somewhat Agree,Somewhat Agree,Somewhat Disagree,Agree,Unfair,Strongly Agree,Strongly Agree,Agree,Agree,Somewhat Agree,,Somewhat Disagree,Agree,Very Fair,Agree,Somewhat Agree,Agree,Agree,Somewhat Agree,Neutral,Disagree,Somewhat Agree,Neutral,Agree,Strongly Agree,Agree,Disagree,,Neutral,Somewhat Disagree,Strongly Agree,Fair,Strongly Agree,Strongly Agree,Somewhat Disagree,Somewhat Agree,Agree,Somewhat Agree,Disagree,Somewhat Agree,Fair,Somewhat Agree,Agree,Strongly Agree,Agree,Somewhat Agree,Somewhat Agree,Disagree,Strongly Agree,Fair,Agree,Strongly Agree,Strongly Agree,Agree,Somewhat Agree,Somewhat Agree,Somewhat Disagree,Agree
1956,2356,30-39,Graduate,Female,,<25000,false,true,false,false,false,,cps,properties first,Very Fair,Somewhat Agree,Agree,Strongly Agree,Strongly Agree,Strongly Agree,Somewhat Agree,Agree,Agree,Very Fair,Strongly Agree,Strongly Agree,Strongly Agree,Strongly Agree,Strongly Agree,Strongly Agree,Strongly Agree,Strongly Agree,Very Fair,Strongly Agree,Agree,Somewhat Agree,Agree,Strongly Agree,Somewhat Agree,Neutral,Agree,Very Fair,Strongly Agree,Agree,Somewhat Agree,Agree,Strongly Agree,Strongly Agree,Somewhat Agree,Strongly Agree,Very Fair,Strongly Agree,Strongly Agree,Strongly Agree,Strongly Agree,Strongly Agree,Strongly Agree,Strongly Agree,Strongly Agree,Very Fair,Somewhat Agree,Agree,Strongly Agree,Agree,Somewhat Agree,Somewhat Agree,Agree,Strongly Agree,Very Fair,Strongly Agree,Somewhat Agree,Somewhat Agree,Agree,Somewhat Agree,Agree,Strongly Agree,Agree,Very Fair,Somewhat Agree,Agree,Strongly Agree,Somewhat Agree,Neutral,Agree,Somewhat Agree,Strongly Agree,Very Fair,Agree,Somewhat Agree,Agree,Agree,Somewhat Agree,Strongly Agree,Neutral,Agree,Very Fair,Strongly Agree,Agree,Somewhat Agree,Agree,Strongly Agree,Agree,Strongly Agree,Strongly Agree
1957,1389,40-49,Graduate,Female,,>100000,false,false,true,false,false,,cps,fairness first,Very Unfair,Agree,Neutral,Agree,Agree,Agree,Agree,Agree,Agree,Very Unfair,Agree,Neutral,Agree,Agree,Agree,Agree,Agree,Neutral,Unfair,Disagree,Disagree,Agree,Agree,Agree,Agree,Agree,Agree,Very Unfair,Agree,Neutral,Agree,Agree,Agree,Agree,Agree,Agree,Unfair,Agree,Neutral,Agree,Agree,Agree,Agree,Agree,Neutral,Very Unfair,Agree,Neutral,Agree,Agree,Agree,Agree,Agree,Somewhat Agree,Unfair,Agree,Neutral,Agree,Agree,Agree,Agree,Somewhat Agree,Somewhat Agree,Unfair,Agree,Neutral,Agree,Agree,Agree,Agree,Agree,Somewhat Agree,Unfair,Agree,Neutral,Agree,Agree,Agree,Agree,Agree,Somewhat Agree,Very Unfair,Agree,Disagree,Agree,Agree,Agree,Agree,Agree,Agree
1958,2217,30-39,High School,Female,,50000-75000,false,false,false,true,false,,cps,properties first,Somewhat Unfair,Agree,Agree,Strongly Agree,Disagree,Somewhat Disagree,Somewhat Disagree,Disagree,Disagree,Neutral,Agree,Strongly Agree,Strongly Agree,Disagree,Strongly Agree,Neutral,Strongly Disagree,Strongly Disagree,Neutral,Somewhat Agree,Somewhat Agree,Strongly Agree,Disagree,Neutral,Neutral,Disagree,Disagree,Neutral,Strongly Agree,Strongly Agree,Strongly Agree,Disagree,Strongly Agree,Somewhat Agree,Strongly Disagree,Strongly Disagree,Somewhat Unfair,Agree,Somewhat Agree,Strongly Agree,Disagree,Strongly Agree,Neutral,Disagree,Disagree,Unfair,Agree,Agree,Strongly Agree,Agree,Agree,Somewhat Disagree,Disagree,Disagree,Somewhat Unfair,Neutral,Neutral,Somewhat Disagree,Disagree,Disagree,Neutral,Strongly Disagree,Strongly Disagree,Unfair,Disagree,Somewhat Disagree,Strongly Agree,Disagree,Somewhat Agree,Disagree,Disagree,Disagree,Fair,Agree,Agree,Strongly Agree,Somewhat Disagree,Neutral,Neutral,Strongly Disagree,Strongly Disagree,Somewhat Fair,Agree,Agree,Agree,Disagree,Disagree,Disagree,Disagree,Disagree
